participant_id,group,channel,band,signed_relevance,absolute_relevance
sub-01,N,C3,alpha,-0.00553162,0.11298164
sub-01,N,C3,beta,0.07848217,0.119268775
sub-01,N,C3,delta,0.1987154,0.21351148
sub-01,N,C3,gamma,-0.056701217,0.113854825
sub-01,N,C3,theta,0.09639401,0.11193917
sub-01,N,C4,alpha,-0.046763033,0.14217104
sub-01,N,C4,beta,-0.033547025,0.117473744
sub-01,N,C4,delta,0.008763005,0.1021706
sub-01,N,C4,gamma,-0.00089528045,0.15929471
sub-01,N,C4,theta,0.08733543,0.1385733
sub-01,N,Cz,alpha,0.068524815,0.17148082
sub-01,N,Cz,beta,0.075925626,0.1849592
sub-01,N,Cz,delta,0.041236907,0.104993835
sub-01,N,Cz,gamma,0.07375183,0.15958618
sub-01,N,Cz,theta,-0.04945952,0.11006961
sub-01,N,F3,alpha,-0.073804446,0.13385239
sub-01,N,F3,beta,0.052430023,0.12353309
sub-01,N,F3,delta,-0.018695774,0.09503198
sub-01,N,F3,gamma,-0.017599918,0.13058051
sub-01,N,F3,theta,0.042173754,0.08705988
sub-01,N,F4,alpha,-0.02427392,0.12614065
sub-01,N,F4,beta,0.013174861,0.14929774
sub-01,N,F4,delta,-0.018608075,0.08903552
sub-01,N,F4,gamma,0.14905494,0.23380768
sub-01,N,F4,theta,0.028039722,0.0910243
sub-01,N,F7,alpha,-0.1323675,0.23637402
sub-01,N,F7,beta,-0.19849612,0.21474613
sub-01,N,F7,delta,0.012707123,0.16283993
sub-01,N,F7,gamma,-0.124145955,0.14723298
sub-01,N,F7,theta,-0.2095293,0.32085744
sub-01,N,F8,alpha,0.016700966,0.13744774
sub-01,N,F8,beta,-0.17521843,0.20005654
sub-01,N,F8,delta,-0.07886946,0.14134093
sub-01,N,F8,gamma,-0.015086289,0.06771761
sub-01,N,F8,theta,-0.033513613,0.13667898
sub-01,N,Fp1,alpha,-0.09990138,0.16251807
sub-01,N,Fp1,beta,-0.08312704,0.20845523
sub-01,N,Fp1,delta,0.072487175,0.08422593
sub-01,N,Fp1,gamma,-0.10208928,0.18792762
sub-01,N,Fp1,theta,0.01601033,0.067919455
sub-01,N,Fp2,alpha,-0.15059982,0.19732733
sub-01,N,Fp2,beta,0.023334187,0.22400177
sub-01,N,Fp2,delta,0.1276902,0.14715657
sub-01,N,Fp2,gamma,-0.10705096,0.19702622
sub-01,N,Fp2,theta,-0.048035454,0.099114396
sub-01,N,Fz,alpha,-0.095181964,0.173066
sub-01,N,Fz,beta,-0.04176428,0.13940269
sub-01,N,Fz,delta,-0.0351965,0.10422666
sub-01,N,Fz,gamma,-0.055523664,0.17141958
sub-01,N,Fz,theta,0.072014146,0.118980244
sub-01,N,O1,alpha,-0.20225035,0.25525412
sub-01,N,O1,beta,-0.036795378,0.09996734
sub-01,N,O1,delta,0.09391154,0.13336167
sub-01,N,O1,gamma,-0.20900337,0.23753418
sub-01,N,O1,theta,0.026406927,0.11787289
sub-01,N,O2,alpha,-0.25620648,0.29015833
sub-01,N,O2,beta,-0.06513244,0.1327129
sub-01,N,O2,delta,0.30102104,0.31401017
sub-01,N,O2,gamma,-0.008909183,0.12686677
sub-01,N,O2,theta,0.14644751,0.17448151
sub-01,N,P3,alpha,-0.095793955,0.16085897
sub-01,N,P3,beta,-0.047002625,0.11724883
sub-01,N,P3,delta,0.012763025,0.107076384
sub-01,N,P3,gamma,0.10259436,0.16213322
sub-01,N,P3,theta,-0.034001734,0.17366494
sub-01,N,P4,alpha,-0.02336339,0.11971833
sub-01,N,P4,beta,-0.27260244,0.30687776
sub-01,N,P4,delta,0.030123618,0.102242455
sub-01,N,P4,gamma,0.06543442,0.11073988
sub-01,N,P4,theta,-0.035020366,0.16182576
sub-01,N,Pz,alpha,-0.051644605,0.15055604
sub-01,N,Pz,beta,-0.028823841,0.10158799
sub-01,N,Pz,delta,-0.08804928,0.13035688
sub-01,N,Pz,gamma,0.019569224,0.09041182
sub-01,N,Pz,theta,-0.1433383,0.174228
sub-02,N,C3,alpha,0.0030574345,0.07965346
sub-02,N,C3,beta,0.07693066,0.1271931
sub-02,N,C3,delta,0.14709485,0.15846212
sub-02,N,C3,gamma,-0.03838831,0.1678974
sub-02,N,C3,theta,0.07010922,0.0815169
sub-02,N,C4,alpha,-0.034153953,0.09364214
sub-02,N,C4,beta,-0.03498682,0.112379245
sub-02,N,C4,delta,0.0045462227,0.08813475
sub-02,N,C4,gamma,0.063113704,0.28395495
sub-02,N,C4,theta,0.038454555,0.08316199
sub-02,N,Cz,alpha,0.056459825,0.1431192
sub-02,N,Cz,beta,0.09775687,0.19321154
sub-02,N,Cz,delta,0.030397793,0.11381833
sub-02,N,Cz,gamma,0.07072956,0.19251774
sub-02,N,Cz,theta,-0.044518307,0.10134384
sub-02,N,F3,alpha,-0.06178338,0.105464965
sub-02,N,F3,beta,0.046765625,0.11061955
sub-02,N,F3,delta,-0.038078323,0.115325354
sub-02,N,F3,gamma,-0.0038751878,0.14491215
sub-02,N,F3,theta,0.027468609,0.0749613
sub-02,N,F4,alpha,0.02948534,0.065120965
sub-02,N,F4,beta,0.0096648,0.14173937
sub-02,N,F4,delta,-0.00042608194,0.056647204
sub-02,N,F4,gamma,0.107687905,0.22329919
sub-02,N,F4,theta,0.003969193,0.046858273
sub-02,N,F7,alpha,-0.12184026,0.17266788
sub-02,N,F7,beta,-0.25112116,0.2766136
sub-02,N,F7,delta,-0.0039373725,0.12963274
sub-02,N,F7,gamma,-0.15125242,0.24226065
sub-02,N,F7,theta,-0.2218155,0.27816388
sub-02,N,F8,alpha,0.014142765,0.09773043
sub-02,N,F8,beta,-0.2495969,0.30516258
sub-02,N,F8,delta,-0.07119355,0.10919414
sub-02,N,F8,gamma,0.13016883,0.23331101
sub-02,N,F8,theta,-0.047185957,0.10335872
sub-02,N,Fp1,alpha,-0.10781641,0.16694838
sub-02,N,Fp1,beta,-0.044429142,0.14973854
sub-02,N,Fp1,delta,0.12746578,0.15765391
sub-02,N,Fp1,gamma,-0.107336365,0.1507318
sub-02,N,Fp1,theta,0.0348177,0.09512091
sub-02,N,Fp2,alpha,-0.09841884,0.14038491
sub-02,N,Fp2,beta,0.032712985,0.21345402
sub-02,N,Fp2,delta,0.10682578,0.13024464
sub-02,N,Fp2,gamma,-0.09586461,0.19437882
sub-02,N,Fp2,theta,-0.039697513,0.071451195
sub-02,N,Fz,alpha,-0.044861984,0.12960953
sub-02,N,Fz,beta,-0.023033297,0.14208744
sub-02,N,Fz,delta,-0.053185128,0.12294891
sub-02,N,Fz,gamma,-0.12964882,0.21751408
sub-02,N,Fz,theta,0.0592078,0.10406113
sub-02,N,O1,alpha,-0.17118879,0.205834
sub-02,N,O1,beta,0.01651807,0.15279165
sub-02,N,O1,delta,0.077168375,0.09984883
sub-02,N,O1,gamma,-0.28891638,0.37643966
sub-02,N,O1,theta,0.027019368,0.08178759
sub-02,N,O2,alpha,-0.17017049,0.19847392
sub-02,N,O2,beta,-0.029982673,0.15220343
sub-02,N,O2,delta,0.35670725,0.3672991
sub-02,N,O2,gamma,-0.055985402,0.16784166
sub-02,N,O2,theta,0.17302649,0.20103136
sub-02,N,P3,alpha,-0.058919914,0.13192958
sub-02,N,P3,beta,-0.03236535,0.10559529
sub-02,N,P3,delta,0.006048518,0.10861093
sub-02,N,P3,gamma,0.14268354,0.22183165
sub-02,N,P3,theta,-0.040802047,0.14457133
sub-02,N,P4,alpha,-0.011699892,0.109531835
sub-02,N,P4,beta,-0.18192638,0.21173716
sub-02,N,P4,delta,0.010529886,0.103116184
sub-02,N,P4,gamma,0.08418652,0.14052117
sub-02,N,P4,theta,-0.04104946,0.12497697
sub-02,N,Pz,alpha,-0.03516759,0.12866928
sub-02,N,Pz,beta,-0.009788258,0.09921982
sub-02,N,Pz,delta,-0.0925294,0.14259039
sub-02,N,Pz,gamma,0.040371682,0.18785954
sub-02,N,Pz,theta,-0.13167827,0.15996927
sub-03,N,C3,alpha,-0.07348169,0.17278402
sub-03,N,C3,beta,0.060876347,0.097910665
sub-03,N,C3,delta,0.122484095,0.1336629
sub-03,N,C3,gamma,-0.023196679,0.090059415
sub-03,N,C3,theta,0.051256187,0.07173875
sub-03,N,C4,alpha,-0.06638708,0.1655514
sub-03,N,C4,beta,-0.029871022,0.10637995
sub-03,N,C4,delta,0.01791009,0.07161927
sub-03,N,C4,gamma,-0.012368678,0.08428919
sub-03,N,C4,theta,0.018183682,0.06194834
sub-03,N,Cz,alpha,0.06868213,0.19358389
sub-03,N,Cz,beta,0.05984109,0.17314194
sub-03,N,Cz,delta,0.0319943,0.09386435
sub-03,N,Cz,gamma,0.082041524,0.15654242
sub-03,N,Cz,theta,-0.038633946,0.09053362
sub-03,N,F3,alpha,-0.049634933,0.16828059
sub-03,N,F3,beta,0.022176052,0.08438445
sub-03,N,F3,delta,-0.030275308,0.08157991
sub-03,N,F3,gamma,0.010484342,0.08657062
sub-03,N,F3,theta,0.023774326,0.061838545
sub-03,N,F4,alpha,-0.09058177,0.20122184
sub-03,N,F4,beta,-0.018479563,0.10771259
sub-03,N,F4,delta,-0.011567725,0.09273647
sub-03,N,F4,gamma,0.013255898,0.07527661
sub-03,N,F4,theta,0.008075632,0.07787233
sub-03,N,F7,alpha,-0.15027876,0.27040967
sub-03,N,F7,beta,-0.18050547,0.21276028
sub-03,N,F7,delta,-0.020772656,0.11222542
sub-03,N,F7,gamma,-0.11717115,0.1643409
sub-03,N,F7,theta,-0.21953489,0.25230482
sub-03,N,F8,alpha,-0.037388165,0.1676578
sub-03,N,F8,beta,-0.14766641,0.19046754
sub-03,N,F8,delta,-0.050297048,0.09719386
sub-03,N,F8,gamma,0.05239122,0.13575324
sub-03,N,F8,theta,-0.04863991,0.085254215
sub-03,N,Fp1,alpha,-0.06813769,0.22286709
sub-03,N,Fp1,beta,-0.0023620664,0.114036836
sub-03,N,Fp1,delta,0.07260091,0.09340574
sub-03,N,Fp1,gamma,-0.089653805,0.11701592
sub-03,N,Fp1,theta,0.002982515,0.060324196
sub-03,N,Fp2,alpha,-0.14343396,0.24203026
sub-03,N,Fp2,beta,0.04111967,0.13903336
sub-03,N,Fp2,delta,0.09377136,0.109497145
sub-03,N,Fp2,gamma,-0.03607281,0.059707038
sub-03,N,Fp2,theta,-0.027146196,0.062357146
sub-03,N,Fz,alpha,-0.1238808,0.19889987
sub-03,N,Fz,beta,-0.043986943,0.12647778
sub-03,N,Fz,delta,-0.038325556,0.100131884
sub-03,N,Fz,gamma,-0.011903343,0.10850768
sub-03,N,Fz,theta,0.0097224,0.059327967
sub-03,N,O1,alpha,-0.19086501,0.27345222
sub-03,N,O1,beta,-0.027348842,0.116983585
sub-03,N,O1,delta,0.06157393,0.1045624
sub-03,N,O1,gamma,-0.09663354,0.13387445
sub-03,N,O1,theta,-0.0155211985,0.0942569
sub-03,N,O2,alpha,-0.25308242,0.3007563
sub-03,N,O2,beta,-0.060764965,0.14535744
sub-03,N,O2,delta,0.23927753,0.2515635
sub-03,N,O2,gamma,-0.013293972,0.09361938
sub-03,N,O2,theta,0.07514791,0.109596625
sub-03,N,P3,alpha,-0.10746936,0.20345551
sub-03,N,P3,beta,-0.007904367,0.08189076
sub-03,N,P3,delta,0.028386684,0.070934884
sub-03,N,P3,gamma,0.08776095,0.11281428
sub-03,N,P3,theta,-0.067830525,0.082275584
sub-03,N,P4,alpha,-0.028871985,0.15669416
sub-03,N,P4,beta,-0.13950291,0.18140662
sub-03,N,P4,delta,0.026022142,0.06427985
sub-03,N,P4,gamma,0.017776774,0.06218943
sub-03,N,P4,theta,-0.04617946,0.077070475
sub-03,N,Pz,alpha,-0.050921876,0.17679705
sub-03,N,Pz,beta,-0.019469675,0.093852684
sub-03,N,Pz,delta,-0.053710226,0.09269521
sub-03,N,Pz,gamma,0.022278242,0.07152997
sub-03,N,Pz,theta,-0.09608746,0.10414062
sub-04,N,C3,alpha,-0.020092394,0.13270546
sub-04,N,C3,beta,0.060563046,0.098263465
sub-04,N,C3,delta,0.18442938,0.19926165
sub-04,N,C3,gamma,-0.051038284,0.11494498
sub-04,N,C3,theta,0.08235214,0.097381696
sub-04,N,C4,alpha,-0.048961323,0.11416284
sub-04,N,C4,beta,-0.03732211,0.111532256
sub-04,N,C4,delta,-0.004995518,0.12200514
sub-04,N,C4,gamma,0.06590764,0.23715717
sub-04,N,C4,theta,0.07621995,0.1279159
sub-04,N,Cz,alpha,0.07640292,0.18033275
sub-04,N,Cz,beta,0.088637695,0.17346409
sub-04,N,Cz,delta,0.024040602,0.11181435
sub-04,N,Cz,gamma,0.0658969,0.15925634
sub-04,N,Cz,theta,-0.055556793,0.10829354
sub-04,N,F3,alpha,-0.06850911,0.13482068
sub-04,N,F3,beta,0.03621236,0.0958759
sub-04,N,F3,delta,-0.08172457,0.15892003
sub-04,N,F3,gamma,-0.005700898,0.10574304
sub-04,N,F3,theta,0.03499359,0.09323718
sub-04,N,F4,alpha,-0.037523627,0.13610336
sub-04,N,F4,beta,-0.010126445,0.11317977
sub-04,N,F4,delta,-0.051085293,0.12921406
sub-04,N,F4,gamma,0.06595792,0.14811878
sub-04,N,F4,theta,0.0446622,0.112394474
sub-04,N,F7,alpha,-0.122932404,0.19986032
sub-04,N,F7,beta,-0.24094051,0.2624175
sub-04,N,F7,delta,-0.010781923,0.15281099
sub-04,N,F7,gamma,-0.12646495,0.20454818
sub-04,N,F7,theta,-0.24238724,0.2870698
sub-04,N,F8,alpha,0.003448281,0.11719264
sub-04,N,F8,beta,-0.16633528,0.19262469
sub-04,N,F8,delta,-0.09323156,0.149734
sub-04,N,F8,gamma,0.044717703,0.14323571
sub-04,N,F8,theta,-0.05151725,0.10088112
sub-04,N,Fp1,alpha,-0.10728079,0.17835538
sub-04,N,Fp1,beta,-0.051251333,0.16211797
sub-04,N,Fp1,delta,0.11713466,0.15090612
sub-04,N,Fp1,gamma,-0.10420629,0.16919276
sub-04,N,Fp1,theta,0.022252247,0.08226089
sub-04,N,Fp2,alpha,-0.15931585,0.2090462
sub-04,N,Fp2,beta,0.016142938,0.18112096
sub-04,N,Fp2,delta,0.12151158,0.14804827
sub-04,N,Fp2,gamma,-0.10318906,0.15384394
sub-04,N,Fp2,theta,-0.056933764,0.095176905
sub-04,N,Fz,alpha,-0.05643892,0.1271915
sub-04,N,Fz,beta,-0.03850279,0.15096676
sub-04,N,Fz,delta,-0.066565126,0.14471649
sub-04,N,Fz,gamma,-0.06961304,0.1676531
sub-04,N,Fz,theta,0.06603155,0.11741075
sub-04,N,O1,alpha,-0.19299702,0.24201547
sub-04,N,O1,beta,-0.013216989,0.1482159
sub-04,N,O1,delta,0.088636205,0.13388038
sub-04,N,O1,gamma,-0.29462764,0.33337036
sub-04,N,O1,theta,0.013080992,0.09289137
sub-04,N,O2,alpha,-0.2030352,0.2321837
sub-04,N,O2,beta,-0.012569927,0.20545432
sub-04,N,O2,delta,0.31991392,0.3317576
sub-04,N,O2,gamma,-0.039387416,0.16696171
sub-04,N,O2,theta,0.115631305,0.13483106
sub-04,N,P3,alpha,-0.09681847,0.17524135
sub-04,N,P3,beta,-0.03780328,0.0964296
sub-04,N,P3,delta,0.01777416,0.08424352
sub-04,N,P3,gamma,0.09295524,0.14789069
sub-04,N,P3,theta,-0.064613715,0.10289799
sub-04,N,P4,alpha,-0.01943334,0.10922269
sub-04,N,P4,beta,-0.29714218,0.33407962
sub-04,N,P4,delta,0.009755047,0.11129212
sub-04,N,P4,gamma,0.12363083,0.18175535
sub-04,N,P4,theta,-0.071597934,0.123878285
sub-04,N,Pz,alpha,-0.04105615,0.15546615
sub-04,N,Pz,beta,-0.029015297,0.09882855
sub-04,N,Pz,delta,-0.0836285,0.12520842
sub-04,N,Pz,gamma,0.013805624,0.10335244
sub-04,N,Pz,theta,-0.11781247,0.13365635
sub-05,N,C3,alpha,-0.035627883,0.12905033
sub-05,N,C3,beta,0.059235156,0.09656721
sub-05,N,C3,delta,0.1559882,0.18222296
sub-05,N,C3,gamma,-0.027429294,0.07175472
sub-05,N,C3,theta,0.14125925,0.1656724
sub-05,N,C4,alpha,-0.045505702,0.1313662
sub-05,N,C4,beta,-0.039550286,0.10752428
sub-05,N,C4,delta,0.02628124,0.10520941
sub-05,N,C4,gamma,-0.009671448,0.08332028
sub-05,N,C4,theta,0.14382492,0.1880805
sub-05,N,Cz,alpha,0.06618665,0.15996674
sub-05,N,Cz,beta,0.07838116,0.14701748
sub-05,N,Cz,delta,0.025924118,0.1216384
sub-05,N,Cz,gamma,0.004372184,0.07166769
sub-05,N,Cz,theta,-0.043915655,0.13354127
sub-05,N,F3,alpha,-0.0544627,0.13028774
sub-05,N,F3,beta,0.018437771,0.07867307
sub-05,N,F3,delta,-0.052092284,0.14338005
sub-05,N,F3,gamma,-0.0015589865,0.056354236
sub-05,N,F3,theta,0.11127149,0.16064852
sub-05,N,F4,alpha,-0.047239054,0.15826374
sub-05,N,F4,beta,-0.018225694,0.09094117
sub-05,N,F4,delta,-0.026347648,0.120203145
sub-05,N,F4,gamma,-0.0065174224,0.04331417
sub-05,N,F4,theta,0.10025263,0.17124444
sub-05,N,F7,alpha,-0.16171788,0.2344747
sub-05,N,F7,beta,-0.15865546,0.17239897
sub-05,N,F7,delta,0.03541912,0.14714268
sub-05,N,F7,gamma,-0.05154552,0.06722227
sub-05,N,F7,theta,-0.066764556,0.407765
sub-05,N,F8,alpha,-0.0011829942,0.1128252
sub-05,N,F8,beta,-0.11997999,0.15384361
sub-05,N,F8,delta,-0.046405524,0.120553695
sub-05,N,F8,gamma,0.027183698,0.101949684
sub-05,N,F8,theta,0.0792401,0.21398003
sub-05,N,Fp1,alpha,-0.1050732,0.183819
sub-05,N,Fp1,beta,0.007676141,0.12662756
sub-05,N,Fp1,delta,0.10613903,0.14379983
sub-05,N,Fp1,gamma,-0.064616375,0.08718512
sub-05,N,Fp1,theta,0.050958086,0.12408917
sub-05,N,Fp2,alpha,-0.15519048,0.20640482
sub-05,N,Fp2,beta,0.041844893,0.16182406
sub-05,N,Fp2,delta,0.1328858,0.1605711
sub-05,N,Fp2,gamma,-0.035588767,0.06364425
sub-05,N,Fp2,theta,-0.054042004,0.13690029
sub-05,N,Fz,alpha,-0.068131566,0.13167989
sub-05,N,Fz,beta,-0.0483048,0.108802944
sub-05,N,Fz,delta,-0.033929594,0.1354971
sub-05,N,Fz,gamma,-0.021170046,0.079418935
sub-05,N,Fz,theta,0.12961705,0.17921625
sub-05,N,O1,alpha,-0.17452264,0.2295968
sub-05,N,O1,beta,-0.0297582,0.09804375
sub-05,N,O1,delta,0.09918726,0.15017208
sub-05,N,O1,gamma,-0.06505247,0.091614656
sub-05,N,O1,theta,0.01570569,0.12827647
sub-05,N,O2,alpha,-0.20081192,0.23163393
sub-05,N,O2,beta,-0.06289522,0.11801998
sub-05,N,O2,delta,0.327344,0.34255564
sub-05,N,O2,gamma,-0.03521692,0.06987031
sub-05,N,O2,theta,0.12856445,0.18661249
sub-05,N,P3,alpha,-0.115973435,0.16680166
sub-05,N,P3,beta,-0.029837558,0.082023844
sub-05,N,P3,delta,0.046857815,0.1068193
sub-05,N,P3,gamma,0.0772223,0.09583406
sub-05,N,P3,theta,0.052237727,0.23244731
sub-05,N,P4,alpha,-0.045909837,0.114940405
sub-05,N,P4,beta,-0.15653504,0.1885727
sub-05,N,P4,delta,0.024239285,0.1301596
sub-05,N,P4,gamma,0.021881927,0.06285892
sub-05,N,P4,theta,0.02841482,0.2278489
sub-05,N,Pz,alpha,-0.042804513,0.13374741
sub-05,N,Pz,beta,-0.029739067,0.098973855
sub-05,N,Pz,delta,-0.059213,0.13210708
sub-05,N,Pz,gamma,0.027229536,0.07161854
sub-05,N,Pz,theta,-0.09252919,0.19349697
sub-06,N,C3,alpha,0.0022024703,0.0909803
sub-06,N,C3,beta,0.06960728,0.13881691
sub-06,N,C3,delta,0.17644708,0.19016205
sub-06,N,C3,gamma,-0.0468091,0.15629572
sub-06,N,C3,theta,0.077282876,0.09075288
sub-06,N,C4,alpha,-0.04267846,0.113295525
sub-06,N,C4,beta,-0.039567646,0.11646812
sub-06,N,C4,delta,0.0060274126,0.08847256
sub-06,N,C4,gamma,0.059313893,0.26108384
sub-06,N,C4,theta,0.05094182,0.098295644
sub-06,N,Cz,alpha,0.08299688,0.17082988
sub-06,N,Cz,beta,0.08727595,0.19180107
sub-06,N,Cz,delta,0.040595923,0.092820436
sub-06,N,Cz,gamma,0.05794985,0.1639823
sub-06,N,Cz,theta,-0.04927844,0.10636037
sub-06,N,F3,alpha,-0.064507164,0.11377385
sub-06,N,F3,beta,0.044680677,0.10959851
sub-06,N,F3,delta,-0.03580834,0.11024531
sub-06,N,F3,gamma,-0.014839276,0.12187252
sub-06,N,F3,theta,0.07033787,0.12971431
sub-06,N,F4,alpha,0.004205901,0.10870327
sub-06,N,F4,beta,-0.0009998273,0.11434638
sub-06,N,F4,delta,-0.039386608,0.11283311
sub-06,N,F4,gamma,0.10347688,0.18517722
sub-06,N,F4,theta,0.07084162,0.13947853
sub-06,N,F7,alpha,-0.1344785,0.18687871
sub-06,N,F7,beta,-0.24727997,0.2652201
sub-06,N,F7,delta,-0.0057074856,0.14484341
sub-06,N,F7,gamma,-0.16304448,0.21999088
sub-06,N,F7,theta,-0.2172152,0.3140333
sub-06,N,F8,alpha,-0.0037173952,0.07367815
sub-06,N,F8,beta,-0.2444093,0.29212326
sub-06,N,F8,delta,-0.08967491,0.13297015
sub-06,N,F8,gamma,0.14768218,0.24628888
sub-06,N,F8,theta,-0.04680302,0.09548693
sub-06,N,Fp1,alpha,-0.1137515,0.16815715
sub-06,N,Fp1,beta,-0.07541683,0.18371794
sub-06,N,Fp1,delta,0.11882304,0.14442347
sub-06,N,Fp1,gamma,-0.111521594,0.16330644
sub-06,N,Fp1,theta,0.040356833,0.10916121
sub-06,N,Fp2,alpha,-0.10555841,0.14384034
sub-06,N,Fp2,beta,0.01945852,0.19321586
sub-06,N,Fp2,delta,0.12333527,0.15415977
sub-06,N,Fp2,gamma,-0.09373794,0.16139211
sub-06,N,Fp2,theta,-0.06565671,0.105433606
sub-06,N,Fz,alpha,-0.057007357,0.13209437
sub-06,N,Fz,beta,-0.028722428,0.12672566
sub-06,N,Fz,delta,-0.026812406,0.09298893
sub-06,N,Fz,gamma,-0.040288378,0.11804631
sub-06,N,Fz,theta,0.14036049,0.1880735
sub-06,N,O1,alpha,-0.20635329,0.25745597
sub-06,N,O1,beta,-0.027106704,0.09991976
sub-06,N,O1,delta,0.082341716,0.107520394
sub-06,N,O1,gamma,-0.20113602,0.22850227
sub-06,N,O1,theta,0.022484958,0.08737668
sub-06,N,O2,alpha,-0.20961808,0.24185385
sub-06,N,O2,beta,-0.034479644,0.15865621
sub-06,N,O2,delta,0.3174286,0.3277165
sub-06,N,O2,gamma,-0.03396922,0.13112795
sub-06,N,O2,theta,0.14401577,0.16589956
sub-06,N,P3,alpha,-0.080148496,0.14318891
sub-06,N,P3,beta,-0.046542194,0.12306724
sub-06,N,P3,delta,0.012046375,0.09709565
sub-06,N,P3,gamma,0.094685614,0.1795186
sub-06,N,P3,theta,-0.022322003,0.1622747
sub-06,N,P4,alpha,-0.01749512,0.084585525
sub-06,N,P4,beta,-0.28523126,0.324667
sub-06,N,P4,delta,7.264317e-05,0.12405518
sub-06,N,P4,gamma,0.1755158,0.23534107
sub-06,N,P4,theta,-0.026280606,0.16266961
sub-06,N,Pz,alpha,-0.026811283,0.10225119
sub-06,N,Pz,beta,-0.011422078,0.11905016
sub-06,N,Pz,delta,-0.10736782,0.15380748
sub-06,N,Pz,gamma,-0.002489533,0.14603654
sub-06,N,Pz,theta,-0.12521653,0.18151858
sub-07,N,C3,alpha,-0.008003538,0.06521474
sub-07,N,C3,beta,0.016545104,0.1647004
sub-07,N,C3,delta,0.1401842,0.15379195
sub-07,N,C3,gamma,-0.054185763,0.1426276
sub-07,N,C3,theta,0.07210047,0.085121654
sub-07,N,C4,alpha,-0.03813604,0.08669159
sub-07,N,C4,beta,-0.046484854,0.13044937
sub-07,N,C4,delta,-0.01007845,0.07943144
sub-07,N,C4,gamma,0.037148144,0.2202018
sub-07,N,C4,theta,0.04240762,0.09140935
sub-07,N,Cz,alpha,0.035611734,0.121303275
sub-07,N,Cz,beta,0.04072209,0.23091356
sub-07,N,Cz,delta,0.044098493,0.09498989
sub-07,N,Cz,gamma,0.036286917,0.17175542
sub-07,N,Cz,theta,-0.045851186,0.099615365
sub-07,N,F3,alpha,-0.01818453,0.050759498
sub-07,N,F3,beta,0.02373256,0.14354673
sub-07,N,F3,delta,0.0011389275,0.0304035
sub-07,N,F3,gamma,0.022356581,0.17118734
sub-07,N,F3,theta,0.016212333,0.041880805
sub-07,N,F4,alpha,0.027894102,0.06553618
sub-07,N,F4,beta,-0.014421677,0.13172641
sub-07,N,F4,delta,-0.02621354,0.07678716
sub-07,N,F4,gamma,0.07750082,0.20217408
sub-07,N,F4,theta,0.03474585,0.094262056
sub-07,N,F7,alpha,-0.09926111,0.12835574
sub-07,N,F7,beta,-0.2885821,0.33698848
sub-07,N,F7,delta,-0.023294892,0.072023146
sub-07,N,F7,gamma,-0.12993129,0.29240027
sub-07,N,F7,theta,-0.18220402,0.1990756
sub-07,N,F8,alpha,-0.00091497233,0.0882607
sub-07,N,F8,beta,-0.24758573,0.30398586
sub-07,N,F8,delta,-0.07961703,0.116794966
sub-07,N,F8,gamma,0.09036423,0.208263
sub-07,N,F8,theta,-0.04112363,0.09844866
sub-07,N,Fp1,alpha,-0.07135396,0.11883016
sub-07,N,Fp1,beta,-0.124628335,0.21989779
sub-07,N,Fp1,delta,0.05777934,0.07307637
sub-07,N,Fp1,gamma,-0.12240774,0.17571978
sub-07,N,Fp1,theta,0.0116903735,0.05256272
sub-07,N,Fp2,alpha,-0.08417482,0.1333023
sub-07,N,Fp2,beta,0.0074800253,0.20158014
sub-07,N,Fp2,delta,0.097153865,0.12560545
sub-07,N,Fp2,gamma,-0.09028284,0.17926127
sub-07,N,Fp2,theta,-0.047533255,0.0844175
sub-07,N,Fz,alpha,-0.031168565,0.09901888
sub-07,N,Fz,beta,0.0023603917,0.18780115
sub-07,N,Fz,delta,-0.041298524,0.0920654
sub-07,N,Fz,gamma,-0.15244277,0.23057215
sub-07,N,Fz,theta,0.081353135,0.12537058
sub-07,N,O1,alpha,-0.12227201,0.14840811
sub-07,N,O1,beta,0.013754539,0.16797264
sub-07,N,O1,delta,0.08453195,0.11599123
sub-07,N,O1,gamma,-0.28947163,0.3635815
sub-07,N,O1,theta,0.038609225,0.0959869
sub-07,N,O2,alpha,-0.11048817,0.12696452
sub-07,N,O2,beta,-0.012418963,0.20333274
sub-07,N,O2,delta,0.2969436,0.3114431
sub-07,N,O2,gamma,-0.110541105,0.21741027
sub-07,N,O2,theta,0.15978701,0.17620058
sub-07,N,P3,alpha,-0.046985626,0.11641096
sub-07,N,P3,beta,-0.054372717,0.14159563
sub-07,N,P3,delta,4.455585e-05,0.102367654
sub-07,N,P3,gamma,0.07741249,0.15840676
sub-07,N,P3,theta,-0.035240177,0.14627011
sub-07,N,P4,alpha,-0.009802343,0.07859507
sub-07,N,P4,beta,-0.2752268,0.3239055
sub-07,N,P4,delta,-0.0016300677,0.11333848
sub-07,N,P4,gamma,0.10871344,0.17022805
sub-07,N,P4,theta,-0.031080514,0.12005307
sub-07,N,Pz,alpha,-0.03167603,0.11538562
sub-07,N,Pz,beta,0.0030003018,0.13343377
sub-07,N,Pz,delta,-0.081739366,0.13480668
sub-07,N,Pz,gamma,-0.01354402,0.1258267
sub-07,N,Pz,theta,-0.11365112,0.1459311
sub-08,N,C3,alpha,-0.0103551205,0.09155786
sub-08,N,C3,beta,0.08032092,0.14153232
sub-08,N,C3,delta,0.15801126,0.17499287
sub-08,N,C3,gamma,-0.037088856,0.15688296
sub-08,N,C3,theta,0.060442124,0.076509975
sub-08,N,C4,alpha,-0.047593128,0.12935977
sub-08,N,C4,beta,-0.04315742,0.12224632
sub-08,N,C4,delta,-0.0085842665,0.11145486
sub-08,N,C4,gamma,-0.010467974,0.1446789
sub-08,N,C4,theta,0.05352252,0.106368415
sub-08,N,Cz,alpha,0.05766447,0.15814243
sub-08,N,Cz,beta,0.09904825,0.20893987
sub-08,N,Cz,delta,0.009320142,0.121926434
sub-08,N,Cz,gamma,0.059246454,0.15476878
sub-08,N,Cz,theta,-0.05940094,0.113263786
sub-08,N,F3,alpha,-0.07246854,0.12729573
sub-08,N,F3,beta,0.048614603,0.114468746
sub-08,N,F3,delta,-0.06495912,0.1429811
sub-08,N,F3,gamma,-0.0016288133,0.13340425
sub-08,N,F3,theta,0.030329837,0.09186833
sub-08,N,F4,alpha,-0.024239484,0.12666291
sub-08,N,F4,beta,-0.007061225,0.12406486
sub-08,N,F4,delta,-0.065729536,0.14343174
sub-08,N,F4,gamma,0.007235545,0.09228184
sub-08,N,F4,theta,0.057422407,0.1297192
sub-08,N,F7,alpha,-0.14692745,0.20327118
sub-08,N,F7,beta,-0.24397805,0.26356474
sub-08,N,F7,delta,-0.013661409,0.16640891
sub-08,N,F7,gamma,-0.14489987,0.21528742
sub-08,N,F7,theta,-0.24909958,0.31300816
sub-08,N,F8,alpha,-0.0033990226,0.09645303
sub-08,N,F8,beta,-0.16781388,0.19340737
sub-08,N,F8,delta,-0.10061892,0.16585521
sub-08,N,F8,gamma,-0.0017324992,0.08701973
sub-08,N,F8,theta,-0.04735348,0.109279
sub-08,N,Fp1,alpha,-0.08268984,0.1341217
sub-08,N,Fp1,beta,-0.008586963,0.123402484
sub-08,N,Fp1,delta,0.13301343,0.18050551
sub-08,N,Fp1,gamma,-0.09756023,0.13939074
sub-08,N,Fp1,theta,0.025204688,0.10289253
sub-08,N,Fp2,alpha,-0.10850779,0.14616331
sub-08,N,Fp2,beta,0.05428519,0.13737503
sub-08,N,Fp2,delta,0.12640901,0.17467603
sub-08,N,Fp2,gamma,-0.056004085,0.09475217
sub-08,N,Fp2,theta,-0.06718999,0.10460264
sub-08,N,Fz,alpha,-0.05775912,0.12899822
sub-08,N,Fz,beta,-0.022993833,0.17282675
sub-08,N,Fz,delta,-0.064046964,0.14039254
sub-08,N,Fz,gamma,-0.07198562,0.16147678
sub-08,N,Fz,theta,0.08074251,0.13956942
sub-08,N,O1,alpha,-0.20275156,0.2442754
sub-08,N,O1,beta,-0.026346302,0.13056466
sub-08,N,O1,delta,0.10124421,0.15099637
sub-08,N,O1,gamma,-0.20004764,0.22673407
sub-08,N,O1,theta,0.016759448,0.10247593
sub-08,N,O2,alpha,-0.21324758,0.23983335
sub-08,N,O2,beta,-0.018176252,0.20122682
sub-08,N,O2,delta,0.30412337,0.3157144
sub-08,N,O2,gamma,-0.059929684,0.19548307
sub-08,N,O2,theta,0.12078356,0.1445739
sub-08,N,P3,alpha,-0.096531995,0.16748868
sub-08,N,P3,beta,-0.045696568,0.111609444
sub-08,N,P3,delta,0.013719444,0.10706243
sub-08,N,P3,gamma,0.080271535,0.13455161
sub-08,N,P3,theta,-0.048113056,0.15644422
sub-08,N,P4,alpha,-0.022594731,0.123026036
sub-08,N,P4,beta,-0.27689523,0.3090757
sub-08,N,P4,delta,-0.0033334643,0.11626209
sub-08,N,P4,gamma,0.08255523,0.143296
sub-08,N,P4,theta,-0.07154111,0.14252661
sub-08,N,Pz,alpha,-0.042475507,0.13673611
sub-08,N,Pz,beta,-0.027675867,0.11223135
sub-08,N,Pz,delta,-0.11978086,0.17283502
sub-08,N,Pz,gamma,0.00834252,0.10859482
sub-08,N,Pz,theta,-0.14574394,0.17236045
sub-09,N,C3,alpha,-0.017618207,0.10735268
sub-09,N,C3,beta,0.08201926,0.13421857
sub-09,N,C3,delta,0.17256223,0.18738513
sub-09,N,C3,gamma,-0.023094319,0.15444851
sub-09,N,C3,theta,0.08250617,0.1035783
sub-09,N,C4,alpha,-0.04990889,0.12823337
sub-09,N,C4,beta,-0.047524072,0.11434852
sub-09,N,C4,delta,0.0005980679,0.11530312
sub-09,N,C4,gamma,0.02762835,0.16556858
sub-09,N,C4,theta,0.08779002,0.13840263
sub-09,N,Cz,alpha,0.07408361,0.18179147
sub-09,N,Cz,beta,0.09035198,0.16891481
sub-09,N,Cz,delta,0.01792836,0.115046285
sub-09,N,Cz,gamma,0.040657725,0.131237
sub-09,N,Cz,theta,-0.054633755,0.11603908
sub-09,N,F3,alpha,-0.06655264,0.13979685
sub-09,N,F3,beta,0.0266625,0.08160533
sub-09,N,F3,delta,-0.07972051,0.15354641
sub-09,N,F3,gamma,-0.008439163,0.08392036
sub-09,N,F3,theta,0.06050661,0.11425185
sub-09,N,F4,alpha,-0.03884557,0.14463784
sub-09,N,F4,beta,-0.022404358,0.10440801
sub-09,N,F4,delta,-0.05096424,0.12955952
sub-09,N,F4,gamma,0.057656378,0.13942826
sub-09,N,F4,theta,0.052288022,0.122839764
sub-09,N,F7,alpha,-0.14887545,0.22431351
sub-09,N,F7,beta,-0.20550184,0.22023906
sub-09,N,F7,delta,-0.0125025585,0.1639093
sub-09,N,F7,gamma,-0.11602146,0.14705378
sub-09,N,F7,theta,-0.2136535,0.32599485
sub-09,N,F8,alpha,-0.0022537664,0.1226529
sub-09,N,F8,beta,-0.173008,0.20111799
sub-09,N,F8,delta,-0.086732015,0.14805749
sub-09,N,F8,gamma,0.008590666,0.09708493
sub-09,N,F8,theta,-0.031475455,0.12467814
sub-09,N,Fp1,alpha,-0.11020545,0.1829356
sub-09,N,Fp1,beta,-0.01995381,0.13428783
sub-09,N,Fp1,delta,0.11619766,0.15931949
sub-09,N,Fp1,gamma,-0.09377102,0.13487688
sub-09,N,Fp1,theta,0.029305484,0.09942191
sub-09,N,Fp2,alpha,-0.14087766,0.18347976
sub-09,N,Fp2,beta,0.02965398,0.18149315
sub-09,N,Fp2,delta,0.12237129,0.15947786
sub-09,N,Fp2,gamma,-0.084307656,0.15765719
sub-09,N,Fp2,theta,-0.06916944,0.10797875
sub-09,N,Fz,alpha,-0.0714449,0.1460646
sub-09,N,Fz,beta,-0.05795567,0.13001867
sub-09,N,Fz,delta,-0.06388947,0.13850345
sub-09,N,Fz,gamma,-0.07251163,0.15069829
sub-09,N,Fz,theta,0.08052026,0.12896276
sub-09,N,O1,alpha,-0.19314155,0.24447782
sub-09,N,O1,beta,-0.03065818,0.12596063
sub-09,N,O1,delta,0.09366782,0.13889338
sub-09,N,O1,gamma,-0.20567866,0.23351012
sub-09,N,O1,theta,0.019491415,0.09497431
sub-09,N,O2,alpha,-0.21285324,0.24466154
sub-09,N,O2,beta,-0.05180278,0.16075942
sub-09,N,O2,delta,0.30716065,0.32018566
sub-09,N,O2,gamma,-0.04444205,0.12757829
sub-09,N,O2,theta,0.12676592,0.1538538
sub-09,N,P3,alpha,-0.09556978,0.15584116
sub-09,N,P3,beta,-0.04736012,0.11228086
sub-09,N,P3,delta,0.020721689,0.112621464
sub-09,N,P3,gamma,0.07886627,0.14778125
sub-09,N,P3,theta,-0.03419165,0.15654546
sub-09,N,P4,alpha,-0.030845992,0.115218185
sub-09,N,P4,beta,-0.25231895,0.28504533
sub-09,N,P4,delta,-0.0030992974,0.12560548
sub-09,N,P4,gamma,0.058013793,0.115344875
sub-09,N,P4,theta,-0.04446245,0.13676323
sub-09,N,Pz,alpha,-0.040052682,0.14198865
sub-09,N,Pz,beta,-0.03386777,0.10000774
sub-09,N,Pz,delta,-0.08949235,0.1423091
sub-09,N,Pz,gamma,0.0052200006,0.10193035
sub-09,N,Pz,theta,-0.12594707,0.15243636
sub-10,N,C3,alpha,-0.011628936,0.11681084
sub-10,N,C3,beta,0.07264095,0.12852786
sub-10,N,C3,delta,0.1573518,0.17733195
sub-10,N,C3,gamma,-0.047347724,0.07749802
sub-10,N,C3,theta,0.10933176,0.1284923
sub-10,N,C4,alpha,-0.04186468,0.12622346
sub-10,N,C4,beta,-0.028972212,0.12516138
sub-10,N,C4,delta,-0.0061830636,0.11318479
sub-10,N,C4,gamma,-0.037262745,0.105997026
sub-10,N,C4,theta,0.07482335,0.13079442
sub-10,N,Cz,alpha,0.06114283,0.17061913
sub-10,N,Cz,beta,0.08743571,0.20482548
sub-10,N,Cz,delta,0.018916145,0.12269277
sub-10,N,Cz,gamma,0.040987037,0.11983891
sub-10,N,Cz,theta,-0.04486737,0.10325318
sub-10,N,F3,alpha,-0.06978098,0.136179
sub-10,N,F3,beta,0.053706937,0.12525126
sub-10,N,F3,delta,-0.04128631,0.117696166
sub-10,N,F3,gamma,-0.008877064,0.1163876
sub-10,N,F3,theta,0.029826198,0.07840674
sub-10,N,F4,alpha,-0.06913595,0.17367554
sub-10,N,F4,beta,0.012949215,0.13836199
sub-10,N,F4,delta,-0.02151581,0.08736477
sub-10,N,F4,gamma,-0.0012224661,0.07622929
sub-10,N,F4,theta,0.04208135,0.11247639
sub-10,N,F7,alpha,-0.1286377,0.24277687
sub-10,N,F7,beta,-0.24768494,0.27302164
sub-10,N,F7,delta,-0.00082276505,0.14626865
sub-10,N,F7,gamma,-0.106482446,0.13308175
sub-10,N,F7,theta,-0.23841299,0.31530824
sub-10,N,F8,alpha,0.017037325,0.13491666
sub-10,N,F8,beta,-0.21255946,0.26148218
sub-10,N,F8,delta,-0.06827728,0.122376814
sub-10,N,F8,gamma,-0.0030227897,0.08503867
sub-10,N,F8,theta,-0.031704202,0.14469557
sub-10,N,Fp1,alpha,-0.074654885,0.13721162
sub-10,N,Fp1,beta,-0.009950854,0.120787196
sub-10,N,Fp1,delta,0.13003394,0.17696026
sub-10,N,Fp1,gamma,-0.09106905,0.12555297
sub-10,N,Fp1,theta,0.0201822,0.08354498
sub-10,N,Fp2,alpha,-0.11867803,0.1681432
sub-10,N,Fp2,beta,0.04020535,0.15523095
sub-10,N,Fp2,delta,0.13464625,0.17461339
sub-10,N,Fp2,gamma,-0.04524757,0.075964846
sub-10,N,Fp2,theta,-0.052403573,0.10150563
sub-10,N,Fz,alpha,-0.10129736,0.17740034
sub-10,N,Fz,beta,-0.0007797503,0.19398783
sub-10,N,Fz,delta,-0.027812896,0.092212476
sub-10,N,Fz,gamma,-0.016306115,0.11619486
sub-10,N,Fz,theta,0.036638997,0.089542516
sub-10,N,O1,alpha,-0.19124886,0.24403681
sub-10,N,O1,beta,0.00040589576,0.15468921
sub-10,N,O1,delta,0.0869098,0.12693565
sub-10,N,O1,gamma,-0.21124715,0.2381388
sub-10,N,O1,theta,0.01727505,0.105337374
sub-10,N,O2,alpha,-0.21782799,0.24664795
sub-10,N,O2,beta,-0.016470533,0.19922717
sub-10,N,O2,delta,0.3099741,0.32154208
sub-10,N,O2,gamma,-0.010783729,0.1275804
sub-10,N,O2,theta,0.1121963,0.1393242
sub-10,N,P3,alpha,-0.089351095,0.16757122
sub-10,N,P3,beta,-0.032774303,0.1312281
sub-10,N,P3,delta,0.015604627,0.10221431
sub-10,N,P3,gamma,0.088367164,0.12958896
sub-10,N,P3,theta,-0.052070484,0.15312317
sub-10,N,P4,alpha,-0.022445627,0.121599525
sub-10,N,P4,beta,-0.286309,0.32950637
sub-10,N,P4,delta,0.0015074245,0.13009392
sub-10,N,P4,gamma,0.050453816,0.09922994
sub-10,N,P4,theta,-0.066137336,0.117487565
sub-10,N,Pz,alpha,-0.041763548,0.13723764
sub-10,N,Pz,beta,-0.006396075,0.14136167
sub-10,N,Pz,delta,-0.10541833,0.15838043
sub-10,N,Pz,gamma,0.016066464,0.081883654
sub-10,N,Pz,theta,-0.13916178,0.16196181
sub-11,N,C3,alpha,-0.0047791596,0.11297357
sub-11,N,C3,beta,0.07389752,0.11698023
sub-11,N,C3,delta,0.18612,0.20287119
sub-11,N,C3,gamma,-0.058634087,0.1171828
sub-11,N,C3,theta,0.09866207,0.115862645
sub-11,N,C4,alpha,-0.04538917,0.13579766
sub-11,N,C4,beta,-0.041271925,0.11285718
sub-11,N,C4,delta,-0.0035420049,0.101137824
sub-11,N,C4,gamma,0.00028688848,0.15261702
sub-11,N,C4,theta,0.07554432,0.12557416
sub-11,N,Cz,alpha,0.07280594,0.16313544
sub-11,N,Cz,beta,0.10423412,0.2040879
sub-11,N,Cz,delta,0.036546458,0.11087362
sub-11,N,Cz,gamma,0.059666842,0.17285356
sub-11,N,Cz,theta,-0.056781504,0.11681059
sub-11,N,F3,alpha,-0.07489683,0.1328738
sub-11,N,F3,beta,0.050996747,0.11533774
sub-11,N,F3,delta,-0.028312778,0.11103738
sub-11,N,F3,gamma,-0.01135966,0.110961296
sub-11,N,F3,theta,0.062243603,0.118926674
sub-11,N,F4,alpha,-0.006543561,0.112585776
sub-11,N,F4,beta,0.0067474763,0.1379496
sub-11,N,F4,delta,-0.036561705,0.10749972
sub-11,N,F4,gamma,0.109360404,0.19369598
sub-11,N,F4,theta,0.07081321,0.13650522
sub-11,N,F7,alpha,-0.14857022,0.20719844
sub-11,N,F7,beta,-0.25205737,0.26799008
sub-11,N,F7,delta,0.004786716,0.155814
sub-11,N,F7,gamma,-0.15102965,0.1921032
sub-11,N,F7,theta,-0.1944147,0.33009526
sub-11,N,F8,alpha,0.014358109,0.10622941
sub-11,N,F8,beta,-0.23678908,0.2669421
sub-11,N,F8,delta,-0.085018605,0.14206593
sub-11,N,F8,gamma,0.02158992,0.1197584
sub-11,N,F8,theta,-0.026184576,0.13228706
sub-11,N,Fp1,alpha,-0.11498544,0.16659945
sub-11,N,Fp1,beta,-0.01541165,0.12941454
sub-11,N,Fp1,delta,0.13933408,0.17526652
sub-11,N,Fp1,gamma,-0.08924567,0.12884884
sub-11,N,Fp1,theta,0.0419059,0.10783052
sub-11,N,Fp2,alpha,-0.11333109,0.1511612
sub-11,N,Fp2,beta,0.0385395,0.17137799
sub-11,N,Fp2,delta,0.12667935,0.16667771
sub-11,N,Fp2,gamma,-0.076558776,0.15220985
sub-11,N,Fp2,theta,-0.06614162,0.10487411
sub-11,N,Fz,alpha,-0.045168526,0.13147467
sub-11,N,Fz,beta,-0.018340323,0.17211784
sub-11,N,Fz,delta,-0.035464253,0.10093315
sub-11,N,Fz,gamma,-0.13875853,0.22981067
sub-11,N,Fz,theta,0.097416885,0.14426081
sub-11,N,O1,alpha,-0.17588681,0.2092418
sub-11,N,O1,beta,-0.021981625,0.1268495
sub-11,N,O1,delta,0.11349629,0.16300018
sub-11,N,O1,gamma,-0.27545106,0.3038861
sub-11,N,O1,theta,0.028712427,0.11559739
sub-11,N,O2,alpha,-0.14248703,0.16695836
sub-11,N,O2,beta,-0.035061594,0.16784702
sub-11,N,O2,delta,0.40983233,0.4218759
sub-11,N,O2,gamma,-0.04276511,0.15229428
sub-11,N,O2,theta,0.17121917,0.20873202
sub-11,N,P3,alpha,-0.08937118,0.1542559
sub-11,N,P3,beta,-0.055447403,0.1136267
sub-11,N,P3,delta,0.020032693,0.106137626
sub-11,N,P3,gamma,0.07903787,0.15546101
sub-11,N,P3,theta,-0.024727002,0.16001274
sub-11,N,P4,alpha,-0.021302503,0.10249468
sub-11,N,P4,beta,-0.2800014,0.3157994
sub-11,N,P4,delta,0.001174651,0.127399
sub-11,N,P4,gamma,0.10698451,0.16301201
sub-11,N,P4,theta,-0.018939689,0.16837832
sub-11,N,Pz,alpha,-0.03851492,0.12970728
sub-11,N,Pz,beta,-0.023396723,0.11132514
sub-11,N,Pz,delta,-0.09421521,0.14856318
sub-11,N,Pz,gamma,0.010515005,0.13945198
sub-11,N,Pz,theta,-0.13072187,0.16233245
sub-12,N,C3,alpha,-0.009461106,0.10942667
sub-12,N,C3,beta,0.065435864,0.18687803
sub-12,N,C3,delta,0.13876998,0.15029094
sub-12,N,C3,gamma,-0.04502822,0.08928588
sub-12,N,C3,theta,0.05806495,0.07700518
sub-12,N,C4,alpha,-0.046075378,0.12514284
sub-12,N,C4,beta,-0.022086602,0.14268664
sub-12,N,C4,delta,0.0052668466,0.10246448
sub-12,N,C4,gamma,-0.0030751212,0.14553647
sub-12,N,C4,theta,0.033244368,0.085207574
sub-12,N,Cz,alpha,0.040787835,0.15474653
sub-12,N,Cz,beta,0.021225292,0.24634045
sub-12,N,Cz,delta,0.035403404,0.08335875
sub-12,N,Cz,gamma,0.08574803,0.17686564
sub-12,N,Cz,theta,-0.03723973,0.087627694
sub-12,N,F3,alpha,-0.058654282,0.14464529
sub-12,N,F3,beta,0.024650961,0.08717695
sub-12,N,F3,delta,-0.12709269,0.19357033
sub-12,N,F3,gamma,-0.0060254135,0.06713689
sub-12,N,F3,theta,0.018437859,0.052067276
sub-12,N,F4,alpha,-0.07583782,0.18226269
sub-12,N,F4,beta,-0.0068823756,0.12941448
sub-12,N,F4,delta,-0.045629144,0.11513
sub-12,N,F4,gamma,-0.004480133,0.07401914
sub-12,N,F4,theta,0.0005423677,0.06396926
sub-12,N,F7,alpha,-0.12367321,0.25590247
sub-12,N,F7,beta,-0.2049423,0.23609774
sub-12,N,F7,delta,-0.025083978,0.14911228
sub-12,N,F7,gamma,-0.06773295,0.09765071
sub-12,N,F7,theta,-0.23799194,0.2542238
sub-12,N,F8,alpha,-0.002045142,0.10253936
sub-12,N,F8,beta,-0.07799943,0.110928394
sub-12,N,F8,delta,-0.11001211,0.18190451
sub-12,N,F8,gamma,-0.012068042,0.05283728
sub-12,N,F8,theta,-0.03117374,0.06349026
sub-12,N,Fp1,alpha,-0.0947417,0.19600338
sub-12,N,Fp1,beta,-0.042643785,0.15284607
sub-12,N,Fp1,delta,0.10368093,0.13788974
sub-12,N,Fp1,gamma,-0.10154835,0.12963033
sub-12,N,Fp1,theta,0.0063592885,0.06514632
sub-12,N,Fp2,alpha,-0.15812603,0.22303297
sub-12,N,Fp2,beta,-0.005269706,0.20493679
sub-12,N,Fp2,delta,0.11867466,0.140888
sub-12,N,Fp2,gamma,-0.099301316,0.13618866
sub-12,N,Fp2,theta,-0.031085499,0.06630326
sub-12,N,Fz,alpha,-0.10197649,0.17732394
sub-12,N,Fz,beta,-0.019754553,0.17718598
sub-12,N,Fz,delta,-0.041332208,0.10346173
sub-12,N,Fz,gamma,-0.022287402,0.12933728
sub-12,N,Fz,theta,0.010471692,0.061859146
sub-12,N,O1,alpha,-0.18458216,0.2565543
sub-12,N,O1,beta,-0.03192263,0.1271685
sub-12,N,O1,delta,0.06613562,0.14005972
sub-12,N,O1,gamma,-0.09735271,0.13607378
sub-12,N,O1,theta,0.0020300164,0.06336987
sub-12,N,O2,alpha,-0.24913664,0.290247
sub-12,N,O2,beta,-0.062305823,0.1527061
sub-12,N,O2,delta,0.29577678,0.30681404
sub-12,N,O2,gamma,-0.023921728,0.09492329
sub-12,N,O2,theta,0.04175003,0.05566001
sub-12,N,P3,alpha,-0.09666876,0.1947376
sub-12,N,P3,beta,-0.024837172,0.12410988
sub-12,N,P3,delta,0.017061869,0.07895454
sub-12,N,P3,gamma,0.095176995,0.12692164
sub-12,N,P3,theta,-0.08194437,0.10051404
sub-12,N,P4,alpha,-0.026337035,0.14147724
sub-12,N,P4,beta,-0.29268616,0.33579648
sub-12,N,P4,delta,0.028717406,0.077005364
sub-12,N,P4,gamma,0.05158851,0.103928775
sub-12,N,P4,theta,-0.054372802,0.07862232
sub-12,N,Pz,alpha,-0.042824708,0.1672879
sub-12,N,Pz,beta,-0.03159861,0.11762481
sub-12,N,Pz,delta,-0.06816933,0.10405826
sub-12,N,Pz,gamma,0.01663266,0.090420425
sub-12,N,Pz,theta,-0.1150333,0.12457504
sub-13,N,C3,alpha,-0.022730678,0.11692384
sub-13,N,C3,beta,0.06847001,0.10598007
sub-13,N,C3,delta,0.1992465,0.2328987
sub-13,N,C3,gamma,-0.04638501,0.095705464
sub-13,N,C3,theta,0.06961186,0.089364834
sub-13,N,C4,alpha,-0.058440775,0.15825324
sub-13,N,C4,beta,-0.04349864,0.115187675
sub-13,N,C4,delta,0.0096157035,0.102692224
sub-13,N,C4,gamma,-0.030950734,0.09211905
sub-13,N,C4,theta,0.026030382,0.07218937
sub-13,N,Cz,alpha,0.06851501,0.17625831
sub-13,N,Cz,beta,0.09506742,0.18718143
sub-13,N,Cz,delta,0.018701842,0.12080781
sub-13,N,Cz,gamma,0.068558976,0.15073277
sub-13,N,Cz,theta,-0.048379164,0.102058254
sub-13,N,F3,alpha,-0.06960315,0.1501966
sub-13,N,F3,beta,0.031084228,0.091566704
sub-13,N,F3,delta,-0.08745602,0.16404346
sub-13,N,F3,gamma,-0.008861339,0.06385824
sub-13,N,F3,theta,0.05232628,0.106760584
sub-13,N,F4,alpha,-0.075490914,0.17869721
sub-13,N,F4,beta,-0.011522509,0.1193194
sub-13,N,F4,delta,-0.053001255,0.13969961
sub-13,N,F4,gamma,-0.005023263,0.06837373
sub-13,N,F4,theta,0.044975594,0.11731616
sub-13,N,F7,alpha,-0.15013467,0.2401643
sub-13,N,F7,beta,-0.15920466,0.17389432
sub-13,N,F7,delta,-0.01266183,0.1949943
sub-13,N,F7,gamma,-0.08942099,0.1135193
sub-13,N,F7,theta,-0.24277283,0.3123396
sub-13,N,F8,alpha,0.008731166,0.13079748
sub-13,N,F8,beta,-0.15638785,0.18959956
sub-13,N,F8,delta,-0.092526816,0.15646636
sub-13,N,F8,gamma,0.01467031,0.10960831
sub-13,N,F8,theta,-0.04579826,0.11635929
sub-13,N,Fp1,alpha,-0.10317168,0.18343575
sub-13,N,Fp1,beta,-0.0052587115,0.123020895
sub-13,N,Fp1,delta,0.1146511,0.16508552
sub-13,N,Fp1,gamma,-0.09171914,0.12744182
sub-13,N,Fp1,theta,0.021111127,0.09140754
sub-13,N,Fp2,alpha,-0.14950937,0.19523184
sub-13,N,Fp2,beta,0.046952255,0.15300453
sub-13,N,Fp2,delta,0.134145,0.17459834
sub-13,N,Fp2,gamma,-0.06895292,0.11112334
sub-13,N,Fp2,theta,-0.047949582,0.09326832
sub-13,N,Fz,alpha,-0.11883836,0.18913123
sub-13,N,Fz,beta,-0.043144684,0.14086832
sub-13,N,Fz,delta,-0.04016314,0.11501781
sub-13,N,Fz,gamma,-0.019373536,0.094186604
sub-13,N,Fz,theta,0.05578264,0.1122871
sub-13,N,O1,alpha,-0.22327824,0.28087547
sub-13,N,O1,beta,-0.032768946,0.105329014
sub-13,N,O1,delta,0.08446372,0.13387933
sub-13,N,O1,gamma,-0.13729474,0.16607952
sub-13,N,O1,theta,0.0062173363,0.10542316
sub-13,N,O2,alpha,-0.24613094,0.27673277
sub-13,N,O2,beta,-0.05914677,0.1565516
sub-13,N,O2,delta,0.35088143,0.36471605
sub-13,N,O2,gamma,-0.013758416,0.1478041
sub-13,N,O2,theta,0.11797574,0.15164232
sub-13,N,P3,alpha,-0.11944105,0.19512868
sub-13,N,P3,beta,-0.023599949,0.08217696
sub-13,N,P3,delta,0.013316304,0.10582448
sub-13,N,P3,gamma,0.0929922,0.12640518
sub-13,N,P3,theta,-0.06268996,0.16026692
sub-13,N,P4,alpha,-0.03622135,0.14647777
sub-13,N,P4,beta,-0.1566666,0.19061041
sub-13,N,P4,delta,0.020348925,0.09923067
sub-13,N,P4,gamma,0.04657483,0.10090656
sub-13,N,P4,theta,-0.06842304,0.117304265
sub-13,N,Pz,alpha,-0.045699682,0.13744016
sub-13,N,Pz,beta,-0.027120184,0.12559094
sub-13,N,Pz,delta,-0.1329283,0.18204628
sub-13,N,Pz,gamma,0.023777397,0.14023024
sub-13,N,Pz,theta,-0.15215622,0.18324059
sub-14,N,C3,alpha,-0.02287906,0.11653191
sub-14,N,C3,beta,0.06512206,0.114845954
sub-14,N,C3,delta,0.16307642,0.18347193
sub-14,N,C3,gamma,-0.047938686,0.115813896
sub-14,N,C3,theta,0.10256492,0.12129888
sub-14,N,C4,alpha,-0.047348194,0.12828977
sub-14,N,C4,beta,-0.04382123,0.11746858
sub-14,N,C4,delta,0.0029059858,0.092469946
sub-14,N,C4,gamma,0.033179063,0.18829872
sub-14,N,C4,theta,0.06700673,0.11119229
sub-14,N,Cz,alpha,0.056827474,0.15250035
sub-14,N,Cz,beta,0.07553419,0.19550194
sub-14,N,Cz,delta,0.02714721,0.11484582
sub-14,N,Cz,gamma,0.067374416,0.1786544
sub-14,N,Cz,theta,-0.046986364,0.106396
sub-14,N,F3,alpha,-0.0556606,0.13344154
sub-14,N,F3,beta,0.028210977,0.09225209
sub-14,N,F3,delta,-0.05218034,0.1275999
sub-14,N,F3,gamma,-0.007834813,0.07887415
sub-14,N,F3,theta,0.06494221,0.119564414
sub-14,N,F4,alpha,-0.0341011,0.13745032
sub-14,N,F4,beta,-0.009200965,0.11983805
sub-14,N,F4,delta,-0.032875326,0.10738016
sub-14,N,F4,gamma,0.048312705,0.13134095
sub-14,N,F4,theta,0.060823675,0.12823205
sub-14,N,F7,alpha,-0.13558584,0.20693675
sub-14,N,F7,beta,-0.24142258,0.25928774
sub-14,N,F7,delta,-0.004023103,0.14980677
sub-14,N,F7,gamma,-0.14400347,0.18323408
sub-14,N,F7,theta,-0.21170023,0.3035945
sub-14,N,F8,alpha,-0.0016507495,0.10130038
sub-14,N,F8,beta,-0.21234739,0.25059894
sub-14,N,F8,delta,-0.086644955,0.13835329
sub-14,N,F8,gamma,0.06119598,0.15901135
sub-14,N,F8,theta,-0.0234453,0.1351522
sub-14,N,Fp1,alpha,-0.10456636,0.17966186
sub-14,N,Fp1,beta,-0.041467883,0.15481026
sub-14,N,Fp1,delta,0.11445979,0.14349838
sub-14,N,Fp1,gamma,-0.0923398,0.13599956
sub-14,N,Fp1,theta,0.030076208,0.09704612
sub-14,N,Fp2,alpha,-0.14081827,0.19202994
sub-14,N,Fp2,beta,0.016865255,0.18749633
sub-14,N,Fp2,delta,0.12157082,0.14864963
sub-14,N,Fp2,gamma,-0.07619459,0.12954508
sub-14,N,Fp2,theta,-0.06395445,0.11014087
sub-14,N,Fz,alpha,-0.07936042,0.14847313
sub-14,N,Fz,beta,-0.04222214,0.13807224
sub-14,N,Fz,delta,-0.050026525,0.1243756
sub-14,N,Fz,gamma,-0.040510975,0.116333745
sub-14,N,Fz,theta,0.08395481,0.13222896
sub-14,N,O1,alpha,-0.17088789,0.21857832
sub-14,N,O1,beta,-0.030333262,0.11717592
sub-14,N,O1,delta,0.097130194,0.1354257
sub-14,N,O1,gamma,-0.21118724,0.24106455
sub-14,N,O1,theta,0.017822798,0.11883295
sub-14,N,O2,alpha,-0.18283625,0.21250854
sub-14,N,O2,beta,-0.045664113,0.15778217
sub-14,N,O2,delta,0.33097234,0.34320804
sub-14,N,O2,gamma,-0.029498648,0.1312742
sub-14,N,O2,theta,0.13857488,0.17960176
sub-14,N,P3,alpha,-0.09407439,0.15550038
sub-14,N,P3,beta,-0.044440787,0.10977843
sub-14,N,P3,delta,0.022680176,0.09591021
sub-14,N,P3,gamma,0.0795227,0.1434335
sub-14,N,P3,theta,-0.010344403,0.17196889
sub-14,N,P4,alpha,-0.024368752,0.10953522
sub-14,N,P4,beta,-0.25196227,0.28642672
sub-14,N,P4,delta,0.015488191,0.10448739
sub-14,N,P4,gamma,0.07416488,0.1321435
sub-14,N,P4,theta,-0.017990354,0.15862918
sub-14,N,Pz,alpha,-0.03484314,0.123588845
sub-14,N,Pz,beta,-0.022337975,0.11477033
sub-14,N,Pz,delta,-0.094108045,0.14637195
sub-14,N,Pz,gamma,0.009067276,0.1267334
sub-14,N,Pz,theta,-0.1214213,0.17573594
sub-15,N,C3,alpha,0.009798806,0.08574321
sub-15,N,C3,beta,0.014774673,0.17733298
sub-15,N,C3,delta,0.14581904,0.16201216
sub-15,N,C3,gamma,-0.067818545,0.10136162
sub-15,N,C3,theta,0.08284416,0.097916566
sub-15,N,C4,alpha,-0.035089828,0.10372956
sub-15,N,C4,beta,-0.040104274,0.13058756
sub-15,N,C4,delta,-0.014532194,0.086244345
sub-15,N,C4,gamma,-0.011827473,0.15425952
sub-15,N,C4,theta,0.051036138,0.095274985
sub-15,N,Cz,alpha,0.039800644,0.12274338
sub-15,N,Cz,beta,0.043461,0.2526261
sub-15,N,Cz,delta,0.04572761,0.10411538
sub-15,N,Cz,gamma,0.0245299,0.14893548
sub-15,N,Cz,theta,-0.037684225,0.090332136
sub-15,N,F3,alpha,-0.027273692,0.06957731
sub-15,N,F3,beta,0.03403639,0.14959848
sub-15,N,F3,delta,-0.016773814,0.081726454
sub-15,N,F3,gamma,-0.01942946,0.12352039
sub-15,N,F3,theta,0.027780233,0.06308413
sub-15,N,F4,alpha,0.019323176,0.05898264
sub-15,N,F4,beta,-0.0030505396,0.15586308
sub-15,N,F4,delta,-0.0071069887,0.054818824
sub-15,N,F4,gamma,0.08148187,0.2009736
sub-15,N,F4,theta,0.01898999,0.066812545
sub-15,N,F7,alpha,-0.10449472,0.1399098
sub-15,N,F7,beta,-0.26442692,0.2986142
sub-15,N,F7,delta,-0.015603479,0.14039995
sub-15,N,F7,gamma,-0.14176671,0.1925919
sub-15,N,F7,theta,-0.20067054,0.28365356
sub-15,N,F8,alpha,-0.013559278,0.055211786
sub-15,N,F8,beta,-0.2295655,0.32759258
sub-15,N,F8,delta,-0.0663246,0.107531816
sub-15,N,F8,gamma,0.106208876,0.22816578
sub-15,N,F8,theta,-0.030502606,0.081892006
sub-15,N,Fp1,alpha,-0.05105766,0.09158381
sub-15,N,Fp1,beta,-0.10554331,0.21190529
sub-15,N,Fp1,delta,0.087712415,0.10890795
sub-15,N,Fp1,gamma,-0.11836126,0.17179604
sub-15,N,Fp1,theta,0.009770247,0.054805577
sub-15,N,Fp2,alpha,-0.025283815,0.06357995
sub-15,N,Fp2,beta,0.036758784,0.22564517
sub-15,N,Fp2,delta,0.07259159,0.091154
sub-15,N,Fp2,gamma,-0.065928385,0.20182793
sub-15,N,Fp2,theta,-0.029931467,0.051975712
sub-15,N,Fz,alpha,-0.033549845,0.098922245
sub-15,N,Fz,beta,0.017343143,0.22508137
sub-15,N,Fz,delta,-0.03409709,0.08664194
sub-15,N,Fz,gamma,-0.13738362,0.21107638
sub-15,N,Fz,theta,0.04934339,0.08752716
sub-15,N,O1,alpha,-0.14169443,0.17416291
sub-15,N,O1,beta,-0.00030826338,0.15366636
sub-15,N,O1,delta,0.101280995,0.14518028
sub-15,N,O1,gamma,-0.22113325,0.25221083
sub-15,N,O1,theta,0.0400141,0.117202386
sub-15,N,O2,alpha,-0.120841786,0.14627223
sub-15,N,O2,beta,-0.0120669715,0.18878798
sub-15,N,O2,delta,0.37566984,0.39034462
sub-15,N,O2,gamma,-0.038178243,0.13083428
sub-15,N,O2,theta,0.17366287,0.19762775
sub-15,N,P3,alpha,-0.049104724,0.10522799
sub-15,N,P3,beta,-0.056557834,0.15125455
sub-15,N,P3,delta,0.007592395,0.104228705
sub-15,N,P3,gamma,0.060151674,0.13800973
sub-15,N,P3,theta,-0.013036219,0.17225783
sub-15,N,P4,alpha,-0.011545885,0.081039555
sub-15,N,P4,beta,-0.28838572,0.33122155
sub-15,N,P4,delta,-0.006220793,0.1295492
sub-15,N,P4,gamma,0.07020488,0.12793636
sub-15,N,P4,theta,-0.017210623,0.13255194
sub-15,N,Pz,alpha,-0.017145645,0.0911832
sub-15,N,Pz,beta,0.0068346458,0.15207241
sub-15,N,Pz,delta,-0.09001332,0.15149094
sub-15,N,Pz,gamma,-0.023261245,0.12932141
sub-15,N,Pz,theta,-0.11088821,0.15312769
sub-16,N,C3,alpha,-0.050423764,0.1360977
sub-16,N,C3,beta,0.07745806,0.12011976
sub-16,N,C3,delta,0.098202586,0.11462161
sub-16,N,C3,gamma,0.0378616,0.17634116
sub-16,N,C3,theta,0.028648611,0.05195527
sub-16,N,C4,alpha,-0.0708835,0.15940265
sub-16,N,C4,beta,-0.026821855,0.10699006
sub-16,N,C4,delta,0.031778853,0.09963837
sub-16,N,C4,gamma,-0.011305847,0.083673775
sub-16,N,C4,theta,0.027047027,0.077048056
sub-16,N,Cz,alpha,0.07952649,0.22227564
sub-16,N,Cz,beta,0.05328563,0.15599607
sub-16,N,Cz,delta,0.028508784,0.05975013
sub-16,N,Cz,gamma,0.018883703,0.09578732
sub-16,N,Cz,theta,-0.031069677,0.07052516
sub-16,N,F3,alpha,-0.049141083,0.17498964
sub-16,N,F3,beta,0.013999589,0.07555249
sub-16,N,F3,delta,-0.034056388,0.078245
sub-16,N,F3,gamma,0.022105599,0.110790476
sub-16,N,F3,theta,0.020690436,0.05769716
sub-16,N,F4,alpha,-0.0972849,0.21763462
sub-16,N,F4,beta,-0.03591239,0.07688832
sub-16,N,F4,delta,-0.0017945193,0.072372094
sub-16,N,F4,gamma,-0.008211183,0.043077707
sub-16,N,F4,theta,-0.0050258376,0.062382687
sub-16,N,F7,alpha,-0.15996024,0.26098517
sub-16,N,F7,beta,-0.14299445,0.1690479
sub-16,N,F7,delta,-0.018338019,0.15868624
sub-16,N,F7,gamma,-0.103982255,0.16398549
sub-16,N,F7,theta,-0.24390042,0.2620371
sub-16,N,F8,alpha,-0.042809546,0.16841531
sub-16,N,F8,beta,-0.06433179,0.10495484
sub-16,N,F8,delta,-0.0668402,0.1334214
sub-16,N,F8,gamma,-0.0047861864,0.04833262
sub-16,N,F8,theta,-0.048386905,0.09529718
sub-16,N,Fp1,alpha,-0.07025659,0.22020648
sub-16,N,Fp1,beta,0.004820903,0.102930754
sub-16,N,Fp1,delta,0.0846872,0.12770846
sub-16,N,Fp1,gamma,-0.07683366,0.09444692
sub-16,N,Fp1,theta,0.006271696,0.07626691
sub-16,N,Fp2,alpha,-0.13753197,0.24980623
sub-16,N,Fp2,beta,0.046826847,0.13056973
sub-16,N,Fp2,delta,0.1025577,0.11796749
sub-16,N,Fp2,gamma,-0.038774777,0.058574986
sub-16,N,Fp2,theta,-0.028460197,0.072326615
sub-16,N,Fz,alpha,-0.14620641,0.21768017
sub-16,N,Fz,beta,-0.04467597,0.09247465
sub-16,N,Fz,delta,-0.02464184,0.059162024
sub-16,N,Fz,gamma,-0.02302918,0.07198976
sub-16,N,Fz,theta,-0.0010486456,0.0443539
sub-16,N,O1,alpha,-0.1950854,0.2898982
sub-16,N,O1,beta,-0.02611196,0.08326917
sub-16,N,O1,delta,0.026389267,0.057828147
sub-16,N,O1,gamma,-0.0117395315,0.04473582
sub-16,N,O1,theta,-0.0055364454,0.06598919
sub-16,N,O2,alpha,-0.27072483,0.33190295
sub-16,N,O2,beta,-0.052994035,0.07936462
sub-16,N,O2,delta,0.059835408,0.071955256
sub-16,N,O2,gamma,-0.018017441,0.03249735
sub-16,N,O2,theta,0.030489378,0.044674035
sub-16,N,P3,alpha,-0.113666475,0.2171308
sub-16,N,P3,beta,0.0024309356,0.07888168
sub-16,N,P3,delta,0.033136114,0.0550179
sub-16,N,P3,gamma,0.04264848,0.06084209
sub-16,N,P3,theta,-0.08649881,0.097394116
sub-16,N,P4,alpha,-0.037839383,0.17579216
sub-16,N,P4,beta,-0.14470989,0.18803748
sub-16,N,P4,delta,0.024723303,0.06032823
sub-16,N,P4,gamma,0.0016236163,0.038866196
sub-16,N,P4,theta,-0.073666245,0.10225256
sub-16,N,Pz,alpha,-0.057106007,0.18591547
sub-16,N,Pz,beta,-0.02177808,0.088696554
sub-16,N,Pz,delta,-0.041675456,0.08295102
sub-16,N,Pz,gamma,0.010073025,0.054420784
sub-16,N,Pz,theta,-0.12219485,0.13554308
sub-17,N,C3,alpha,-0.0076428447,0.08816041
sub-17,N,C3,beta,0.05792067,0.10323804
sub-17,N,C3,delta,0.1765087,0.21383841
sub-17,N,C3,gamma,-0.052336812,0.11947329
sub-17,N,C3,theta,0.11658685,0.13982661
sub-17,N,C4,alpha,-0.04028877,0.09672202
sub-17,N,C4,beta,-0.045966342,0.11541911
sub-17,N,C4,delta,-0.007677795,0.11639616
sub-17,N,C4,gamma,0.047969356,0.23008591
sub-17,N,C4,theta,0.07896793,0.1256408
sub-17,N,Cz,alpha,0.047586903,0.13110735
sub-17,N,Cz,beta,0.09697922,0.1799823
sub-17,N,Cz,delta,0.0074624615,0.14106603
sub-17,N,Cz,gamma,0.037895355,0.13413747
sub-17,N,Cz,theta,-0.053689603,0.12514961
sub-17,N,F3,alpha,-0.050728116,0.099605374
sub-17,N,F3,beta,0.033826753,0.08836133
sub-17,N,F3,delta,-0.08707392,0.17393911
sub-17,N,F3,gamma,-0.01076186,0.08052328
sub-17,N,F3,theta,0.09028132,0.1482514
sub-17,N,F4,alpha,0.016959341,0.08469647
sub-17,N,F4,beta,-0.013943915,0.105854064
sub-17,N,F4,delta,-0.06430704,0.15026188
sub-17,N,F4,gamma,0.034241088,0.12298049
sub-17,N,F4,theta,0.077070236,0.14490058
sub-17,N,F7,alpha,-0.13145822,0.20670299
sub-17,N,F7,beta,-0.18844236,0.20231473
sub-17,N,F7,delta,-0.0055798604,0.1616727
sub-17,N,F7,gamma,-0.088460416,0.12466821
sub-17,N,F7,theta,-0.19145048,0.29135755
sub-17,N,F8,alpha,0.0086748805,0.100535534
sub-17,N,F8,beta,-0.20435748,0.23681632
sub-17,N,F8,delta,-0.08247707,0.14496589
sub-17,N,F8,gamma,0.036182616,0.12520854
sub-17,N,F8,theta,-0.015755119,0.1075349
sub-17,N,Fp1,alpha,-0.101810046,0.15438356
sub-17,N,Fp1,beta,-0.01848708,0.1413122
sub-17,N,Fp1,delta,0.12455246,0.17135637
sub-17,N,Fp1,gamma,-0.07482141,0.10999359
sub-17,N,Fp1,theta,0.034052223,0.1041736
sub-17,N,Fp2,alpha,-0.099077746,0.13325368
sub-17,N,Fp2,beta,0.047370553,0.161144
sub-17,N,Fp2,delta,0.12217472,0.16983593
sub-17,N,Fp2,gamma,-0.046630517,0.11608243
sub-17,N,Fp2,theta,-0.06962556,0.10484447
sub-17,N,Fz,alpha,-0.03162685,0.09226512
sub-17,N,Fz,beta,-0.036737755,0.14460212
sub-17,N,Fz,delta,-0.06254257,0.15237038
sub-17,N,Fz,gamma,-0.070812255,0.13126339
sub-17,N,Fz,theta,0.15415668,0.20050982
sub-17,N,O1,alpha,-0.16643086,0.19621542
sub-17,N,O1,beta,-0.008335092,0.14381094
sub-17,N,O1,delta,0.11583832,0.16047178
sub-17,N,O1,gamma,-0.27506292,0.3077498
sub-17,N,O1,theta,0.031459477,0.1132712
sub-17,N,O2,alpha,-0.13856158,0.15754645
sub-17,N,O2,beta,-0.035514116,0.16765617
sub-17,N,O2,delta,0.38250077,0.39804438
sub-17,N,O2,gamma,-0.04588998,0.13667281
sub-17,N,O2,theta,0.16708122,0.2070926
sub-17,N,P3,alpha,-0.07899047,0.122366615
sub-17,N,P3,beta,-0.064756416,0.1322821
sub-17,N,P3,delta,0.021935258,0.115545005
sub-17,N,P3,gamma,0.068833396,0.15196835
sub-17,N,P3,theta,0.0015523506,0.17897166
sub-17,N,P4,alpha,-0.027853671,0.085469484
sub-17,N,P4,beta,-0.26149824,0.29421067
sub-17,N,P4,delta,-0.011365001,0.14467378
sub-17,N,P4,gamma,0.060671095,0.12274334
sub-17,N,P4,theta,-0.010364641,0.17640984
sub-17,N,Pz,alpha,-0.022384077,0.096435696
sub-17,N,Pz,beta,-0.020886589,0.124575004
sub-17,N,Pz,delta,-0.09744281,0.16581097
sub-17,N,Pz,gamma,0.0019325317,0.11915316
sub-17,N,Pz,theta,-0.11037889,0.16869426
sub-18,N,C3,alpha,-0.03634047,0.13187493
sub-18,N,C3,beta,0.056511395,0.09542068
sub-18,N,C3,delta,0.16785747,0.1896763
sub-18,N,C3,gamma,-0.0355011,0.09874996
sub-18,N,C3,theta,0.096179575,0.118500635
sub-18,N,C4,alpha,-0.050906137,0.13471645
sub-18,N,C4,beta,-0.04181245,0.10643275
sub-18,N,C4,delta,0.00857013,0.108798936
sub-18,N,C4,gamma,0.06909651,0.20671554
sub-18,N,C4,theta,0.10220042,0.14954013
sub-18,N,Cz,alpha,0.0732562,0.18045254
sub-18,N,Cz,beta,0.081939,0.16997702
sub-18,N,Cz,delta,0.015490127,0.11243314
sub-18,N,Cz,gamma,0.06606924,0.1540282
sub-18,N,Cz,theta,-0.046111844,0.105570875
sub-18,N,F3,alpha,-0.060124785,0.14057973
sub-18,N,F3,beta,0.0151516115,0.066829406
sub-18,N,F3,delta,-0.09031432,0.16752696
sub-18,N,F3,gamma,-0.0062363935,0.07183262
sub-18,N,F3,theta,0.04655218,0.09704034
sub-18,N,F4,alpha,-0.059829827,0.16387501
sub-18,N,F4,beta,-0.024246007,0.092706874
sub-18,N,F4,delta,-0.040635154,0.12217581
sub-18,N,F4,gamma,0.005468703,0.0791572
sub-18,N,F4,theta,0.051606372,0.12161096
sub-18,N,F7,alpha,-0.14150529,0.23993692
sub-18,N,F7,beta,-0.16592991,0.18187444
sub-18,N,F7,delta,-0.0034711743,0.15378425
sub-18,N,F7,gamma,-0.09477071,0.119660385
sub-18,N,F7,theta,-0.21720277,0.2942668
sub-18,N,F8,alpha,-0.009083299,0.13094433
sub-18,N,F8,beta,-0.1535428,0.18662636
sub-18,N,F8,delta,-0.07594012,0.13436735
sub-18,N,F8,gamma,0.021021131,0.10901646
sub-18,N,F8,theta,-0.035266854,0.10978035
sub-18,N,Fp1,alpha,-0.09842192,0.19328825
sub-18,N,Fp1,beta,-0.0030933535,0.12105611
sub-18,N,Fp1,delta,0.10561198,0.1451573
sub-18,N,Fp1,gamma,-0.08450277,0.11761529
sub-18,N,Fp1,theta,0.028152825,0.094644055
sub-18,N,Fp2,alpha,-0.15026581,0.21200854
sub-18,N,Fp2,beta,0.04407608,0.15096052
sub-18,N,Fp2,delta,0.12217971,0.15402743
sub-18,N,Fp2,gamma,-0.05828174,0.10171245
sub-18,N,Fp2,theta,-0.05533792,0.10326688
sub-18,N,Fz,alpha,-0.08681985,0.16135117
sub-18,N,Fz,beta,-0.050489917,0.1241957
sub-18,N,Fz,delta,-0.047911856,0.12479256
sub-18,N,Fz,gamma,-0.036175467,0.11890647
sub-18,N,Fz,theta,0.07708398,0.1267253
sub-18,N,O1,alpha,-0.19828136,0.25664666
sub-18,N,O1,beta,-0.02244407,0.13497183
sub-18,N,O1,delta,0.07830184,0.11474307
sub-18,N,O1,gamma,-0.2678907,0.3130878
sub-18,N,O1,theta,0.010821357,0.090533905
sub-18,N,O2,alpha,-0.20550837,0.23709945
sub-18,N,O2,beta,-0.048597302,0.16287039
sub-18,N,O2,delta,0.3185618,0.33246222
sub-18,N,O2,gamma,-0.05084279,0.17549834
sub-18,N,O2,theta,0.10805197,0.135998
sub-18,N,P3,alpha,-0.103769906,0.17832984
sub-18,N,P3,beta,-0.034221813,0.08980958
sub-18,N,P3,delta,0.022292608,0.09499681
sub-18,N,P3,gamma,0.07843606,0.13419409
sub-18,N,P3,theta,-0.039023187,0.14622064
sub-18,N,P4,alpha,-0.031054093,0.12870745
sub-18,N,P4,beta,-0.17311907,0.20586632
sub-18,N,P4,delta,0.010436113,0.101141244
sub-18,N,P4,gamma,0.060557432,0.11944506
sub-18,N,P4,theta,-0.039009742,0.1456828
sub-18,N,Pz,alpha,-0.042995565,0.15103666
sub-18,N,Pz,beta,-0.028775701,0.09424854
sub-18,N,Pz,delta,-0.08375104,0.13205916
sub-18,N,Pz,gamma,0.018860873,0.10217328
sub-18,N,Pz,theta,-0.12889937,0.16257906
sub-19,N,C3,alpha,-0.051387243,0.14707668
sub-19,N,C3,beta,0.07908996,0.11730308
sub-19,N,C3,delta,0.1767183,0.18977597
sub-19,N,C3,gamma,-0.030933022,0.0870843
sub-19,N,C3,theta,0.065616466,0.083941355
sub-19,N,C4,alpha,-0.05830359,0.1509401
sub-19,N,C4,beta,-0.029388491,0.11449593
sub-19,N,C4,delta,0.024481775,0.102942854
sub-19,N,C4,gamma,-0.013524631,0.09830536
sub-19,N,C4,theta,0.052837737,0.102917746
sub-19,N,Cz,alpha,0.07885691,0.19698566
sub-19,N,Cz,beta,0.07154392,0.1604112
sub-19,N,Cz,delta,0.032811332,0.10277177
sub-19,N,Cz,gamma,0.09878604,0.17507948
sub-19,N,Cz,theta,-0.041527495,0.10242556
sub-19,N,F3,alpha,-0.058754377,0.1638874
sub-19,N,F3,beta,0.01956354,0.078319885
sub-19,N,F3,delta,-0.05733413,0.12693459
sub-19,N,F3,gamma,0.0016866013,0.073462024
sub-19,N,F3,theta,0.042335093,0.093921766
sub-19,N,F4,alpha,-0.10025034,0.20841122
sub-19,N,F4,beta,-0.024548372,0.101577066
sub-19,N,F4,delta,-0.02465576,0.11100758
sub-19,N,F4,gamma,-0.0019614482,0.05797124
sub-19,N,F4,theta,0.02789339,0.10484516
sub-19,N,F7,alpha,-0.13944718,0.27003375
sub-19,N,F7,beta,-0.19571675,0.21429344
sub-19,N,F7,delta,0.012497865,0.15336697
sub-19,N,F7,gamma,-0.065908924,0.08853437
sub-19,N,F7,theta,-0.24833775,0.3009866
sub-19,N,F8,alpha,-0.024736322,0.16319773
sub-19,N,F8,beta,-0.15019663,0.1906257
sub-19,N,F8,delta,-0.06662187,0.124492064
sub-19,N,F8,gamma,-0.012851108,0.05484786
sub-19,N,F8,theta,-0.0477234,0.11403458
sub-19,N,Fp1,alpha,-0.09503266,0.20926009
sub-19,N,Fp1,beta,-0.011237543,0.13612553
sub-19,N,Fp1,delta,0.10296869,0.13387099
sub-19,N,Fp1,gamma,-0.09327597,0.14076951
sub-19,N,Fp1,theta,0.01971924,0.088855356
sub-19,N,Fp2,alpha,-0.1691532,0.23504245
sub-19,N,Fp2,beta,0.014968977,0.18202698
sub-19,N,Fp2,delta,0.13833793,0.15482455
sub-19,N,Fp2,gamma,-0.09025303,0.12878542
sub-19,N,Fp2,theta,-0.034500107,0.08833489
sub-19,N,Fz,alpha,-0.12073148,0.19215406
sub-19,N,Fz,beta,-0.050229367,0.111083135
sub-19,N,Fz,delta,-0.033601213,0.10421876
sub-19,N,Fz,gamma,-0.0020516845,0.10249204
sub-19,N,Fz,theta,0.062360432,0.12400904
sub-19,N,O1,alpha,-0.20540097,0.28794557
sub-19,N,O1,beta,-0.026742237,0.09278241
sub-19,N,O1,delta,0.060169272,0.09344634
sub-19,N,O1,gamma,-0.039261106,0.06796834
sub-19,N,O1,theta,-0.0009945456,0.07088197
sub-19,N,O2,alpha,-0.2626384,0.30585876
sub-19,N,O2,beta,-0.05680073,0.15487368
sub-19,N,O2,delta,0.27939403,0.29049912
sub-19,N,O2,gamma,-0.0082446635,0.1134239
sub-19,N,O2,theta,0.08678888,0.11839827
sub-19,N,P3,alpha,-0.121632256,0.20877835
sub-19,N,P3,beta,-0.012563472,0.074607894
sub-19,N,P3,delta,0.03030842,0.07065823
sub-19,N,P3,gamma,0.066409566,0.082800694
sub-19,N,P3,theta,-0.065698266,0.09448322
sub-19,N,P4,alpha,-0.0342308,0.15563151
sub-19,N,P4,beta,-0.1274844,0.16404042
sub-19,N,P4,delta,0.026634231,0.09490075
sub-19,N,P4,gamma,0.014932544,0.0595909
sub-19,N,P4,theta,-0.054578934,0.09011215
sub-19,N,Pz,alpha,-0.053279217,0.17628093
sub-19,N,Pz,beta,-0.027578183,0.100795455
sub-19,N,Pz,delta,-0.08960068,0.13380502
sub-19,N,Pz,gamma,0.027062548,0.07531454
sub-19,N,Pz,theta,-0.14238207,0.15846889
sub-20,N,C3,alpha,-0.02044103,0.12032894
sub-20,N,C3,beta,0.09108118,0.13754298
sub-20,N,C3,delta,0.19241232,0.20874842
sub-20,N,C3,gamma,-0.03946122,0.09159762
sub-20,N,C3,theta,0.11606369,0.13798802
sub-20,N,C4,alpha,-0.052896686,0.13288571
sub-20,N,C4,beta,-0.0328213,0.13241412
sub-20,N,C4,delta,0.010514966,0.11504333
sub-20,N,C4,gamma,0.021363458,0.15372479
sub-20,N,C4,theta,0.08600905,0.13908851
sub-20,N,Cz,alpha,0.07274494,0.19132422
sub-20,N,Cz,beta,0.10477237,0.19031481
sub-20,N,Cz,delta,0.03398409,0.104138814
sub-20,N,Cz,gamma,0.052695755,0.13326466
sub-20,N,Cz,theta,-0.053319193,0.11652515
sub-20,N,F3,alpha,-0.06684554,0.15409943
sub-20,N,F3,beta,0.032147303,0.09769197
sub-20,N,F3,delta,-0.05588823,0.13391331
sub-20,N,F3,gamma,-0.01045776,0.06525684
sub-20,N,F3,theta,0.05258704,0.10594826
sub-20,N,F4,alpha,-0.08016765,0.19017747
sub-20,N,F4,beta,-0.009464022,0.11365922
sub-20,N,F4,delta,-0.046809074,0.12757012
sub-20,N,F4,gamma,0.0018550786,0.06699056
sub-20,N,F4,theta,0.03783616,0.110898234
sub-20,N,F7,alpha,-0.14782082,0.25133756
sub-20,N,F7,beta,-0.2217912,0.24318105
sub-20,N,F7,delta,0.009705138,0.15703608
sub-20,N,F7,gamma,-0.12687695,0.16138826
sub-20,N,F7,theta,-0.23330328,0.32581258
sub-20,N,F8,alpha,0.0061178193,0.1414998
sub-20,N,F8,beta,-0.20889296,0.25577882
sub-20,N,F8,delta,-0.06512444,0.12001656
sub-20,N,F8,gamma,0.09166191,0.18635945
sub-20,N,F8,theta,-0.046022978,0.120432705
sub-20,N,Fp1,alpha,-0.09988609,0.17781898
sub-20,N,Fp1,beta,0.01179755,0.098297045
sub-20,N,Fp1,delta,0.12607118,0.18282045
sub-20,N,Fp1,gamma,-0.08017908,0.09641189
sub-20,N,Fp1,theta,0.014708317,0.08500236
sub-20,N,Fp2,alpha,-0.14452899,0.20047256
sub-20,N,Fp2,beta,0.058717526,0.14088705
sub-20,N,Fp2,delta,0.14184931,0.18242064
sub-20,N,Fp2,gamma,-0.041156728,0.06813022
sub-20,N,Fp2,theta,-0.049338464,0.09351092
sub-20,N,Fz,alpha,-0.114949875,0.18668017
sub-20,N,Fz,beta,-0.044157013,0.1359402
sub-20,N,Fz,delta,-0.04360313,0.124258615
sub-20,N,Fz,gamma,-0.022790913,0.08491316
sub-20,N,Fz,theta,0.031588726,0.087023064
sub-20,N,O1,alpha,-0.2095101,0.27160594
sub-20,N,O1,beta,-0.035051573,0.107503526
sub-20,N,O1,delta,0.08313166,0.13512738
sub-20,N,O1,gamma,-0.10031795,0.12470652
sub-20,N,O1,theta,-0.0006760811,0.097114444
sub-20,N,O2,alpha,-0.24855436,0.27712932
sub-20,N,O2,beta,-0.05912973,0.15637472
sub-20,N,O2,delta,0.3661833,0.37886164
sub-20,N,O2,gamma,-0.023542186,0.14685006
sub-20,N,O2,theta,0.106197044,0.13815242
sub-20,N,P3,alpha,-0.11702331,0.1952855
sub-20,N,P3,beta,-0.023465713,0.087996945
sub-20,N,P3,delta,0.019125855,0.10509989
sub-20,N,P3,gamma,0.06251047,0.080201946
sub-20,N,P3,theta,-0.068935364,0.1530286
sub-20,N,P4,alpha,-0.030808544,0.13308895
sub-20,N,P4,beta,-0.24498414,0.27746907
sub-20,N,P4,delta,-0.012528652,0.14975454
sub-20,N,P4,gamma,0.039725706,0.09003345
sub-20,N,P4,theta,-0.08725281,0.14522865
sub-20,N,Pz,alpha,-0.048533253,0.14570372
sub-20,N,Pz,beta,-0.02631136,0.12132046
sub-20,N,Pz,delta,-0.14044489,0.18793331
sub-20,N,Pz,gamma,0.024315612,0.08499928
sub-20,N,Pz,theta,-0.15187362,0.17580812
sub-21,N,C3,alpha,-0.02656295,0.12252943
sub-21,N,C3,beta,0.059535474,0.096503295
sub-21,N,C3,delta,0.17222226,0.18966348
sub-21,N,C3,gamma,-0.037157305,0.11070124
sub-21,N,C3,theta,0.122930974,0.14590107
sub-21,N,C4,alpha,-0.049321245,0.13402396
sub-21,N,C4,beta,-0.0422757,0.107659176
sub-21,N,C4,delta,0.010963032,0.10306342
sub-21,N,C4,gamma,0.069194205,0.24847983
sub-21,N,C4,theta,0.06026125,0.10538603
sub-21,N,Cz,alpha,0.06501434,0.16587426
sub-21,N,Cz,beta,0.088789254,0.1796441
sub-21,N,Cz,delta,0.016869145,0.12014567
sub-21,N,Cz,gamma,0.049605854,0.12976328
sub-21,N,Cz,theta,-0.05442791,0.11429348
sub-21,N,F3,alpha,-0.07390619,0.1545386
sub-21,N,F3,beta,0.022251414,0.075051785
sub-21,N,F3,delta,-0.058849644,0.13879254
sub-21,N,F3,gamma,-0.007471698,0.07254406
sub-21,N,F3,theta,0.06958975,0.12252666
sub-21,N,F4,alpha,-0.061028246,0.15863182
sub-21,N,F4,beta,-0.0150534855,0.10474355
sub-21,N,F4,delta,-0.042696618,0.1234158
sub-21,N,F4,gamma,0.07028215,0.14653176
sub-21,N,F4,theta,0.054724906,0.12553208
sub-21,N,F7,alpha,-0.1362012,0.20588812
sub-21,N,F7,beta,-0.10065457,0.11323314
sub-21,N,F7,delta,-0.0032895533,0.19364405
sub-21,N,F7,gamma,-0.089969605,0.11183647
sub-21,N,F7,theta,-0.20395523,0.3173815
sub-21,N,F8,alpha,0.0040208483,0.11042283
sub-21,N,F8,beta,-0.080400325,0.10706919
sub-21,N,F8,delta,-0.08454068,0.15206632
sub-21,N,F8,gamma,0.012465908,0.09567517
sub-21,N,F8,theta,0.002152645,0.15479513
sub-21,N,Fp1,alpha,-0.11514798,0.19954665
sub-21,N,Fp1,beta,-0.0020213702,0.12474224
sub-21,N,Fp1,delta,0.10641622,0.14397393
sub-21,N,Fp1,gamma,-0.08108016,0.112758815
sub-21,N,Fp1,theta,0.041275375,0.107346535
sub-21,N,Fp2,alpha,-0.17490233,0.227542
sub-21,N,Fp2,beta,0.03876,0.16204226
sub-21,N,Fp2,delta,0.12168232,0.14584906
sub-21,N,Fp2,gamma,-0.068614,0.11884196
sub-21,N,Fp2,theta,-0.058435533,0.11343867
sub-21,N,Fz,alpha,-0.09088154,0.16375029
sub-21,N,Fz,beta,-0.044715274,0.13370319
sub-21,N,Fz,delta,-0.04401124,0.12798306
sub-21,N,Fz,gamma,-0.024758887,0.11146024
sub-21,N,Fz,theta,0.070042565,0.11294659
sub-21,N,O1,alpha,-0.20009089,0.24460156
sub-21,N,O1,beta,-0.018123575,0.14273782
sub-21,N,O1,delta,0.08480374,0.12199611
sub-21,N,O1,gamma,-0.30086464,0.36027974
sub-21,N,O1,theta,0.019719435,0.111071475
sub-21,N,O2,alpha,-0.21423914,0.23780198
sub-21,N,O2,beta,-0.042255856,0.17181534
sub-21,N,O2,delta,0.28765225,0.30060425
sub-21,N,O2,gamma,-0.061943665,0.18798211
sub-21,N,O2,theta,0.13341324,0.1746051
sub-21,N,P3,alpha,-0.11569772,0.18205063
sub-21,N,P3,beta,-0.031882502,0.07745059
sub-21,N,P3,delta,0.025012888,0.09290783
sub-21,N,P3,gamma,0.08489654,0.13885361
sub-21,N,P3,theta,-0.01860173,0.18533166
sub-21,N,P4,alpha,-0.032884058,0.12620397
sub-21,N,P4,beta,-0.16103584,0.19497134
sub-21,N,P4,delta,0.012432151,0.115165606
sub-21,N,P4,gamma,0.044742506,0.09598234
sub-21,N,P4,theta,-0.04312277,0.17165558
sub-21,N,Pz,alpha,-0.043528803,0.14166506
sub-21,N,Pz,beta,-0.026281856,0.107914194
sub-21,N,Pz,delta,-0.10208307,0.14898227
sub-21,N,Pz,gamma,0.030152386,0.10425267
sub-21,N,Pz,theta,-0.13725105,0.17445447
sub-22,N,C3,alpha,-0.0033640726,0.10530912
sub-22,N,C3,beta,0.08545454,0.131908
sub-22,N,C3,delta,0.19555953,0.21895446
sub-22,N,C3,gamma,-0.044873796,0.114685714
sub-22,N,C3,theta,0.083556056,0.102822974
sub-22,N,C4,alpha,-0.045977477,0.13352016
sub-22,N,C4,beta,-0.02408806,0.12275813
sub-22,N,C4,delta,-0.0031675785,0.11514288
sub-22,N,C4,gamma,-0.00644269,0.14526436
sub-22,N,C4,theta,0.044867676,0.09252493
sub-22,N,Cz,alpha,0.087065175,0.20100449
sub-22,N,Cz,beta,0.09425257,0.19079253
sub-22,N,Cz,delta,0.037139606,0.07830508
sub-22,N,Cz,gamma,0.06622173,0.14874023
sub-22,N,Cz,theta,-0.038250186,0.08590395
sub-22,N,F3,alpha,-0.06906171,0.1483542
sub-22,N,F3,beta,0.035968546,0.094251715
sub-22,N,F3,delta,-0.11177501,0.19358534
sub-22,N,F3,gamma,-0.0061331764,0.083573006
sub-22,N,F3,theta,0.02775046,0.07731905
sub-22,N,F4,alpha,-0.041185725,0.14430466
sub-22,N,F4,beta,-0.0002966438,0.12147743
sub-22,N,F4,delta,-0.07197778,0.15029152
sub-22,N,F4,gamma,-0.011166974,0.06617129
sub-22,N,F4,theta,0.03177117,0.0982349
sub-22,N,F7,alpha,-0.12631367,0.20555994
sub-22,N,F7,beta,-0.12825781,0.14546774
sub-22,N,F7,delta,-0.03239157,0.20879978
sub-22,N,F7,gamma,-0.070187226,0.10083723
sub-22,N,F7,theta,-0.24010386,0.28218794
sub-22,N,F8,alpha,0.008741635,0.099711135
sub-22,N,F8,beta,-0.09127571,0.11914865
sub-22,N,F8,delta,-0.10210029,0.1771488
sub-22,N,F8,gamma,-0.004671504,0.067110345
sub-22,N,F8,theta,-0.0390055,0.092753716
sub-22,N,Fp1,alpha,-0.09685608,0.17848192
sub-22,N,Fp1,beta,-0.008391298,0.12561472
sub-22,N,Fp1,delta,0.116815545,0.16538423
sub-22,N,Fp1,gamma,-0.089398146,0.13908309
sub-22,N,Fp1,theta,0.020692568,0.082652755
sub-22,N,Fp2,alpha,-0.14625679,0.19747944
sub-22,N,Fp2,beta,0.04093921,0.15982893
sub-22,N,Fp2,delta,0.13258763,0.17354733
sub-22,N,Fp2,gamma,-0.068541996,0.11241623
sub-22,N,Fp2,theta,-0.040502287,0.08620733
sub-22,N,Fz,alpha,-0.09173449,0.16914718
sub-22,N,Fz,beta,-0.0056865453,0.18928783
sub-22,N,Fz,delta,-0.02812789,0.098056205
sub-22,N,Fz,gamma,-0.027186362,0.13061205
sub-22,N,Fz,theta,0.051088512,0.10725536
sub-22,N,O1,alpha,-0.19134855,0.2398062
sub-22,N,O1,beta,0.01278238,0.17846406
sub-22,N,O1,delta,0.08244555,0.1221801
sub-22,N,O1,gamma,-0.27738562,0.32483855
sub-22,N,O1,theta,0.017086146,0.09804231
sub-22,N,O2,alpha,-0.19147307,0.22013447
sub-22,N,O2,beta,-0.004543935,0.21414448
sub-22,N,O2,delta,0.3110616,0.32261643
sub-22,N,O2,gamma,-0.025216999,0.18339817
sub-22,N,O2,theta,0.117250636,0.14792296
sub-22,N,P3,alpha,-0.08605386,0.16659352
sub-22,N,P3,beta,-0.04097005,0.13198254
sub-22,N,P3,delta,0.010445715,0.10772354
sub-22,N,P3,gamma,0.082055084,0.16280481
sub-22,N,P3,theta,-0.06025239,0.14870024
sub-22,N,P4,alpha,-0.022350196,0.12708731
sub-22,N,P4,beta,-0.26207423,0.30139416
sub-22,N,P4,delta,-0.004577929,0.13780473
sub-22,N,P4,gamma,0.052706733,0.109259486
sub-22,N,P4,theta,-0.06224274,0.08825783
sub-22,N,Pz,alpha,-0.04491436,0.17431253
sub-22,N,Pz,beta,-0.028599033,0.11534729
sub-22,N,Pz,delta,-0.05990111,0.09817429
sub-22,N,Pz,gamma,0.025600221,0.09064002
sub-22,N,Pz,theta,-0.11151923,0.12449714
sub-23,N,C3,alpha,-0.011773002,0.09938222
sub-23,N,C3,beta,0.079632714,0.13528524
sub-23,N,C3,delta,0.15059933,0.16108945
sub-23,N,C3,gamma,-0.01808642,0.17881195
sub-23,N,C3,theta,0.05235802,0.06882318
sub-23,N,C4,alpha,-0.052077513,0.13565408
sub-23,N,C4,beta,-0.04476296,0.11219389
sub-23,N,C4,delta,0.0040620314,0.11293536
sub-23,N,C4,gamma,-0.0062457253,0.1392017
sub-23,N,C4,theta,0.0698617,0.12145086
sub-23,N,Cz,alpha,0.059563223,0.17302717
sub-23,N,Cz,beta,0.08577045,0.18568006
sub-23,N,Cz,delta,0.01851121,0.11306738
sub-23,N,Cz,gamma,0.04382027,0.12808453
sub-23,N,Cz,theta,-0.049859554,0.100510575
sub-23,N,F3,alpha,-0.07971249,0.13863793
sub-23,N,F3,beta,0.04148826,0.116261676
sub-23,N,F3,delta,-0.01035521,0.08023794
sub-23,N,F3,gamma,-0.0018561382,0.15029112
sub-23,N,F3,theta,0.022741403,0.08101706
sub-23,N,F4,alpha,-0.059677854,0.1641446
sub-23,N,F4,beta,-0.01783146,0.11279309
sub-23,N,F4,delta,-0.031945303,0.09959996
sub-23,N,F4,gamma,0.007621318,0.08661172
sub-23,N,F4,theta,0.056094635,0.13244924
sub-23,N,F7,alpha,-0.15915026,0.2066953
sub-23,N,F7,beta,-0.29255292,0.32359686
sub-23,N,F7,delta,-0.026552537,0.093761
sub-23,N,F7,gamma,-0.09130058,0.33837268
sub-23,N,F7,theta,-0.23746432,0.25644675
sub-23,N,F8,alpha,0.0026879297,0.13898467
sub-23,N,F8,beta,-0.22940259,0.26219633
sub-23,N,F8,delta,-0.08237257,0.12483127
sub-23,N,F8,gamma,0.02730288,0.123928815
sub-23,N,F8,theta,-0.054623537,0.12893264
sub-23,N,Fp1,alpha,-0.086543515,0.14384294
sub-23,N,Fp1,beta,-0.03786203,0.1472779
sub-23,N,Fp1,delta,0.12601753,0.16969372
sub-23,N,Fp1,gamma,-0.10310683,0.14864077
sub-23,N,Fp1,theta,0.022419041,0.09013181
sub-23,N,Fp2,alpha,-0.09772476,0.13643183
sub-23,N,Fp2,beta,0.030715173,0.17236413
sub-23,N,Fp2,delta,0.12419598,0.16331427
sub-23,N,Fp2,gamma,-0.09632891,0.15300888
sub-23,N,Fp2,theta,-0.06177249,0.096522376
sub-23,N,Fz,alpha,-0.11052027,0.18417113
sub-23,N,Fz,beta,-0.039533224,0.14227659
sub-23,N,Fz,delta,-0.033152122,0.097365126
sub-23,N,Fz,gamma,-0.051015165,0.12801085
sub-23,N,Fz,theta,0.042769108,0.110878356
sub-23,N,O1,alpha,-0.20171924,0.24837801
sub-23,N,O1,beta,-0.032946553,0.116374575
sub-23,N,O1,delta,0.08733341,0.1326526
sub-23,N,O1,gamma,-0.2762372,0.3031723
sub-23,N,O1,theta,0.009215861,0.09768358
sub-23,N,O2,alpha,-0.23392272,0.2634034
sub-23,N,O2,beta,-0.050002087,0.14812715
sub-23,N,O2,delta,0.32370517,0.3356356
sub-23,N,O2,gamma,-0.027708596,0.116946004
sub-23,N,O2,theta,0.11983153,0.14270522
sub-23,N,P3,alpha,-0.094705544,0.15928887
sub-23,N,P3,beta,-0.033034045,0.11361244
sub-23,N,P3,delta,0.0150152175,0.10858584
sub-23,N,P3,gamma,0.08554123,0.1522031
sub-23,N,P3,theta,-0.0635549,0.15406284
sub-23,N,P4,alpha,-0.023784185,0.12310316
sub-23,N,P4,beta,-0.2159406,0.25225517
sub-23,N,P4,delta,-0.0064216275,0.12571186
sub-23,N,P4,gamma,0.044775553,0.09853084
sub-23,N,P4,theta,-0.07714539,0.13136956
sub-23,N,Pz,alpha,-0.041822564,0.12641907
sub-23,N,Pz,beta,-0.018269014,0.11243234
sub-23,N,Pz,delta,-0.12655056,0.17925666
sub-23,N,Pz,gamma,0.010837247,0.09603686
sub-23,N,Pz,theta,-0.14550778,0.17196949
sub-24,N,C3,alpha,-0.030070884,0.12497911
sub-24,N,C3,beta,0.06457019,0.1081065
sub-24,N,C3,delta,0.18937857,0.20627908
sub-24,N,C3,gamma,-0.044783894,0.09661269
sub-24,N,C3,theta,0.107982986,0.12757301
sub-24,N,C4,alpha,-0.046434123,0.14107537
sub-24,N,C4,beta,-0.04141105,0.110600084
sub-24,N,C4,delta,0.009004847,0.10996814
sub-24,N,C4,gamma,0.023885604,0.16715357
sub-24,N,C4,theta,0.0959665,0.14394532
sub-24,N,Cz,alpha,0.06413059,0.16769342
sub-24,N,Cz,beta,0.08456574,0.18655527
sub-24,N,Cz,delta,0.03022184,0.105002634
sub-24,N,Cz,gamma,0.057598427,0.13561948
sub-24,N,Cz,theta,-0.060697556,0.1236825
sub-24,N,F3,alpha,-0.071636364,0.15459415
sub-24,N,F3,beta,0.02663721,0.08627962
sub-24,N,F3,delta,-0.04350615,0.12573259
sub-24,N,F3,gamma,-0.0071441648,0.069392435
sub-24,N,F3,theta,0.0681388,0.12315813
sub-24,N,F4,alpha,-0.07553585,0.17170401
sub-24,N,F4,beta,-0.013317888,0.110303134
sub-24,N,F4,delta,-0.037908614,0.11892998
sub-24,N,F4,gamma,-0.0041815895,0.06468664
sub-24,N,F4,theta,0.061844435,0.13317102
sub-24,N,F7,alpha,-0.14320993,0.23983939
sub-24,N,F7,beta,-0.18691097,0.20188366
sub-24,N,F7,delta,0.023883067,0.1743343
sub-24,N,F7,gamma,-0.106841564,0.12648472
sub-24,N,F7,theta,-0.18848474,0.34262872
sub-24,N,F8,alpha,0.0061455225,0.120867565
sub-24,N,F8,beta,-0.15184064,0.18244478
sub-24,N,F8,delta,-0.07889673,0.14500432
sub-24,N,F8,gamma,-0.0068420293,0.0825763
sub-24,N,F8,theta,-0.011042554,0.14806578
sub-24,N,Fp1,alpha,-0.10981313,0.18985893
sub-24,N,Fp1,beta,-0.023191737,0.14959863
sub-24,N,Fp1,delta,0.11219494,0.14384496
sub-24,N,Fp1,gamma,-0.08617326,0.1374089
sub-24,N,Fp1,theta,0.043357927,0.110298
sub-24,N,Fp2,alpha,-0.16756456,0.21714336
sub-24,N,Fp2,beta,0.0281725,0.17351447
sub-24,N,Fp2,delta,0.1342573,0.1609332
sub-24,N,Fp2,gamma,-0.06143249,0.10747558
sub-24,N,Fp2,theta,-0.054936614,0.11502675
sub-24,N,Fz,alpha,-0.08744232,0.16021524
sub-24,N,Fz,beta,-0.03240673,0.15161115
sub-24,N,Fz,delta,-0.033836912,0.11423442
sub-24,N,Fz,gamma,-0.020104416,0.1110686
sub-24,N,Fz,theta,0.08857204,0.13739334
sub-24,N,O1,alpha,-0.20466012,0.2574959
sub-24,N,O1,beta,-0.03183841,0.11125187
sub-24,N,O1,delta,0.08858791,0.12386301
sub-24,N,O1,gamma,-0.2731506,0.3064674
sub-24,N,O1,theta,0.013846135,0.11789651
sub-24,N,O2,alpha,-0.21576187,0.242564
sub-24,N,O2,beta,-0.044734396,0.17154603
sub-24,N,O2,delta,0.26573366,0.27711874
sub-24,N,O2,gamma,-0.05467626,0.19473398
sub-24,N,O2,theta,0.12903053,0.17392166
sub-24,N,P3,alpha,-0.11910679,0.18352084
sub-24,N,P3,beta,-0.032348845,0.08601733
sub-24,N,P3,delta,0.02428647,0.0985575
sub-24,N,P3,gamma,0.08605389,0.12220039
sub-24,N,P3,theta,-0.024181439,0.17951764
sub-24,N,P4,alpha,-0.03324475,0.1285978
sub-24,N,P4,beta,-0.18098226,0.21496306
sub-24,N,P4,delta,0.020105869,0.10902218
sub-24,N,P4,gamma,0.056190144,0.10951465
sub-24,N,P4,theta,-0.030814683,0.18615481
sub-24,N,Pz,alpha,-0.052488416,0.15164623
sub-24,N,Pz,beta,-0.026273128,0.1082008
sub-24,N,Pz,delta,-0.101570114,0.15047354
sub-24,N,Pz,gamma,0.028738169,0.09546658
sub-24,N,Pz,theta,-0.14177242,0.17398086
sub-25,N,C3,alpha,-0.016955305,0.1075044
sub-25,N,C3,beta,0.06980347,0.12029683
sub-25,N,C3,delta,0.16618104,0.18312144
sub-25,N,C3,gamma,-0.046656016,0.13016255
sub-25,N,C3,theta,0.11818673,0.13872413
sub-25,N,C4,alpha,-0.047185022,0.13043672
sub-25,N,C4,beta,-0.045547646,0.116298586
sub-25,N,C4,delta,0.0002794821,0.10723405
sub-25,N,C4,gamma,-0.021895602,0.11228018
sub-25,N,C4,theta,0.114829354,0.16534917
sub-25,N,Cz,alpha,0.06532563,0.16404416
sub-25,N,Cz,beta,0.08627508,0.18369754
sub-25,N,Cz,delta,0.027003,0.10515027
sub-25,N,Cz,gamma,0.054452147,0.13521622
sub-25,N,Cz,theta,-0.052742876,0.11196928
sub-25,N,F3,alpha,-0.06712592,0.13210946
sub-25,N,F3,beta,0.031495992,0.097893044
sub-25,N,F3,delta,-0.063405715,0.14712486
sub-25,N,F3,gamma,-0.009126808,0.07500687
sub-25,N,F3,theta,0.07034809,0.12756082
sub-25,N,F4,alpha,-0.03182151,0.1287061
sub-25,N,F4,beta,-0.005842045,0.12080983
sub-25,N,F4,delta,-0.041125484,0.120025784
sub-25,N,F4,gamma,0.0004749334,0.07499685
sub-25,N,F4,theta,0.07897771,0.15031542
sub-25,N,F7,alpha,-0.14186332,0.19604422
sub-25,N,F7,beta,-0.20483173,0.21769236
sub-25,N,F7,delta,-0.0016486113,0.1780167
sub-25,N,F7,gamma,-0.13672192,0.16883555
sub-25,N,F7,theta,-0.19896124,0.32959148
sub-25,N,F8,alpha,0.009899999,0.11249234
sub-25,N,F8,beta,-0.19275005,0.22961411
sub-25,N,F8,delta,-0.07576038,0.13303787
sub-25,N,F8,gamma,0.014753706,0.108926184
sub-25,N,F8,theta,0.00548206,0.1644215
sub-25,N,Fp1,alpha,-0.106129125,0.1692667
sub-25,N,Fp1,beta,-0.021096189,0.13381393
sub-25,N,Fp1,delta,0.12134112,0.16276118
sub-25,N,Fp1,gamma,-0.08097934,0.11066461
sub-25,N,Fp1,theta,0.036222678,0.10140566
sub-25,N,Fp2,alpha,-0.1461576,0.18833566
sub-25,N,Fp2,beta,0.026682723,0.17204289
sub-25,N,Fp2,delta,0.12555587,0.15909885
sub-25,N,Fp2,gamma,-0.057460655,0.11018612
sub-25,N,Fp2,theta,-0.06929711,0.11886329
sub-25,N,Fz,alpha,-0.07636772,0.14128138
sub-25,N,Fz,beta,-0.049816683,0.13788936
sub-25,N,Fz,delta,-0.04606543,0.12570508
sub-25,N,Fz,gamma,-0.029001763,0.10492231
sub-25,N,Fz,theta,0.10433637,0.15413238
sub-25,N,O1,alpha,-0.18777883,0.23318864
sub-25,N,O1,beta,-0.032125577,0.11879752
sub-25,N,O1,delta,0.10032557,0.14148965
sub-25,N,O1,gamma,-0.26745334,0.29661965
sub-25,N,O1,theta,0.021792019,0.11072325
sub-25,N,O2,alpha,-0.19369026,0.218869
sub-25,N,O2,beta,-0.039589,0.18080762
sub-25,N,O2,delta,0.29791123,0.30971387
sub-25,N,O2,gamma,-0.07616043,0.20312297
sub-25,N,O2,theta,0.13217914,0.16205312
sub-25,N,P3,alpha,-0.103513084,0.16067855
sub-25,N,P3,beta,-0.051834192,0.11434509
sub-25,N,P3,delta,0.025756497,0.10381435
sub-25,N,P3,gamma,0.07684221,0.14703523
sub-25,N,P3,theta,0.0069998987,0.19988564
sub-25,N,P4,alpha,-0.03285339,0.11107272
sub-25,N,P4,beta,-0.25513428,0.28748184
sub-25,N,P4,delta,0.0075411936,0.12772979
sub-25,N,P4,gamma,0.05815586,0.11736535
sub-25,N,P4,theta,-0.017900212,0.18398242
sub-25,N,Pz,alpha,-0.042897467,0.13257842
sub-25,N,Pz,beta,-0.02864422,0.11639413
sub-25,N,Pz,delta,-0.09263138,0.15054372
sub-25,N,Pz,gamma,0.019970248,0.101818025
sub-25,N,Pz,theta,-0.1275897,0.18195121
sub-26,N,C3,alpha,-0.013721024,0.11923673
sub-26,N,C3,beta,0.07580478,0.14544772
sub-26,N,C3,delta,0.12371826,0.1387778
sub-26,N,C3,gamma,-0.060952745,0.11429984
sub-26,N,C3,theta,0.06298938,0.0778811
sub-26,N,C4,alpha,-0.043429308,0.13683344
sub-26,N,C4,beta,-0.029380582,0.13155293
sub-26,N,C4,delta,-0.009603589,0.09844145
sub-26,N,C4,gamma,-0.0413428,0.11037456
sub-26,N,C4,theta,0.034458853,0.082783125
sub-26,N,Cz,alpha,0.06135332,0.17021346
sub-26,N,Cz,beta,0.057089034,0.22323908
sub-26,N,Cz,delta,0.037751287,0.08790361
sub-26,N,Cz,gamma,0.056266513,0.13799015
sub-26,N,Cz,theta,-0.038095005,0.09578426
sub-26,N,F3,alpha,-0.064050205,0.13967118
sub-26,N,F3,beta,0.04658564,0.120095
sub-26,N,F3,delta,-0.06949096,0.14236602
sub-26,N,F3,gamma,-0.008571328,0.0663714
sub-26,N,F3,theta,0.033367027,0.0884214
sub-26,N,F4,alpha,-0.041529845,0.14602709
sub-26,N,F4,beta,0.0095788725,0.14199439
sub-26,N,F4,delta,-0.04235965,0.11138603
sub-26,N,F4,gamma,-0.010110659,0.058664285
sub-26,N,F4,theta,0.037937935,0.10924562
sub-26,N,F7,alpha,-0.12396568,0.21895255
sub-26,N,F7,beta,-0.2419932,0.26558977
sub-26,N,F7,delta,-0.01055031,0.16741672
sub-26,N,F7,gamma,-0.07224888,0.095322244
sub-26,N,F7,theta,-0.23751412,0.30617294
sub-26,N,F8,alpha,0.017960645,0.13356896
sub-26,N,F8,beta,-0.20222703,0.25724372
sub-26,N,F8,delta,-0.07761152,0.13088626
sub-26,N,F8,gamma,-0.012195549,0.067402184
sub-26,N,F8,theta,-0.039628997,0.11748031
sub-26,N,Fp1,alpha,-0.0949348,0.17678627
sub-26,N,Fp1,beta,-0.03734309,0.1609505
sub-26,N,Fp1,delta,0.120493524,0.15746215
sub-26,N,Fp1,gamma,-0.08457744,0.104096144
sub-26,N,Fp1,theta,0.029883446,0.09479152
sub-26,N,Fp2,alpha,-0.14327806,0.19691126
sub-26,N,Fp2,beta,0.014189452,0.2042658
sub-26,N,Fp2,delta,0.13460106,0.16366118
sub-26,N,Fp2,gamma,-0.054436356,0.08573364
sub-26,N,Fp2,theta,-0.04783376,0.09600647
sub-26,N,Fz,alpha,-0.08129111,0.16035241
sub-26,N,Fz,beta,0.0013862842,0.19922309
sub-26,N,Fz,delta,-0.03984442,0.10342639
sub-26,N,Fz,gamma,-0.013629528,0.11606253
sub-26,N,Fz,theta,0.041887563,0.09827553
sub-26,N,O1,alpha,-0.17247845,0.22529916
sub-26,N,O1,beta,0.009754691,0.16644116
sub-26,N,O1,delta,0.08837368,0.1417937
sub-26,N,O1,gamma,-0.15754798,0.18681248
sub-26,N,O1,theta,0.018562693,0.10761412
sub-26,N,O2,alpha,-0.21276857,0.24677481
sub-26,N,O2,beta,-0.01957483,0.19614707
sub-26,N,O2,delta,0.31112102,0.32185206
sub-26,N,O2,gamma,-0.010235752,0.11669405
sub-26,N,O2,theta,0.11242097,0.14361238
sub-26,N,P3,alpha,-0.08430763,0.16437839
sub-26,N,P3,beta,-0.021321325,0.14899875
sub-26,N,P3,delta,0.014024385,0.09643928
sub-26,N,P3,gamma,0.09094685,0.13786875
sub-26,N,P3,theta,-0.047442976,0.14763904
sub-26,N,P4,alpha,-0.0203372,0.13324146
sub-26,N,P4,beta,-0.26908508,0.3069593
sub-26,N,P4,delta,0.022444265,0.09453141
sub-26,N,P4,gamma,0.038984027,0.08807183
sub-26,N,P4,theta,-0.040814314,0.11439186
sub-26,N,Pz,alpha,-0.04410435,0.14363176
sub-26,N,Pz,beta,-0.00056024065,0.154574
sub-26,N,Pz,delta,-0.08941946,0.13659674
sub-26,N,Pz,gamma,0.021964755,0.0901645
sub-26,N,Pz,theta,-0.13580975,0.17226209
sub-27,N,C3,alpha,-0.014051377,0.11185227
sub-27,N,C3,beta,0.050121542,0.08252795
sub-27,N,C3,delta,0.18563557,0.2322461
sub-27,N,C3,gamma,-0.033403087,0.08884248
sub-27,N,C3,theta,0.10320683,0.124987565
sub-27,N,C4,alpha,-0.052082397,0.13205117
sub-27,N,C4,beta,-0.03909352,0.10529623
sub-27,N,C4,delta,0.019811869,0.13343877
sub-27,N,C4,gamma,0.041713316,0.18495981
sub-27,N,C4,theta,0.078692,0.1242843
sub-27,N,Cz,alpha,0.06745146,0.18446298
sub-27,N,Cz,beta,0.099779926,0.17388032
sub-27,N,Cz,delta,0.0041172574,0.13605407
sub-27,N,Cz,gamma,0.010356041,0.09197281
sub-27,N,Cz,theta,-0.040364604,0.09431742
sub-27,N,F3,alpha,-0.05923182,0.15928875
sub-27,N,F3,beta,0.027014008,0.08306074
sub-27,N,F3,delta,-0.04777558,0.123917244
sub-27,N,F3,gamma,-0.0017319878,0.07932697
sub-27,N,F3,theta,0.052129384,0.094903745
sub-27,N,F4,alpha,-0.07524179,0.17856579
sub-27,N,F4,beta,-0.019070586,0.10110799
sub-27,N,F4,delta,-0.041464917,0.12739338
sub-27,N,F4,gamma,0.06528055,0.15202217
sub-27,N,F4,theta,0.029942239,0.09106448
sub-27,N,F7,alpha,-0.1417808,0.24065736
sub-27,N,F7,beta,-0.10349239,0.11825154
sub-27,N,F7,delta,-0.011340953,0.18922788
sub-27,N,F7,gamma,-0.04922904,0.0703457
sub-27,N,F7,theta,-0.22092241,0.29096586
sub-27,N,F8,alpha,0.0020684865,0.13351856
sub-27,N,F8,beta,-0.12223939,0.15516323
sub-27,N,F8,delta,-0.07798627,0.15023087
sub-27,N,F8,gamma,0.046745777,0.13528112
sub-27,N,F8,theta,-0.03134962,0.11531888
sub-27,N,Fp1,alpha,-0.075500146,0.14054212
sub-27,N,Fp1,beta,0.026264144,0.101077154
sub-27,N,Fp1,delta,0.10934408,0.18363513
sub-27,N,Fp1,gamma,-0.08617285,0.13706262
sub-27,N,Fp1,theta,0.0069329496,0.0598139
sub-27,N,Fp2,alpha,-0.08256723,0.11908716
sub-27,N,Fp2,beta,0.055012766,0.11668336
sub-27,N,Fp2,delta,0.12402857,0.18823005
sub-27,N,Fp2,gamma,-0.06494824,0.11631694
sub-27,N,Fp2,theta,-0.026283445,0.05525325
sub-27,N,Fz,alpha,-0.14757568,0.21212025
sub-27,N,Fz,beta,-0.049824048,0.11772813
sub-27,N,Fz,delta,-0.02390069,0.11179877
sub-27,N,Fz,gamma,-0.030770363,0.116015874
sub-27,N,Fz,theta,0.035061162,0.079719484
sub-27,N,O1,alpha,-0.22185081,0.27806106
sub-27,N,O1,beta,-0.034045983,0.09404657
sub-27,N,O1,delta,0.08272151,0.14900406
sub-27,N,O1,gamma,-0.27030447,0.31186998
sub-27,N,O1,theta,0.0045001875,0.09243595
sub-27,N,O2,alpha,-0.26989388,0.29415885
sub-27,N,O2,beta,-0.058161974,0.0977886
sub-27,N,O2,delta,0.35498428,0.37540114
sub-27,N,O2,gamma,-0.030677756,0.13250695
sub-27,N,O2,theta,0.09454482,0.120989144
sub-27,N,P3,alpha,-0.116670504,0.18614861
sub-27,N,P3,beta,-0.013281273,0.05683169
sub-27,N,P3,delta,0.0115028545,0.12414937
sub-27,N,P3,gamma,0.07474792,0.10172268
sub-27,N,P3,theta,-0.06911068,0.14486188
sub-27,N,P4,alpha,-0.039584067,0.14135475
sub-27,N,P4,beta,-0.042152625,0.07528438
sub-27,N,P4,delta,-0.017516442,0.14841373
sub-27,N,P4,gamma,0.039247155,0.08950672
sub-27,N,P4,theta,-0.0838635,0.1277093
sub-27,N,Pz,alpha,-0.047742963,0.15271524
sub-27,N,Pz,beta,-0.019720169,0.09096299
sub-27,N,Pz,delta,-0.13599357,0.19042917
sub-27,N,Pz,gamma,0.02411225,0.079427294
sub-27,N,Pz,theta,-0.13521048,0.16153969
sub-28,N,C3,alpha,0.00779168,0.096355125
sub-28,N,C3,beta,0.042790495,0.17313148
sub-28,N,C3,delta,0.15139878,0.16382152
sub-28,N,C3,gamma,-0.069417015,0.14194465
sub-28,N,C3,theta,0.05821108,0.071598135
sub-28,N,C4,alpha,-0.04451197,0.102378406
sub-28,N,C4,beta,-0.037101425,0.13028088
sub-28,N,C4,delta,-0.02483573,0.117058225
sub-28,N,C4,gamma,0.0018011446,0.18045868
sub-28,N,C4,theta,0.039317615,0.0932285
sub-28,N,Cz,alpha,0.056662392,0.16307627
sub-28,N,Cz,beta,0.067008406,0.21278626
sub-28,N,Cz,delta,0.02677765,0.114978634
sub-28,N,Cz,gamma,0.049412414,0.15448749
sub-28,N,Cz,theta,-0.0458817,0.09847509
sub-28,N,F3,alpha,-0.07382729,0.12762366
sub-28,N,F3,beta,0.053923074,0.12851357
sub-28,N,F3,delta,-0.06552328,0.1348886
sub-28,N,F3,gamma,-0.013321022,0.1019458
sub-28,N,F3,theta,0.025997376,0.08534659
sub-28,N,F4,alpha,-0.0072973394,0.11070839
sub-28,N,F4,beta,0.0148430765,0.14819482
sub-28,N,F4,delta,-0.061090074,0.121702895
sub-28,N,F4,gamma,0.051001146,0.14494607
sub-28,N,F4,theta,0.030290542,0.09725936
sub-28,N,F7,alpha,-0.12311654,0.21032393
sub-28,N,F7,beta,-0.27104425,0.2895657
sub-28,N,F7,delta,-0.0190825,0.14823817
sub-28,N,F7,gamma,-0.16398281,0.19878346
sub-28,N,F7,theta,-0.26307812,0.31389767
sub-28,N,F8,alpha,0.018780747,0.10596118
sub-28,N,F8,beta,-0.24202736,0.31011194
sub-28,N,F8,delta,-0.09738231,0.13497567
sub-28,N,F8,gamma,0.083313294,0.19263552
sub-28,N,F8,theta,-0.05904128,0.11050719
sub-28,N,Fp1,alpha,-0.0996477,0.15856579
sub-28,N,Fp1,beta,-0.059033647,0.157833
sub-28,N,Fp1,delta,0.13189262,0.16656929
sub-28,N,Fp1,gamma,-0.114433594,0.15422295
sub-28,N,Fp1,theta,0.022086553,0.086309604
sub-28,N,Fp2,alpha,-0.122961655,0.16943848
sub-28,N,Fp2,beta,0.013102163,0.19929358
sub-28,N,Fp2,delta,0.123573005,0.15866208
sub-28,N,Fp2,gamma,-0.10309547,0.15064342
sub-28,N,Fp2,theta,-0.053365316,0.091392696
sub-28,N,Fz,alpha,-0.05649075,0.13785066
sub-28,N,Fz,beta,0.017801113,0.21871527
sub-28,N,Fz,delta,-0.044670135,0.10684149
sub-28,N,Fz,gamma,-0.050265495,0.14140141
sub-28,N,Fz,theta,0.02620374,0.07759137
sub-28,N,O1,alpha,-0.18272671,0.22354597
sub-28,N,O1,beta,0.015453193,0.17532544
sub-28,N,O1,delta,0.09065363,0.131552
sub-28,N,O1,gamma,-0.26464486,0.29199508
sub-28,N,O1,theta,0.031918973,0.09701245
sub-28,N,O2,alpha,-0.23784329,0.26714724
sub-28,N,O2,beta,-0.022368168,0.19072746
sub-28,N,O2,delta,0.29708594,0.30794805
sub-28,N,O2,gamma,-0.016758604,0.13128681
sub-28,N,O2,theta,0.12655751,0.14678563
sub-28,N,P3,alpha,-0.06951445,0.14329594
sub-28,N,P3,beta,-0.040064298,0.16404937
sub-28,N,P3,delta,0.00168139,0.095362954
sub-28,N,P3,gamma,0.06880019,0.14769273
sub-28,N,P3,theta,-0.069299,0.12458602
sub-28,N,P4,alpha,-0.0145093305,0.107446745
sub-28,N,P4,beta,-0.31045234,0.35102782
sub-28,N,P4,delta,-0.006785931,0.12496466
sub-28,N,P4,gamma,0.07856487,0.13463457
sub-28,N,P4,theta,-0.071080685,0.12509584
sub-28,N,Pz,alpha,-0.037884325,0.1350025
sub-28,N,Pz,beta,-0.0036229792,0.14515327
sub-28,N,Pz,delta,-0.11885601,0.16205306
sub-28,N,Pz,gamma,-0.0066942372,0.11620218
sub-28,N,Pz,theta,-0.13819622,0.1581968
sub-29,N,C3,alpha,-0.008488043,0.072015084
sub-29,N,C3,beta,0.055760276,0.104690105
sub-29,N,C3,delta,0.17268154,0.21388753
sub-29,N,C3,gamma,-0.049508687,0.11068478
sub-29,N,C3,theta,0.1500582,0.1718053
sub-29,N,C4,alpha,-0.035778347,0.08198026
sub-29,N,C4,beta,-0.049138226,0.11057072
sub-29,N,C4,delta,-0.009322842,0.12083589
sub-29,N,C4,gamma,0.041270882,0.18860096
sub-29,N,C4,theta,0.1366414,0.18235436
sub-29,N,Cz,alpha,0.043350253,0.1149318
sub-29,N,Cz,beta,0.11051676,0.20680758
sub-29,N,Cz,delta,0.02661149,0.12586163
sub-29,N,Cz,gamma,0.031684194,0.15721685
sub-29,N,Cz,theta,-0.048909564,0.12884927
sub-29,N,F3,alpha,-0.03367231,0.07772628
sub-29,N,F3,beta,0.027536983,0.08687138
sub-29,N,F3,delta,-0.063818775,0.15108922
sub-29,N,F3,gamma,-0.009026558,0.087317035
sub-29,N,F3,theta,0.115975685,0.1701131
sub-29,N,F4,alpha,0.029015565,0.07549723
sub-29,N,F4,beta,-0.016680257,0.101385966
sub-29,N,F4,delta,-0.046766974,0.12904324
sub-29,N,F4,gamma,0.038707547,0.12835775
sub-29,N,F4,theta,0.117655404,0.17942423
sub-29,N,F7,alpha,-0.11406093,0.14932571
sub-29,N,F7,beta,-0.22802512,0.24034567
sub-29,N,F7,delta,0.003885291,0.15685761
sub-29,N,F7,gamma,-0.120092474,0.15467489
sub-29,N,F7,theta,-0.13496503,0.32834938
sub-29,N,F8,alpha,-0.0063253385,0.07183116
sub-29,N,F8,beta,-0.21827264,0.25721258
sub-29,N,F8,delta,-0.066921644,0.12800969
sub-29,N,F8,gamma,0.06672822,0.16341607
sub-29,N,F8,theta,0.020509053,0.1457215
sub-29,N,Fp1,alpha,-0.09105974,0.13787293
sub-29,N,Fp1,beta,-0.034660157,0.15571202
sub-29,N,Fp1,delta,0.122317255,0.16097201
sub-29,N,Fp1,gamma,-0.069367066,0.11347457
sub-29,N,Fp1,theta,0.043703303,0.11633822
sub-29,N,Fp2,alpha,-0.09381874,0.1297569
sub-29,N,Fp2,beta,0.048873197,0.17071381
sub-29,N,Fp2,delta,0.11872734,0.15873325
sub-29,N,Fp2,gamma,-0.03849402,0.1161948
sub-29,N,Fp2,theta,-0.08628715,0.12923554
sub-29,N,Fz,alpha,-0.027053524,0.08358427
sub-29,N,Fz,beta,-0.05254556,0.14162728
sub-29,N,Fz,delta,-0.04917108,0.13142686
sub-29,N,Fz,gamma,-0.12573847,0.18437791
sub-29,N,Fz,theta,0.20449775,0.2440932
sub-29,N,O1,alpha,-0.13619986,0.1627663
sub-29,N,O1,beta,-0.027408564,0.118107244
sub-29,N,O1,delta,0.12596916,0.1699
sub-29,N,O1,gamma,-0.26670188,0.296491
sub-29,N,O1,theta,0.038088508,0.12628332
sub-29,N,O2,alpha,-0.120042,0.13800523
sub-29,N,O2,beta,-0.041237947,0.1523064
sub-29,N,O2,delta,0.3853949,0.39809987
sub-29,N,O2,gamma,-0.06251188,0.14413881
sub-29,N,O2,theta,0.17275536,0.21911043
sub-29,N,P3,alpha,-0.066709794,0.09547426
sub-29,N,P3,beta,-0.07316659,0.12106583
sub-29,N,P3,delta,0.035777614,0.117179364
sub-29,N,P3,gamma,0.065769844,0.14691027
sub-29,N,P3,theta,0.05257525,0.20887356
sub-29,N,P4,alpha,-0.025451906,0.07010099
sub-29,N,P4,beta,-0.24933088,0.28191507
sub-29,N,P4,delta,0.00014426305,0.13599825
sub-29,N,P4,gamma,0.10239068,0.16778843
sub-29,N,P4,theta,0.02598126,0.18902385
sub-29,N,Pz,alpha,-0.017935,0.08430308
sub-29,N,Pz,beta,-0.02734681,0.117939994
sub-29,N,Pz,delta,-0.07514683,0.14808857
sub-29,N,Pz,gamma,0.0076570683,0.14613771
sub-29,N,Pz,theta,-0.09123311,0.16901073
sub-30,N,C3,alpha,-0.06813649,0.15637007
sub-30,N,C3,beta,0.067908496,0.11388006
sub-30,N,C3,delta,0.12384791,0.14110368
sub-30,N,C3,gamma,-0.028832708,0.07356684
sub-30,N,C3,theta,0.059358083,0.08925773
sub-30,N,C4,alpha,-0.06710368,0.15556505
sub-30,N,C4,beta,-0.030449191,0.112317525
sub-30,N,C4,delta,0.023980657,0.09341773
sub-30,N,C4,gamma,-0.018411137,0.07372722
sub-30,N,C4,theta,0.0446754,0.098570876
sub-30,N,Cz,alpha,0.06890377,0.206916
sub-30,N,Cz,beta,0.050730184,0.16738275
sub-30,N,Cz,delta,0.025771413,0.05776646
sub-30,N,Cz,gamma,0.01176751,0.08666977
sub-30,N,Cz,theta,-0.037608437,0.10361081
sub-30,N,F3,alpha,-0.052655768,0.17726816
sub-30,N,F3,beta,0.010154458,0.07471725
sub-30,N,F3,delta,-0.026430728,0.07003531
sub-30,N,F3,gamma,-0.0111260945,0.052297454
sub-30,N,F3,theta,0.022966696,0.06808165
sub-30,N,F4,alpha,-0.10540962,0.21985205
sub-30,N,F4,beta,-0.034692146,0.09179943
sub-30,N,F4,delta,0.0051647583,0.05603753
sub-30,N,F4,gamma,-0.011279675,0.03503416
sub-30,N,F4,theta,-0.003745534,0.063469514
sub-30,N,F7,alpha,-0.16513117,0.28173402
sub-30,N,F7,beta,-0.21928075,0.2521381
sub-30,N,F7,delta,-0.032213423,0.09658138
sub-30,N,F7,gamma,-0.060578756,0.08405611
sub-30,N,F7,theta,-0.2614034,0.29846752
sub-30,N,F8,alpha,-0.05388117,0.18307316
sub-30,N,F8,beta,-0.15354244,0.20205274
sub-30,N,F8,delta,-0.042767055,0.087795526
sub-30,N,F8,gamma,-0.011570419,0.06067276
sub-30,N,F8,theta,-0.052016836,0.10132515
sub-30,N,Fp1,alpha,-0.08195766,0.21299584
sub-30,N,Fp1,beta,-0.013982604,0.12127811
sub-30,N,Fp1,delta,0.080502406,0.11551668
sub-30,N,Fp1,gamma,-0.08472654,0.10200162
sub-30,N,Fp1,theta,0.008923588,0.07760612
sub-30,N,Fp2,alpha,-0.15493521,0.23996931
sub-30,N,Fp2,beta,0.014895861,0.15479288
sub-30,N,Fp2,delta,0.11272498,0.13418515
sub-30,N,Fp2,gamma,-0.0528155,0.07286033
sub-30,N,Fp2,theta,-0.031291693,0.08212446
sub-30,N,Fz,alpha,-0.148472,0.22032961
sub-30,N,Fz,beta,-0.053073496,0.11950944
sub-30,N,Fz,delta,-0.017158886,0.038446028
sub-30,N,Fz,gamma,-0.029935518,0.06310407
sub-30,N,Fz,theta,0.001805129,0.04691206
sub-30,N,O1,alpha,-0.19957048,0.28529868
sub-30,N,O1,beta,-0.024239434,0.09199317
sub-30,N,O1,delta,0.03321778,0.061815362
sub-30,N,O1,gamma,-0.024930527,0.05144344
sub-30,N,O1,theta,-0.011448419,0.07416711
sub-30,N,O2,alpha,-0.27248698,0.32669804
sub-30,N,O2,beta,-0.06834396,0.12097309
sub-30,N,O2,delta,0.1048797,0.11878711
sub-30,N,O2,gamma,-0.018162282,0.05494892
sub-30,N,O2,theta,0.049444105,0.07729612
sub-30,N,P3,alpha,-0.12469375,0.21382713
sub-30,N,P3,beta,-0.0062080547,0.08911724
sub-30,N,P3,delta,0.02729989,0.06512269
sub-30,N,P3,gamma,0.050385203,0.06834078
sub-30,N,P3,theta,-0.090975635,0.12411676
sub-30,N,P4,alpha,-0.047222536,0.17031024
sub-30,N,P4,beta,-0.18157806,0.21815181
sub-30,N,P4,delta,0.023717947,0.0693222
sub-30,N,P4,gamma,0.00531289,0.04417666
sub-30,N,P4,theta,-0.07837144,0.11851452
sub-30,N,Pz,alpha,-0.066687725,0.18782344
sub-30,N,Pz,beta,-0.027128104,0.115678206
sub-30,N,Pz,delta,-0.04952988,0.0888564
sub-30,N,Pz,gamma,0.0098902555,0.056543376
sub-30,N,Pz,theta,-0.14751862,0.16676411
sub-31,N,C3,alpha,-0.052981816,0.14459786
sub-31,N,C3,beta,0.089012384,0.15153134
sub-31,N,C3,delta,0.06592138,0.07560655
sub-31,N,C3,gamma,-0.041260682,0.07369741
sub-31,N,C3,theta,0.061670844,0.08347927
sub-31,N,C4,alpha,-0.06204905,0.15849066
sub-31,N,C4,beta,-0.021742161,0.12824999
sub-31,N,C4,delta,0.010563516,0.038651466
sub-31,N,C4,gamma,-0.03381881,0.07433958
sub-31,N,C4,theta,0.0179655,0.064045824
sub-31,N,Cz,alpha,0.06495448,0.18878505
sub-31,N,Cz,beta,0.038496695,0.18521126
sub-31,N,Cz,delta,0.04129693,0.07531744
sub-31,N,Cz,gamma,0.08664383,0.16360508
sub-31,N,Cz,theta,-0.034863412,0.10188422
sub-31,N,F3,alpha,-0.052784123,0.1734106
sub-31,N,F3,beta,0.025677638,0.09939015
sub-31,N,F3,delta,-0.0135701,0.06205412
sub-31,N,F3,gamma,-0.005786832,0.056277804
sub-31,N,F3,theta,0.022885684,0.067549616
sub-31,N,F4,alpha,-0.094073184,0.20517841
sub-31,N,F4,beta,-0.01209154,0.124882445
sub-31,N,F4,delta,-0.0016838893,0.06495004
sub-31,N,F4,gamma,-0.0043752296,0.053220052
sub-31,N,F4,theta,0.0049801692,0.07537851
sub-31,N,F7,alpha,-0.13457523,0.2657733
sub-31,N,F7,beta,-0.20181863,0.22623275
sub-31,N,F7,delta,-0.010181004,0.1276177
sub-31,N,F7,gamma,-0.040913578,0.06168731
sub-31,N,F7,theta,-0.24379587,0.31967154
sub-31,N,F8,alpha,-0.027236387,0.1646681
sub-31,N,F8,beta,-0.17731997,0.22057493
sub-31,N,F8,delta,-0.062428582,0.11222049
sub-31,N,F8,gamma,-0.014348464,0.054715015
sub-31,N,F8,theta,-0.054260984,0.11480349
sub-31,N,Fp1,alpha,-0.078750655,0.21510945
sub-31,N,Fp1,beta,-0.02799502,0.14275448
sub-31,N,Fp1,delta,0.08371729,0.10153996
sub-31,N,Fp1,gamma,-0.09392665,0.11569217
sub-31,N,Fp1,theta,0.011744313,0.07365067
sub-31,N,Fp2,alpha,-0.16188869,0.24856462
sub-31,N,Fp2,beta,-0.00900115,0.19838442
sub-31,N,Fp2,delta,0.114396825,0.12725577
sub-31,N,Fp2,gamma,-0.0669201,0.093403734
sub-31,N,Fp2,theta,-0.027073286,0.079884104
sub-31,N,Fz,alpha,-0.13142931,0.20914643
sub-31,N,Fz,beta,-0.032948222,0.14351846
sub-31,N,Fz,delta,-0.032259177,0.07718252
sub-31,N,Fz,gamma,-0.003921753,0.087966725
sub-31,N,Fz,theta,0.011461684,0.061796393
sub-31,N,O1,alpha,-0.18353534,0.27273396
sub-31,N,O1,beta,-0.01743643,0.124397695
sub-31,N,O1,delta,0.05258984,0.07798366
sub-31,N,O1,gamma,-0.028624844,0.059314292
sub-31,N,O1,theta,-0.008444216,0.08320003
sub-31,N,O2,alpha,-0.25959232,0.30811638
sub-31,N,O2,beta,-0.047765844,0.17336346
sub-31,N,O2,delta,0.17580774,0.18489577
sub-31,N,O2,gamma,-0.021285359,0.0701225
sub-31,N,O2,theta,0.0710908,0.102296904
sub-31,N,P3,alpha,-0.11225456,0.20288137
sub-31,N,P3,beta,-0.009921659,0.12212483
sub-31,N,P3,delta,0.03193083,0.06324345
sub-31,N,P3,gamma,0.08409932,0.101607166
sub-31,N,P3,theta,-0.088185206,0.11695469
sub-31,N,P4,alpha,-0.03257839,0.15918764
sub-31,N,P4,beta,-0.24396463,0.28560388
sub-31,N,P4,delta,0.035480306,0.059246544
sub-31,N,P4,gamma,0.015794063,0.05545721
sub-31,N,P4,theta,-0.055433292,0.082521796
sub-31,N,Pz,alpha,-0.059043195,0.17611213
sub-31,N,Pz,beta,-0.018741734,0.13109763
sub-31,N,Pz,delta,-0.05274018,0.09264605
sub-31,N,Pz,gamma,0.022565039,0.07338535
sub-31,N,Pz,theta,-0.13947932,0.15269585
sub-32,A+P+,C3,alpha,-0.042281516,0.13352205
sub-32,A+P+,C3,beta,0.04146742,0.07870732
sub-32,A+P+,C3,delta,0.15803348,0.17335638
sub-32,A+P+,C3,gamma,-0.023658823,0.054237977
sub-32,A+P+,C3,theta,0.16407494,0.19203913
sub-32,A+P+,C4,alpha,-0.045224972,0.14355676
sub-32,A+P+,C4,beta,-0.03750452,0.094176084
sub-32,A+P+,C4,delta,0.03397085,0.08830785
sub-32,A+P+,C4,gamma,-0.017953321,0.05293101
sub-32,A+P+,C4,theta,0.15198381,0.19714892
sub-32,A+P+,Cz,alpha,0.066598035,0.16214526
sub-32,A+P+,Cz,beta,0.08895495,0.17181402
sub-32,A+P+,Cz,delta,0.050490588,0.08284585
sub-32,A+P+,Cz,gamma,0.043818153,0.10953417
sub-32,A+P+,Cz,theta,-0.049682222,0.1439157
sub-32,A+P+,F3,alpha,-0.06245554,0.140551
sub-32,A+P+,F3,beta,0.011753557,0.06595909
sub-32,A+P+,F3,delta,-0.01032646,0.09803615
sub-32,A+P+,F3,gamma,-0.0025275098,0.04383296
sub-32,A+P+,F3,theta,0.14250435,0.19555338
sub-32,A+P+,F4,alpha,-0.08199543,0.18822819
sub-32,A+P+,F4,beta,-0.024182457,0.08339011
sub-32,A+P+,F4,delta,0.0024284676,0.07734122
sub-32,A+P+,F4,gamma,-0.0030941314,0.041187808
sub-32,A+P+,F4,theta,0.112260595,0.19172232
sub-32,A+P+,F7,alpha,-0.16478334,0.23201539
sub-32,A+P+,F7,beta,-0.17413683,0.1886185
sub-32,A+P+,F7,delta,0.05067795,0.15965915
sub-32,A+P+,F7,gamma,-0.06098346,0.07820229
sub-32,A+P+,F7,theta,-0.07773921,0.37687233
sub-32,A+P+,F8,alpha,-0.0036315755,0.11956229
sub-32,A+P+,F8,beta,-0.120877236,0.15682013
sub-32,A+P+,F8,delta,-0.035780918,0.10643077
sub-32,A+P+,F8,gamma,-0.004610275,0.055002376
sub-32,A+P+,F8,theta,0.090673305,0.22433312
sub-32,A+P+,Fp1,alpha,-0.120160535,0.19292784
sub-32,A+P+,Fp1,beta,-0.0030496905,0.13710953
sub-32,A+P+,Fp1,delta,0.107037105,0.12818739
sub-32,A+P+,Fp1,gamma,-0.06814323,0.09670208
sub-32,A+P+,Fp1,theta,0.069958456,0.13258299
sub-32,A+P+,Fp2,alpha,-0.17619817,0.22781146
sub-32,A+P+,Fp2,beta,0.017057514,0.1838888
sub-32,A+P+,Fp2,delta,0.13777363,0.15227325
sub-32,A+P+,Fp2,gamma,-0.04735397,0.08445307
sub-32,A+P+,Fp2,theta,-0.037611216,0.13116968
sub-32,A+P+,Fz,alpha,-0.083230615,0.15214387
sub-32,A+P+,Fz,beta,-0.042811785,0.0925883
sub-32,A+P+,Fz,delta,-0.008050136,0.088761985
sub-32,A+P+,Fz,gamma,-0.019745378,0.07063984
sub-32,A+P+,Fz,theta,0.16297725,0.21929038
sub-32,A+P+,O1,alpha,-0.18907453,0.2510229
sub-32,A+P+,O1,beta,-0.016321832,0.059294052
sub-32,A+P+,O1,delta,0.08550326,0.11909264
sub-32,A+P+,O1,gamma,-0.04706644,0.071170025
sub-32,A+P+,O1,theta,0.016570155,0.14569046
sub-32,A+P+,O2,alpha,-0.21585421,0.2481692
sub-32,A+P+,O2,beta,-0.051184237,0.08538225
sub-32,A+P+,O2,delta,0.25732347,0.26881114
sub-32,A+P+,O2,gamma,-0.025973823,0.0629007
sub-32,A+P+,O2,theta,0.11627353,0.20132564
sub-32,A+P+,P3,alpha,-0.13433595,0.18460831
sub-32,A+P+,P3,beta,-0.020186236,0.07222365
sub-32,A+P+,P3,delta,0.04728636,0.095383115
sub-32,A+P+,P3,gamma,0.077088445,0.097414464
sub-32,A+P+,P3,theta,0.070333846,0.25405353
sub-32,A+P+,P4,alpha,-0.053466212,0.124393776
sub-32,A+P+,P4,beta,-0.1585818,0.19320752
sub-32,A+P+,P4,delta,0.043526474,0.10151865
sub-32,A+P+,P4,gamma,0.02977664,0.06860921
sub-32,A+P+,P4,theta,0.08177789,0.27364847
sub-32,A+P+,Pz,alpha,-0.056888215,0.14301059
sub-32,A+P+,Pz,beta,-0.03072499,0.09772204
sub-32,A+P+,Pz,delta,-0.04790062,0.114118375
sub-32,A+P+,Pz,gamma,0.033146504,0.07673705
sub-32,A+P+,Pz,theta,-0.077920355,0.20685513
sub-33,A+P+,C3,alpha,-0.0077924496,0.06889877
sub-33,A+P+,C3,beta,0.06745862,0.11656126
sub-33,A+P+,C3,delta,0.1736043,0.20247358
sub-33,A+P+,C3,gamma,-0.031636942,0.15230636
sub-33,A+P+,C3,theta,0.07985615,0.09811346
sub-33,A+P+,C4,alpha,-0.037556466,0.07601619
sub-33,A+P+,C4,beta,-0.037416216,0.114362374
sub-33,A+P+,C4,delta,-0.0066075656,0.10231562
sub-33,A+P+,C4,gamma,0.05869584,0.28574896
sub-33,A+P+,C4,theta,0.028791968,0.07497155
sub-33,A+P+,Cz,alpha,0.05037579,0.13633604
sub-33,A+P+,Cz,beta,0.103134684,0.21603146
sub-33,A+P+,Cz,delta,0.019097015,0.1293019
sub-33,A+P+,Cz,gamma,0.031055678,0.13715848
sub-33,A+P+,Cz,theta,-0.050428618,0.10920391
sub-33,A+P+,F3,alpha,-0.03359442,0.07859016
sub-33,A+P+,F3,beta,0.049679633,0.110753804
sub-33,A+P+,F3,delta,-0.09052865,0.16947384
sub-33,A+P+,F3,gamma,-0.009737739,0.11070408
sub-33,A+P+,F3,theta,0.04324497,0.10390194
sub-33,A+P+,F4,alpha,0.031161625,0.07187611
sub-33,A+P+,F4,beta,-0.012909549,0.1177222
sub-33,A+P+,F4,delta,-0.057125863,0.14139503
sub-33,A+P+,F4,gamma,0.07881916,0.18015607
sub-33,A+P+,F4,theta,0.05075367,0.11021614
sub-33,A+P+,F7,alpha,-0.110373795,0.15401065
sub-33,A+P+,F7,beta,-0.21091214,0.22965638
sub-33,A+P+,F7,delta,-0.024243893,0.15507177
sub-33,A+P+,F7,gamma,-0.12923239,0.20944452
sub-33,A+P+,F7,theta,-0.20709604,0.27419972
sub-33,A+P+,F8,alpha,-0.00871338,0.056263156
sub-33,A+P+,F8,beta,-0.22362866,0.2787438
sub-33,A+P+,F8,delta,-0.07439822,0.12568475
sub-33,A+P+,F8,gamma,0.14650692,0.25479272
sub-33,A+P+,F8,theta,-0.022455892,0.07418573
sub-33,A+P+,Fp1,alpha,-0.072902694,0.12215827
sub-33,A+P+,Fp1,beta,-0.01737807,0.12737966
sub-33,A+P+,Fp1,delta,0.13723332,0.17812583
sub-33,A+P+,Fp1,gamma,-0.08144668,0.114512965
sub-33,A+P+,Fp1,theta,0.017295249,0.07985037
sub-33,A+P+,Fp2,alpha,-0.052264437,0.089786336
sub-33,A+P+,Fp2,beta,0.042944964,0.14355397
sub-33,A+P+,Fp2,delta,0.11862323,0.16939422
sub-33,A+P+,Fp2,gamma,-0.05172673,0.10932143
sub-33,A+P+,Fp2,theta,-0.057019517,0.086088136
sub-33,A+P+,Fz,alpha,-0.030246915,0.092189975
sub-33,A+P+,Fz,beta,-0.011158692,0.18858746
sub-33,A+P+,Fz,delta,-0.074002214,0.1539227
sub-33,A+P+,Fz,gamma,-0.07002452,0.130928
sub-33,A+P+,Fz,theta,0.078984365,0.12373006
sub-33,A+P+,O1,alpha,-0.11324717,0.1397264
sub-33,A+P+,O1,beta,0.022384165,0.17704451
sub-33,A+P+,O1,delta,0.110230364,0.14756098
sub-33,A+P+,O1,gamma,-0.28952867,0.33345243
sub-33,A+P+,O1,theta,0.036458563,0.09266937
sub-33,A+P+,O2,alpha,-0.1110162,0.12625937
sub-33,A+P+,O2,beta,-0.011805661,0.21166
sub-33,A+P+,O2,delta,0.3629701,0.37701863
sub-33,A+P+,O2,gamma,-0.049588993,0.14369929
sub-33,A+P+,O2,theta,0.15445134,0.17340197
sub-33,A+P+,P3,alpha,-0.056742728,0.0974121
sub-33,A+P+,P3,beta,-0.056037344,0.13493255
sub-33,A+P+,P3,delta,0.0148203755,0.119154595
sub-33,A+P+,P3,gamma,0.08463139,0.1689954
sub-33,A+P+,P3,theta,-0.028384,0.14649747
sub-33,A+P+,P4,alpha,-0.016528342,0.072649434
sub-33,A+P+,P4,beta,-0.27865487,0.31524885
sub-33,A+P+,P4,delta,-0.014635262,0.13588591
sub-33,A+P+,P4,gamma,0.07632533,0.14184725
sub-33,A+P+,P4,theta,-0.03904649,0.136407
sub-33,A+P+,Pz,alpha,-0.015763968,0.09391782
sub-33,A+P+,Pz,beta,0.0034282121,0.13688283
sub-33,A+P+,Pz,delta,-0.099210836,0.16151632
sub-33,A+P+,Pz,gamma,-0.010383948,0.121362194
sub-33,A+P+,Pz,theta,-0.11516646,0.16033478
sub-34,A+P+,C3,alpha,-0.051916882,0.13649148
sub-34,A+P+,C3,beta,0.06530752,0.10929413
sub-34,A+P+,C3,delta,0.12700678,0.14094548
sub-34,A+P+,C3,gamma,-0.02339659,0.056010712
sub-34,A+P+,C3,theta,0.119783096,0.15265967
sub-34,A+P+,C4,alpha,-0.06937114,0.15518664
sub-34,A+P+,C4,beta,-0.03031448,0.087729454
sub-34,A+P+,C4,delta,0.023672037,0.05886412
sub-34,A+P+,C4,gamma,-0.008428196,0.021374337
sub-34,A+P+,C4,theta,0.11835477,0.17705417
sub-34,A+P+,Cz,alpha,0.08062606,0.20601715
sub-34,A+P+,Cz,beta,0.05688272,0.14873
sub-34,A+P+,Cz,delta,0.03364913,0.04554928
sub-34,A+P+,Cz,gamma,-0.016633095,0.04104319
sub-34,A+P+,Cz,theta,-0.030092074,0.11409439
sub-34,A+P+,F3,alpha,-0.057196,0.16918184
sub-34,A+P+,F3,beta,0.011997073,0.07829823
sub-34,A+P+,F3,delta,-0.0027730917,0.050686635
sub-34,A+P+,F3,gamma,-0.007723594,0.034029726
sub-34,A+P+,F3,theta,0.08519969,0.14259116
sub-34,A+P+,F4,alpha,-0.11230787,0.21609646
sub-34,A+P+,F4,beta,-0.031328212,0.09225268
sub-34,A+P+,F4,delta,0.013948881,0.056979533
sub-34,A+P+,F4,gamma,-0.009498597,0.029321682
sub-34,A+P+,F4,theta,0.036065303,0.1209865
sub-34,A+P+,F7,alpha,-0.15374699,0.26679033
sub-34,A+P+,F7,beta,-0.16777572,0.18562838
sub-34,A+P+,F7,delta,0.012462268,0.11291024
sub-34,A+P+,F7,gamma,-0.027610105,0.04299754
sub-34,A+P+,F7,theta,-0.15715218,0.343417
sub-34,A+P+,F8,alpha,-0.057096362,0.17420126
sub-34,A+P+,F8,beta,-0.09012522,0.12738968
sub-34,A+P+,F8,delta,-0.036536105,0.09182752
sub-34,A+P+,F8,gamma,-0.011632098,0.040463082
sub-34,A+P+,F8,theta,0.009319952,0.16577686
sub-34,A+P+,Fp1,alpha,-0.097438596,0.20517933
sub-34,A+P+,Fp1,beta,0.0032420391,0.11239083
sub-34,A+P+,Fp1,delta,0.08981361,0.1139022
sub-34,A+P+,Fp1,gamma,-0.07052139,0.091037914
sub-34,A+P+,Fp1,theta,0.045310102,0.111970484
sub-34,A+P+,Fp2,alpha,-0.17787984,0.23840971
sub-34,A+P+,Fp2,beta,0.026177421,0.15103048
sub-34,A+P+,Fp2,delta,0.12866266,0.14363101
sub-34,A+P+,Fp2,gamma,-0.07760336,0.1086923
sub-34,A+P+,Fp2,theta,-0.022805253,0.112018995
sub-34,A+P+,Fz,alpha,-0.12936503,0.19783288
sub-34,A+P+,Fz,beta,-0.051005874,0.11276709
sub-34,A+P+,Fz,delta,-0.015251823,0.05169119
sub-34,A+P+,Fz,gamma,-0.026847811,0.056523666
sub-34,A+P+,Fz,theta,0.06163145,0.12068739
sub-34,A+P+,O1,alpha,-0.1933903,0.27957132
sub-34,A+P+,O1,beta,-0.019219972,0.073152274
sub-34,A+P+,O1,delta,0.038395386,0.06366207
sub-34,A+P+,O1,gamma,-0.0037230689,0.019062998
sub-34,A+P+,O1,theta,-0.009307552,0.09067065
sub-34,A+P+,O2,alpha,-0.26684403,0.325715
sub-34,A+P+,O2,beta,-0.07441271,0.11641125
sub-34,A+P+,O2,delta,0.11053287,0.124767244
sub-34,A+P+,O2,gamma,-0.017354222,0.038917206
sub-34,A+P+,O2,theta,0.06929895,0.11221576
sub-34,A+P+,P3,alpha,-0.13029845,0.20592913
sub-34,A+P+,P3,beta,-0.009874473,0.09116892
sub-34,A+P+,P3,delta,0.04112189,0.06966032
sub-34,A+P+,P3,gamma,0.018847466,0.0338967
sub-34,A+P+,P3,theta,0.0021892125,0.22690773
sub-34,A+P+,P4,alpha,-0.061234094,0.16288254
sub-34,A+P+,P4,beta,-0.113440804,0.15250273
sub-34,A+P+,P4,delta,0.03729511,0.05127607
sub-34,A+P+,P4,gamma,-0.005861328,0.019312188
sub-34,A+P+,P4,theta,-0.037880223,0.1701181
sub-34,A+P+,Pz,alpha,-0.07293952,0.18432319
sub-34,A+P+,Pz,beta,-0.024542157,0.0945344
sub-34,A+P+,Pz,delta,-0.023843262,0.06787002
sub-34,A+P+,Pz,gamma,-0.0023300312,0.03561397
sub-34,A+P+,Pz,theta,-0.11437358,0.1995789
sub-35,A+P+,C3,alpha,-0.028795857,0.12720647
sub-35,A+P+,C3,beta,0.080406226,0.13824463
sub-35,A+P+,C3,delta,0.15582497,0.1759693
sub-35,A+P+,C3,gamma,-0.04419234,0.09297577
sub-35,A+P+,C3,theta,0.058457933,0.076548345
sub-35,A+P+,C4,alpha,-0.049020927,0.13313955
sub-35,A+P+,C4,beta,-0.035391085,0.12595212
sub-35,A+P+,C4,delta,0.0033666177,0.10631851
sub-35,A+P+,C4,gamma,-0.015741583,0.12283496
sub-35,A+P+,C4,theta,0.041416157,0.08890837
sub-35,A+P+,Cz,alpha,0.06216358,0.17564417
sub-35,A+P+,Cz,beta,0.08418905,0.17773212
sub-35,A+P+,Cz,delta,0.012915819,0.124990836
sub-35,A+P+,Cz,gamma,0.06659019,0.15600713
sub-35,A+P+,Cz,theta,-0.044374023,0.09895692
sub-35,A+P+,F3,alpha,-0.064018674,0.14158429
sub-35,A+P+,F3,beta,0.028750207,0.090488784
sub-35,A+P+,F3,delta,-0.09501496,0.16918409
sub-35,A+P+,F3,gamma,-0.003905463,0.08102925
sub-35,A+P+,F3,theta,0.049638007,0.105392545
sub-35,A+P+,F4,alpha,-0.063912675,0.17070995
sub-35,A+P+,F4,beta,-0.010758881,0.122601956
sub-35,A+P+,F4,delta,-0.050823484,0.12663709
sub-35,A+P+,F4,gamma,0.016492724,0.09399439
sub-35,A+P+,F4,theta,0.04263729,0.11446966
sub-35,A+P+,F7,alpha,-0.13969147,0.24527359
sub-35,A+P+,F7,beta,-0.20497355,0.22365887
sub-35,A+P+,F7,delta,-0.0071595195,0.15909576
sub-35,A+P+,F7,gamma,-0.09381886,0.1220006
sub-35,A+P+,F7,theta,-0.22392306,0.32494235
sub-35,A+P+,F8,alpha,0.0015523095,0.12936471
sub-35,A+P+,F8,beta,-0.17200202,0.20611964
sub-35,A+P+,F8,delta,-0.08918525,0.15015055
sub-35,A+P+,F8,gamma,0.0011351092,0.08400017
sub-35,A+P+,F8,theta,-0.039739784,0.119382136
sub-35,A+P+,Fp1,alpha,-0.088217005,0.15893088
sub-35,A+P+,Fp1,beta,-0.0068198247,0.11013513
sub-35,A+P+,Fp1,delta,0.11896106,0.16995016
sub-35,A+P+,Fp1,gamma,-0.087020464,0.11397072
sub-35,A+P+,Fp1,theta,0.018829184,0.08777729
sub-35,A+P+,Fp2,alpha,-0.12814736,0.16981153
sub-35,A+P+,Fp2,beta,0.028585944,0.1787838
sub-35,A+P+,Fp2,delta,0.12935027,0.1679576
sub-35,A+P+,Fp2,gamma,-0.0867059,0.1385789
sub-35,A+P+,Fp2,theta,-0.04962471,0.0888352
sub-35,A+P+,Fz,alpha,-0.10053795,0.17243306
sub-35,A+P+,Fz,beta,-0.04541284,0.14286269
sub-35,A+P+,Fz,delta,-0.05252872,0.1297249
sub-35,A+P+,Fz,gamma,-0.041124392,0.1377376
sub-35,A+P+,Fz,theta,0.050817396,0.10751949
sub-35,A+P+,O1,alpha,-0.19487974,0.25386935
sub-35,A+P+,O1,beta,-0.03058,0.11786847
sub-35,A+P+,O1,delta,0.08737158,0.14740011
sub-35,A+P+,O1,gamma,-0.13785775,0.16761252
sub-35,A+P+,O1,theta,0.006756361,0.09547183
sub-35,A+P+,O2,alpha,-0.23675731,0.26838008
sub-35,A+P+,O2,beta,-0.06683764,0.13392334
sub-35,A+P+,O2,delta,0.34102806,0.3547234
sub-35,A+P+,O2,gamma,-0.02127179,0.12411853
sub-35,A+P+,O2,theta,0.08869112,0.11210976
sub-35,A+P+,P3,alpha,-0.097366795,0.16957326
sub-35,A+P+,P3,beta,-0.039897405,0.12700787
sub-35,A+P+,P3,delta,0.012747223,0.10961221
sub-35,A+P+,P3,gamma,0.092068106,0.13495028
sub-35,A+P+,P3,theta,-0.07369534,0.13056506
sub-35,A+P+,P4,alpha,-0.031190792,0.12958926
sub-35,A+P+,P4,beta,-0.27178693,0.30751973
sub-35,A+P+,P4,delta,0.0013908476,0.1251337
sub-35,A+P+,P4,gamma,0.05448133,0.11038598
sub-35,A+P+,P4,theta,-0.0596698,0.11258918
sub-35,A+P+,Pz,alpha,-0.04366194,0.15937465
sub-35,A+P+,Pz,beta,-0.029176814,0.10058992
sub-35,A+P+,Pz,delta,-0.09287622,0.140469
sub-35,A+P+,Pz,gamma,0.011300201,0.07863481
sub-35,A+P+,Pz,theta,-0.11118539,0.12793115
sub-36,A+P+,C3,alpha,-0.014920503,0.09215734
sub-36,A+P+,C3,beta,0.05442343,0.09321401
sub-36,A+P+,C3,delta,0.1672483,0.21998689
sub-36,A+P+,C3,gamma,-0.031693496,0.12246345
sub-36,A+P+,C3,theta,0.08706556,0.10994623
sub-36,A+P+,C4,alpha,-0.04258195,0.10918715
sub-36,A+P+,C4,beta,-0.041512042,0.097252704
sub-36,A+P+,C4,delta,0.0028302514,0.12880312
sub-36,A+P+,C4,gamma,0.0056712823,0.13001059
sub-36,A+P+,C4,theta,0.10211155,0.14468452
sub-36,A+P+,Cz,alpha,0.040365,0.13441089
sub-36,A+P+,Cz,beta,0.082848035,0.165767
sub-36,A+P+,Cz,delta,-0.010126436,0.14969677
sub-36,A+P+,Cz,gamma,0.03527288,0.14121413
sub-36,A+P+,Cz,theta,-0.036751587,0.097586066
sub-36,A+P+,F3,alpha,-0.034147486,0.079137
sub-36,A+P+,F3,beta,0.010571853,0.049381062
sub-36,A+P+,F3,delta,-0.13584375,0.21594255
sub-36,A+P+,F3,gamma,-0.011911691,0.055925358
sub-36,A+P+,F3,theta,0.060249045,0.10136212
sub-36,A+P+,F4,alpha,0.00030218987,0.09171115
sub-36,A+P+,F4,beta,-0.027331788,0.0810682
sub-36,A+P+,F4,delta,-0.056054566,0.16245043
sub-36,A+P+,F4,gamma,0.011232775,0.09269329
sub-36,A+P+,F4,theta,0.061515477,0.12247193
sub-36,A+P+,F7,alpha,-0.11772072,0.16941792
sub-36,A+P+,F7,beta,-0.1180933,0.12826504
sub-36,A+P+,F7,delta,-0.026198225,0.19275776
sub-36,A+P+,F7,gamma,-0.056571003,0.073024854
sub-36,A+P+,F7,theta,-0.17023364,0.2958213
sub-36,A+P+,F8,alpha,-0.01081283,0.075854704
sub-36,A+P+,F8,beta,-0.111601636,0.13527265
sub-36,A+P+,F8,delta,-0.09189747,0.16838929
sub-36,A+P+,F8,gamma,-0.0059489575,0.059924148
sub-36,A+P+,F8,theta,0.017727682,0.13751799
sub-36,A+P+,Fp1,alpha,-0.08503934,0.14233977
sub-36,A+P+,Fp1,beta,0.0084197335,0.111020006
sub-36,A+P+,Fp1,delta,0.10368589,0.1698884
sub-36,A+P+,Fp1,gamma,-0.06755869,0.098320134
sub-36,A+P+,Fp1,theta,0.031696223,0.09928021
sub-36,A+P+,Fp2,alpha,-0.119724646,0.15907829
sub-36,A+P+,Fp2,beta,0.056730695,0.15137884
sub-36,A+P+,Fp2,delta,0.11290272,0.16721736
sub-36,A+P+,Fp2,gamma,-0.044855036,0.092642196
sub-36,A+P+,Fp2,theta,-0.07714771,0.12556134
sub-36,A+P+,Fz,alpha,-0.058789816,0.10964638
sub-36,A+P+,Fz,beta,-0.062243853,0.12594973
sub-36,A+P+,Fz,delta,-0.07699834,0.17959294
sub-36,A+P+,Fz,gamma,-0.10174049,0.17022786
sub-36,A+P+,Fz,theta,0.06851749,0.115731746
sub-36,A+P+,O1,alpha,-0.19299988,0.23271139
sub-36,A+P+,O1,beta,-0.036537282,0.120264314
sub-36,A+P+,O1,delta,0.09494908,0.14808705
sub-36,A+P+,O1,gamma,-0.2546619,0.29595965
sub-36,A+P+,O1,theta,0.021308094,0.113581054
sub-36,A+P+,O2,alpha,-0.20458452,0.225443
sub-36,A+P+,O2,beta,-0.069808625,0.124584824
sub-36,A+P+,O2,delta,0.34628457,0.3665686
sub-36,A+P+,O2,gamma,-0.042780906,0.1022588
sub-36,A+P+,O2,theta,0.12729295,0.16330151
sub-36,A+P+,P3,alpha,-0.09644235,0.14322387
sub-36,A+P+,P3,beta,-0.038808227,0.08249652
sub-36,A+P+,P3,delta,0.01882195,0.12226837
sub-36,A+P+,P3,gamma,0.066436306,0.1331752
sub-36,A+P+,P3,theta,-0.00304305,0.16300106
sub-36,A+P+,P4,alpha,-0.04066507,0.10543904
sub-36,A+P+,P4,beta,-0.14677504,0.17705087
sub-36,A+P+,P4,delta,-0.0132152345,0.14633173
sub-36,A+P+,P4,gamma,0.04774168,0.11189178
sub-36,A+P+,P4,theta,-0.013115023,0.1592732
sub-36,A+P+,Pz,alpha,-0.027656741,0.10884293
sub-36,A+P+,Pz,beta,-0.031459983,0.09483672
sub-36,A+P+,Pz,delta,-0.1116004,0.1826356
sub-36,A+P+,Pz,gamma,0.0119646825,0.11149792
sub-36,A+P+,Pz,theta,-0.09588042,0.16516194
sub-37,A+P+,C3,alpha,-0.007200355,0.07251821
sub-37,A+P+,C3,beta,0.04615114,0.16328569
sub-37,A+P+,C3,delta,0.17530668,0.19997023
sub-37,A+P+,C3,gamma,-0.07025067,0.11089766
sub-37,A+P+,C3,theta,0.09034079,0.10929483
sub-37,A+P+,C4,alpha,-0.040747084,0.087295584
sub-37,A+P+,C4,beta,-0.051969163,0.13404623
sub-37,A+P+,C4,delta,-0.025792658,0.114437856
sub-37,A+P+,C4,gamma,0.023295693,0.19318518
sub-37,A+P+,C4,theta,0.06997996,0.12376312
sub-37,A+P+,Cz,alpha,0.03367313,0.120468035
sub-37,A+P+,Cz,beta,0.10318513,0.2072259
sub-37,A+P+,Cz,delta,0.011559082,0.14105196
sub-37,A+P+,Cz,gamma,0.024044879,0.14545304
sub-37,A+P+,Cz,theta,-0.054244187,0.11326924
sub-37,A+P+,F3,alpha,-0.053082537,0.102408744
sub-37,A+P+,F3,beta,0.05121744,0.11811767
sub-37,A+P+,F3,delta,-0.086024106,0.16495231
sub-37,A+P+,F3,gamma,-0.014335721,0.0830144
sub-37,A+P+,F3,theta,0.06359252,0.12632361
sub-37,A+P+,F4,alpha,0.023127943,0.07661655
sub-37,A+P+,F4,beta,-0.010083939,0.13200009
sub-37,A+P+,F4,delta,-0.08098139,0.1509828
sub-37,A+P+,F4,gamma,0.020485166,0.12314228
sub-37,A+P+,F4,theta,0.07360769,0.14007361
sub-37,A+P+,F7,alpha,-0.116910085,0.19093296
sub-37,A+P+,F7,beta,-0.27281222,0.28742403
sub-37,A+P+,F7,delta,-0.015743453,0.15527977
sub-37,A+P+,F7,gamma,-0.107743695,0.13514486
sub-37,A+P+,F7,theta,-0.2149194,0.29254687
sub-37,A+P+,F8,alpha,0.0055127502,0.09141334
sub-37,A+P+,F8,beta,-0.24565509,0.27709347
sub-37,A+P+,F8,delta,-0.090827994,0.15231358
sub-37,A+P+,F8,gamma,0.007252329,0.10784746
sub-37,A+P+,F8,theta,-0.018104019,0.11658516
sub-37,A+P+,Fp1,alpha,-0.08140535,0.12913442
sub-37,A+P+,Fp1,beta,-0.052953318,0.1597549
sub-37,A+P+,Fp1,delta,0.12865889,0.16755539
sub-37,A+P+,Fp1,gamma,-0.09734205,0.150515
sub-37,A+P+,Fp1,theta,0.023096334,0.08604819
sub-37,A+P+,Fp2,alpha,-0.067793615,0.10054312
sub-37,A+P+,Fp2,beta,0.03223675,0.17940402
sub-37,A+P+,Fp2,delta,0.1134392,0.16056456
sub-37,A+P+,Fp2,gamma,-0.06404659,0.15975517
sub-37,A+P+,Fp2,theta,-0.06439152,0.091905974
sub-37,A+P+,Fz,alpha,-0.031159965,0.094009876
sub-37,A+P+,Fz,beta,-0.02598979,0.19728212
sub-37,A+P+,Fz,delta,-0.084288865,0.15562694
sub-37,A+P+,Fz,gamma,-0.122436725,0.18585317
sub-37,A+P+,Fz,theta,0.11814275,0.16472527
sub-37,A+P+,O1,alpha,-0.16315751,0.19038568
sub-37,A+P+,O1,beta,-0.0049169166,0.17155872
sub-37,A+P+,O1,delta,0.110832796,0.15731607
sub-37,A+P+,O1,gamma,-0.24080685,0.26567006
sub-37,A+P+,O1,theta,0.03768252,0.10941059
sub-37,A+P+,O2,alpha,-0.13061835,0.14899318
sub-37,A+P+,O2,beta,-0.018455552,0.20131107
sub-37,A+P+,O2,delta,0.39637503,0.41114727
sub-37,A+P+,O2,gamma,-0.040528182,0.13326985
sub-37,A+P+,O2,theta,0.17999846,0.20456819
sub-37,A+P+,P3,alpha,-0.06804255,0.099790886
sub-37,A+P+,P3,beta,-0.07996644,0.16717252
sub-37,A+P+,P3,delta,0.0077476944,0.11460751
sub-37,A+P+,P3,gamma,0.05281969,0.13969134
sub-37,A+P+,P3,theta,-0.026663352,0.1568498
sub-37,A+P+,P4,alpha,-0.023793532,0.06686891
sub-37,A+P+,P4,beta,-0.33984962,0.37568635
sub-37,A+P+,P4,delta,-0.017517276,0.13492545
sub-37,A+P+,P4,gamma,0.06864248,0.13467376
sub-37,A+P+,P4,theta,-0.03635754,0.1338037
sub-37,A+P+,Pz,alpha,-0.023209367,0.08572391
sub-37,A+P+,Pz,beta,-0.015612499,0.14585285
sub-37,A+P+,Pz,delta,-0.10925815,0.17148945
sub-37,A+P+,Pz,gamma,-0.021155307,0.1339362
sub-37,A+P+,Pz,theta,-0.11948768,0.1593085
sub-38,A+P-,C3,alpha,-0.032321427,0.1335461
sub-38,A+P-,C3,beta,0.07675642,0.12538074
sub-38,A+P-,C3,delta,0.13143007,0.14212535
sub-38,A+P-,C3,gamma,-0.05224762,0.12462481
sub-38,A+P-,C3,theta,0.09334457,0.1136631
sub-38,A+P-,C4,alpha,-0.054304045,0.1445156
sub-38,A+P-,C4,beta,-0.0427196,0.123219825
sub-38,A+P-,C4,delta,0.007797172,0.09197108
sub-38,A+P-,C4,gamma,-0.03193539,0.09977523
sub-38,A+P-,C4,theta,0.10225881,0.15876035
sub-38,A+P-,Cz,alpha,0.06208847,0.16939294
sub-38,A+P-,Cz,beta,0.06135376,0.19773328
sub-38,A+P-,Cz,delta,0.039244514,0.08748148
sub-38,A+P-,Cz,gamma,0.05644402,0.13453308
sub-38,A+P-,Cz,theta,-0.057641722,0.11629955
sub-38,A+P-,F3,alpha,-0.07680846,0.15167513
sub-38,A+P-,F3,beta,0.022564668,0.09338771
sub-38,A+P-,F3,delta,-0.041556563,0.11661132
sub-38,A+P-,F3,gamma,-0.0065085893,0.10013025
sub-38,A+P-,F3,theta,0.042049766,0.103167556
sub-38,A+P-,F4,alpha,-0.06743742,0.16287015
sub-38,A+P-,F4,beta,-0.010696552,0.12062913
sub-38,A+P-,F4,delta,-0.037783995,0.114130005
sub-38,A+P-,F4,gamma,0.039642125,0.11452488
sub-38,A+P-,F4,theta,0.044812564,0.11920941
sub-38,A+P-,F7,alpha,-0.15901934,0.22908534
sub-38,A+P-,F7,beta,-0.26150674,0.27902177
sub-38,A+P-,F7,delta,0.005630365,0.15456739
sub-38,A+P-,F7,gamma,-0.16897227,0.24106681
sub-38,A+P-,F7,theta,-0.25659007,0.29774648
sub-38,A+P-,F8,alpha,0.00043280894,0.09756034
sub-38,A+P-,F8,beta,-0.19658044,0.22826518
sub-38,A+P-,F8,delta,-0.1002493,0.15487249
sub-38,A+P-,F8,gamma,0.06747685,0.16169852
sub-38,A+P-,F8,theta,-0.056780707,0.10354934
sub-38,A+P-,Fp1,alpha,-0.1201534,0.1851681
sub-38,A+P-,Fp1,beta,-0.027650934,0.13864996
sub-38,A+P-,Fp1,delta,0.12807363,0.16982193
sub-38,A+P-,Fp1,gamma,-0.09295395,0.12080622
sub-38,A+P-,Fp1,theta,0.024885656,0.08840409
sub-38,A+P-,Fp2,alpha,-0.15952404,0.20310733
sub-38,A+P-,Fp2,beta,0.009623679,0.18839128
sub-38,A+P-,Fp2,delta,0.1378603,0.16579916
sub-38,A+P-,Fp2,gamma,-0.09004115,0.13129717
sub-38,A+P-,Fp2,theta,-0.05141287,0.09668082
sub-38,A+P-,Fz,alpha,-0.103736885,0.17720644
sub-38,A+P-,Fz,beta,-0.035712514,0.15040532
sub-38,A+P-,Fz,delta,-0.027248312,0.0823449
sub-38,A+P-,Fz,gamma,-0.019768711,0.11985473
sub-38,A+P-,Fz,theta,0.07099685,0.13469732
sub-38,A+P-,O1,alpha,-0.20796715,0.26700678
sub-38,A+P-,O1,beta,-0.037524924,0.11481884
sub-38,A+P-,O1,delta,0.07544781,0.097154714
sub-38,A+P-,O1,gamma,-0.11733509,0.1413103
sub-38,A+P-,O1,theta,0.007840261,0.114827454
sub-38,A+P-,O2,alpha,-0.25838536,0.295444
sub-38,A+P-,O2,beta,-0.05320664,0.16059805
sub-38,A+P-,O2,delta,0.18969792,0.19941665
sub-38,A+P-,O2,gamma,-0.029866809,0.16160674
sub-38,A+P-,O2,theta,0.1186746,0.15992415
sub-38,A+P-,P3,alpha,-0.106473856,0.17214192
sub-38,A+P-,P3,beta,-0.043530177,0.12508556
sub-38,A+P-,P3,delta,0.019736562,0.08958081
sub-38,A+P-,P3,gamma,0.09792241,0.14004396
sub-38,A+P-,P3,theta,-0.008913027,0.21606402
sub-38,A+P-,P4,alpha,-0.029955031,0.13036472
sub-38,A+P-,P4,beta,-0.2582835,0.29350853
sub-38,A+P-,P4,delta,0.03670356,0.07450484
sub-38,A+P-,P4,gamma,0.068680495,0.11787857
sub-38,A+P-,P4,theta,-0.03371858,0.19485524
sub-38,A+P-,Pz,alpha,-0.063383,0.15091759
sub-38,A+P-,Pz,beta,-0.025451435,0.12348343
sub-38,A+P-,Pz,delta,-0.089921445,0.13339153
sub-38,A+P-,Pz,gamma,0.026122725,0.10303523
sub-38,A+P-,Pz,theta,-0.15554753,0.19380727
sub-39,A+P+,C3,alpha,-0.01272373,0.11030736
sub-39,A+P+,C3,beta,0.064758554,0.116737925
sub-39,A+P+,C3,delta,0.17089711,0.19431052
sub-39,A+P+,C3,gamma,-0.06052533,0.10004439
sub-39,A+P+,C3,theta,0.0971163,0.115118735
sub-39,A+P+,C4,alpha,-0.0410153,0.12245973
sub-39,A+P+,C4,beta,-0.041993473,0.116241805
sub-39,A+P+,C4,delta,-0.016706068,0.11805175
sub-39,A+P+,C4,gamma,-0.022747036,0.12991269
sub-39,A+P+,C4,theta,0.0606473,0.110842735
sub-39,A+P+,Cz,alpha,0.06788834,0.15540005
sub-39,A+P+,Cz,beta,0.10221414,0.20662305
sub-39,A+P+,Cz,delta,0.02469786,0.12421424
sub-39,A+P+,Cz,gamma,0.046531927,0.14416409
sub-39,A+P+,Cz,theta,-0.049754325,0.11447107
sub-39,A+P+,F3,alpha,-0.06380309,0.12020602
sub-39,A+P+,F3,beta,0.055067983,0.12246437
sub-39,A+P+,F3,delta,-0.047455832,0.13325307
sub-39,A+P+,F3,gamma,-0.009642432,0.08612931
sub-39,A+P+,F3,theta,0.07015176,0.13047016
sub-39,A+P+,F4,alpha,0.00083150674,0.10522696
sub-39,A+P+,F4,beta,0.0046955016,0.13525154
sub-39,A+P+,F4,delta,-0.056900263,0.12496782
sub-39,A+P+,F4,gamma,0.019138247,0.1076614
sub-39,A+P+,F4,theta,0.08393288,0.14832056
sub-39,A+P+,F7,alpha,-0.13101867,0.21209909
sub-39,A+P+,F7,beta,-0.23880082,0.2544999
sub-39,A+P+,F7,delta,0.0022594193,0.16255051
sub-39,A+P+,F7,gamma,-0.09101771,0.11098151
sub-39,A+P+,F7,theta,-0.19787388,0.31038266
sub-39,A+P+,F8,alpha,0.025089521,0.12583274
sub-39,A+P+,F8,beta,-0.22923201,0.26665497
sub-39,A+P+,F8,delta,-0.07295832,0.13026401
sub-39,A+P+,F8,gamma,-0.006989067,0.08266201
sub-39,A+P+,F8,theta,-0.018864857,0.12673399
sub-39,A+P+,Fp1,alpha,-0.094905004,0.15006934
sub-39,A+P+,Fp1,beta,-0.026203806,0.14231558
sub-39,A+P+,Fp1,delta,0.13379115,0.1719217
sub-39,A+P+,Fp1,gamma,-0.086084984,0.13058975
sub-39,A+P+,Fp1,theta,0.03387753,0.09613436
sub-39,A+P+,Fp2,alpha,-0.112258576,0.15264392
sub-39,A+P+,Fp2,beta,0.04161281,0.16519122
sub-39,A+P+,Fp2,delta,0.12534267,0.1650105
sub-39,A+P+,Fp2,gamma,-0.055500604,0.112099774
sub-39,A+P+,Fp2,theta,-0.06602176,0.10453587
sub-39,A+P+,Fz,alpha,-0.037638184,0.11308969
sub-39,A+P+,Fz,beta,-0.019226834,0.18327676
sub-39,A+P+,Fz,delta,-0.049747534,0.12804934
sub-39,A+P+,Fz,gamma,-0.07665119,0.15782645
sub-39,A+P+,Fz,theta,0.12711552,0.17415021
sub-39,A+P+,O1,alpha,-0.16447009,0.19589806
sub-39,A+P+,O1,beta,-0.003213626,0.15315853
sub-39,A+P+,O1,delta,0.110863194,0.15561414
sub-39,A+P+,O1,gamma,-0.2963694,0.32975546
sub-39,A+P+,O1,theta,0.032013718,0.1160261
sub-39,A+P+,O2,alpha,-0.13575539,0.15663788
sub-39,A+P+,O2,beta,-0.016018819,0.19322169
sub-39,A+P+,O2,delta,0.38653013,0.3990041
sub-39,A+P+,O2,gamma,-0.056542218,0.17089927
sub-39,A+P+,O2,theta,0.17128028,0.20917705
sub-39,A+P+,P3,alpha,-0.07951449,0.13581549
sub-39,A+P+,P3,beta,-0.062220078,0.12853532
sub-39,A+P+,P3,delta,0.020102158,0.10584563
sub-39,A+P+,P3,gamma,0.06689519,0.15610348
sub-39,A+P+,P3,theta,0.005191817,0.18772973
sub-39,A+P+,P4,alpha,-0.023604847,0.087503135
sub-39,A+P+,P4,beta,-0.29255462,0.33091193
sub-39,A+P+,P4,delta,-0.008074076,0.13868868
sub-39,A+P+,P4,gamma,0.09480922,0.15945043
sub-39,A+P+,P4,theta,-0.005441287,0.18386121
sub-39,A+P+,Pz,alpha,-0.0239611,0.10769754
sub-39,A+P+,Pz,beta,-0.014434375,0.13155793
sub-39,A+P+,Pz,delta,-0.09227923,0.15504439
sub-39,A+P+,Pz,gamma,-0.00053954864,0.12157785
sub-39,A+P+,Pz,theta,-0.11748117,0.17413133
sub-40,A+P+,C3,alpha,-0.03508689,0.12525658
sub-40,A+P+,C3,beta,0.060090993,0.09712453
sub-40,A+P+,C3,delta,0.18415253,0.21188821
sub-40,A+P+,C3,gamma,-0.0367387,0.10704777
sub-40,A+P+,C3,theta,0.08971213,0.1118665
sub-40,A+P+,C4,alpha,-0.05387927,0.13172862
sub-40,A+P+,C4,beta,-0.039322253,0.10117061
sub-40,A+P+,C4,delta,0.007846209,0.13055207
sub-40,A+P+,C4,gamma,-0.0013780964,0.13243245
sub-40,A+P+,C4,theta,0.07008436,0.118286684
sub-40,A+P+,Cz,alpha,0.06713469,0.17905127
sub-40,A+P+,Cz,beta,0.086437814,0.1684773
sub-40,A+P+,Cz,delta,0.014637799,0.11760885
sub-40,A+P+,Cz,gamma,0.06889852,0.15533784
sub-40,A+P+,Cz,theta,-0.052814893,0.11631859
sub-40,A+P+,F3,alpha,-0.06431405,0.1497394
sub-40,A+P+,F3,beta,0.016375102,0.07246815
sub-40,A+P+,F3,delta,-0.10362089,0.17749664
sub-40,A+P+,F3,gamma,-0.005806967,0.078920856
sub-40,A+P+,F3,theta,0.043624993,0.09058357
sub-40,A+P+,F4,alpha,-0.075356305,0.17561607
sub-40,A+P+,F4,beta,-0.030916782,0.092233196
sub-40,A+P+,F4,delta,-0.052124146,0.13863958
sub-40,A+P+,F4,gamma,-0.0026190635,0.07156186
sub-40,A+P+,F4,theta,0.03954798,0.11029006
sub-40,A+P+,F7,alpha,-0.14502065,0.21535175
sub-40,A+P+,F7,beta,-0.1534149,0.16802147
sub-40,A+P+,F7,delta,-0.028356005,0.19963384
sub-40,A+P+,F7,gamma,-0.08402537,0.10887184
sub-40,A+P+,F7,theta,-0.23807868,0.2900031
sub-40,A+P+,F8,alpha,-0.0017165077,0.10791615
sub-40,A+P+,F8,beta,-0.09549779,0.12470526
sub-40,A+P+,F8,delta,-0.099201836,0.17323942
sub-40,A+P+,F8,gamma,-0.006005078,0.06852518
sub-40,A+P+,F8,theta,-0.036287926,0.10945293
sub-40,A+P+,Fp1,alpha,-0.10182906,0.17469434
sub-40,A+P+,Fp1,beta,0.0025909129,0.10915155
sub-40,A+P+,Fp1,delta,0.11024884,0.17030014
sub-40,A+P+,Fp1,gamma,-0.086104885,0.11804187
sub-40,A+P+,Fp1,theta,0.0154318595,0.0789132
sub-40,A+P+,Fp2,alpha,-0.15675233,0.20196752
sub-40,A+P+,Fp2,beta,0.039959233,0.17092477
sub-40,A+P+,Fp2,delta,0.13017583,0.16612333
sub-40,A+P+,Fp2,gamma,-0.08620361,0.14663492
sub-40,A+P+,Fp2,theta,-0.04982987,0.09363962
sub-40,A+P+,Fz,alpha,-0.1161449,0.1850071
sub-40,A+P+,Fz,beta,-0.05750617,0.123601794
sub-40,A+P+,Fz,delta,-0.04706645,0.12528858
sub-40,A+P+,Fz,gamma,-0.02989734,0.11613326
sub-40,A+P+,Fz,theta,0.044365432,0.09410371
sub-40,A+P+,O1,alpha,-0.21792132,0.27518564
sub-40,A+P+,O1,beta,-0.0379641,0.11315158
sub-40,A+P+,O1,delta,0.081681944,0.13044463
sub-40,A+P+,O1,gamma,-0.13391456,0.16766879
sub-40,A+P+,O1,theta,0.0065446855,0.104945116
sub-40,A+P+,O2,alpha,-0.23548217,0.267007
sub-40,A+P+,O2,beta,-0.049130443,0.1655225
sub-40,A+P+,O2,delta,0.3174905,0.33106753
sub-40,A+P+,O2,gamma,-0.041784286,0.16470872
sub-40,A+P+,O2,theta,0.10287976,0.136222
sub-40,A+P+,P3,alpha,-0.11805799,0.18583591
sub-40,A+P+,P3,beta,-0.03704309,0.09566161
sub-40,A+P+,P3,delta,0.016018525,0.10527515
sub-40,A+P+,P3,gamma,0.0852257,0.12822114
sub-40,A+P+,P3,theta,-0.048810415,0.15536857
sub-40,A+P+,P4,alpha,-0.03802464,0.132792
sub-40,A+P+,P4,beta,-0.20248272,0.23480444
sub-40,A+P+,P4,delta,0.0040877736,0.12320976
sub-40,A+P+,P4,gamma,0.048279364,0.108408734
sub-40,A+P+,P4,theta,-0.052164778,0.14076447
sub-40,A+P+,Pz,alpha,-0.047216922,0.14983466
sub-40,A+P+,Pz,beta,-0.03241624,0.10577928
sub-40,A+P+,Pz,delta,-0.11023991,0.15994628
sub-40,A+P+,Pz,gamma,0.026127908,0.10102255
sub-40,A+P+,Pz,theta,-0.1373855,0.17698126
sub-41,A+P+,C3,alpha,-0.023578547,0.118827045
sub-41,A+P+,C3,beta,0.058598414,0.09417166
sub-41,A+P+,C3,delta,0.19644241,0.21488065
sub-41,A+P+,C3,gamma,-0.030141618,0.09022103
sub-41,A+P+,C3,theta,0.1414875,0.16388436
sub-41,A+P+,C4,alpha,-0.043300144,0.1265266
sub-41,A+P+,C4,beta,-0.043404005,0.106197745
sub-41,A+P+,C4,delta,0.014518287,0.12085339
sub-41,A+P+,C4,gamma,0.0032203868,0.12699732
sub-41,A+P+,C4,theta,0.13760498,0.18489195
sub-41,A+P+,Cz,alpha,0.0656246,0.16151442
sub-41,A+P+,Cz,beta,0.07960048,0.14423026
sub-41,A+P+,Cz,delta,0.0019126507,0.14842008
sub-41,A+P+,Cz,gamma,0.0596825,0.13192976
sub-41,A+P+,Cz,theta,-0.05059671,0.114932045
sub-41,A+P+,F3,alpha,-0.07027525,0.14807284
sub-41,A+P+,F3,beta,0.016504731,0.07104447
sub-41,A+P+,F3,delta,-0.04502569,0.13800094
sub-41,A+P+,F3,gamma,-0.0041722986,0.07131769
sub-41,A+P+,F3,theta,0.097582124,0.14852999
sub-41,A+P+,F4,alpha,-0.059023533,0.15723069
sub-41,A+P+,F4,beta,-0.02902141,0.08032567
sub-41,A+P+,F4,delta,-0.04458953,0.13031499
sub-41,A+P+,F4,gamma,0.00962064,0.080307774
sub-41,A+P+,F4,theta,0.09702379,0.1683208
sub-41,A+P+,F7,alpha,-0.15334725,0.2583909
sub-41,A+P+,F7,beta,-0.12495669,0.13710761
sub-41,A+P+,F7,delta,0.03838551,0.15345128
sub-41,A+P+,F7,gamma,-0.08468758,0.10356978
sub-41,A+P+,F7,theta,-0.15556282,0.34140483
sub-41,A+P+,F8,alpha,0.004195254,0.12890498
sub-41,A+P+,F8,beta,-0.15101272,0.18116476
sub-41,A+P+,F8,delta,-0.057682633,0.120781645
sub-41,A+P+,F8,gamma,0.02230284,0.110467605
sub-41,A+P+,F8,theta,0.025942156,0.17424741
sub-41,A+P+,Fp1,alpha,-0.11860179,0.19781747
sub-41,A+P+,Fp1,beta,0.0059768935,0.12435112
sub-41,A+P+,Fp1,delta,0.11053409,0.14619876
sub-41,A+P+,Fp1,gamma,-0.077617064,0.11517853
sub-41,A+P+,Fp1,theta,0.049397223,0.11233843
sub-41,A+P+,Fp2,alpha,-0.17448194,0.22445904
sub-41,A+P+,Fp2,beta,0.051193893,0.1542115
sub-41,A+P+,Fp2,delta,0.13470119,0.16195382
sub-41,A+P+,Fp2,gamma,-0.05249198,0.1076962
sub-41,A+P+,Fp2,theta,-0.06271672,0.124683715
sub-41,A+P+,Fz,alpha,-0.07462744,0.14448394
sub-41,A+P+,Fz,beta,-0.06023864,0.11067915
sub-41,A+P+,Fz,delta,-0.0365536,0.13676472
sub-41,A+P+,Fz,gamma,-0.023404604,0.11954165
sub-41,A+P+,Fz,theta,0.1230065,0.17102148
sub-41,A+P+,O1,alpha,-0.18708934,0.22974804
sub-41,A+P+,O1,beta,-0.028555166,0.13106261
sub-41,A+P+,O1,delta,0.09774278,0.14932816
sub-41,A+P+,O1,gamma,-0.30885562,0.35710227
sub-41,A+P+,O1,theta,0.016221808,0.121106274
sub-41,A+P+,O2,alpha,-0.20610315,0.23048656
sub-41,A+P+,O2,beta,-0.056038324,0.15206642
sub-41,A+P+,O2,delta,0.34436283,0.35750467
sub-41,A+P+,O2,gamma,-0.050977644,0.16757877
sub-41,A+P+,O2,theta,0.14173514,0.19049425
sub-41,A+P+,P3,alpha,-0.12154302,0.17828129
sub-41,A+P+,P3,beta,-0.03327237,0.076663725
sub-41,A+P+,P3,delta,0.032043222,0.09607878
sub-41,A+P+,P3,gamma,0.08478714,0.13490699
sub-41,A+P+,P3,theta,0.012340124,0.21034062
sub-41,A+P+,P4,alpha,-0.038083144,0.122769125
sub-41,A+P+,P4,beta,-0.16260111,0.19396488
sub-41,A+P+,P4,delta,0.018737674,0.11589139
sub-41,A+P+,P4,gamma,0.057848595,0.11011903
sub-41,A+P+,P4,theta,-0.014442728,0.19803476
sub-41,A+P+,Pz,alpha,-0.056519,0.16044952
sub-41,A+P+,Pz,beta,-0.022309382,0.07605868
sub-41,A+P+,Pz,delta,-0.07004578,0.12031493
sub-41,A+P+,Pz,gamma,0.029998265,0.08603043
sub-41,A+P+,Pz,theta,-0.12801705,0.17679754
sub-42,A+P+,C3,alpha,-0.0030128912,0.09736466
sub-42,A+P+,C3,beta,0.06585656,0.12340241
sub-42,A+P+,C3,delta,0.17071235,0.19881773
sub-42,A+P+,C3,gamma,-0.049628902,0.09811164
sub-42,A+P+,C3,theta,0.12712006,0.14830816
sub-42,A+P+,C4,alpha,-0.033685416,0.0990449
sub-42,A+P+,C4,beta,-0.041557584,0.114238545
sub-42,A+P+,C4,delta,-0.0059820856,0.11460673
sub-42,A+P+,C4,gamma,0.00339447,0.1527972
sub-42,A+P+,C4,theta,0.13357869,0.17911048
sub-42,A+P+,Cz,alpha,0.072528854,0.14919592
sub-42,A+P+,Cz,beta,0.110213585,0.19246517
sub-42,A+P+,Cz,delta,0.029405251,0.11953117
sub-42,A+P+,Cz,gamma,0.04332439,0.14257386
sub-42,A+P+,Cz,theta,-0.051472202,0.1348505
sub-42,A+P+,F3,alpha,-0.051237244,0.106231205
sub-42,A+P+,F3,beta,0.043424338,0.10467104
sub-42,A+P+,F3,delta,-0.054130543,0.14387348
sub-42,A+P+,F3,gamma,-0.007934653,0.07738338
sub-42,A+P+,F3,theta,0.11190229,0.1652442
sub-42,A+P+,F4,alpha,0.017013649,0.090016805
sub-42,A+P+,F4,beta,-0.0070391316,0.109451406
sub-42,A+P+,F4,delta,-0.056834012,0.1340677
sub-42,A+P+,F4,gamma,-0.00088597153,0.07676471
sub-42,A+P+,F4,theta,0.112242,0.18166217
sub-42,A+P+,F7,alpha,-0.14228089,0.20798214
sub-42,A+P+,F7,beta,-0.20877005,0.22139521
sub-42,A+P+,F7,delta,0.020751365,0.14361547
sub-42,A+P+,F7,gamma,-0.045486353,0.06192284
sub-42,A+P+,F7,theta,-0.09016284,0.37447202
sub-42,A+P+,F8,alpha,0.018333193,0.103948645
sub-42,A+P+,F8,beta,-0.16007172,0.18664993
sub-42,A+P+,F8,delta,-0.06077863,0.12836525
sub-42,A+P+,F8,gamma,-0.00522865,0.062058408
sub-42,A+P+,F8,theta,0.05182683,0.18047333
sub-42,A+P+,Fp1,alpha,-0.10955398,0.16342047
sub-42,A+P+,Fp1,beta,-0.028029902,0.15333793
sub-42,A+P+,Fp1,delta,0.1202979,0.15270443
sub-42,A+P+,Fp1,gamma,-0.07086271,0.11282996
sub-42,A+P+,Fp1,theta,0.055249333,0.12610655
sub-42,A+P+,Fp2,alpha,-0.12005064,0.15795386
sub-42,A+P+,Fp2,beta,0.048348457,0.18075372
sub-42,A+P+,Fp2,delta,0.1250224,0.15754114
sub-42,A+P+,Fp2,gamma,-0.045806967,0.11315074
sub-42,A+P+,Fp2,theta,-0.08054854,0.14265351
sub-42,A+P+,Fz,alpha,-0.02375214,0.09073556
sub-42,A+P+,Fz,beta,-0.03558439,0.15939796
sub-42,A+P+,Fz,delta,-0.051173657,0.1392504
sub-42,A+P+,Fz,gamma,-0.077950746,0.15321633
sub-42,A+P+,Fz,theta,0.17196602,0.21619743
sub-42,A+P+,O1,alpha,-0.15557435,0.18605568
sub-42,A+P+,O1,beta,-0.016553963,0.13589923
sub-42,A+P+,O1,delta,0.12046846,0.16843425
sub-42,A+P+,O1,gamma,-0.23573,0.26190817
sub-42,A+P+,O1,theta,0.033326734,0.12726863
sub-42,A+P+,O2,alpha,-0.13481262,0.15782538
sub-42,A+P+,O2,beta,-0.02998628,0.17264406
sub-42,A+P+,O2,delta,0.3845124,0.39661127
sub-42,A+P+,O2,gamma,-0.03157451,0.12310615
sub-42,A+P+,O2,theta,0.16708598,0.21052858
sub-42,A+P+,P3,alpha,-0.07563943,0.11669811
sub-42,A+P+,P3,beta,-0.065051466,0.12968008
sub-42,A+P+,P3,delta,0.033438064,0.10764781
sub-42,A+P+,P3,gamma,0.06267463,0.1293643
sub-42,A+P+,P3,theta,0.061978363,0.22058913
sub-42,A+P+,P4,alpha,-0.024594747,0.08626813
sub-42,A+P+,P4,beta,-0.27595302,0.3110411
sub-42,A+P+,P4,delta,0.009117956,0.12893918
sub-42,A+P+,P4,gamma,0.05499499,0.11140898
sub-42,A+P+,P4,theta,0.055699013,0.23142241
sub-42,A+P+,Pz,alpha,-0.01618306,0.08934062
sub-42,A+P+,Pz,beta,-0.034406986,0.121041514
sub-42,A+P+,Pz,delta,-0.07576414,0.14965414
sub-42,A+P+,Pz,gamma,0.003999918,0.12339781
sub-42,A+P+,Pz,theta,-0.08821711,0.18408321
sub-43,A+P+,C3,alpha,0.004437891,0.10140082
sub-43,A+P+,C3,beta,0.068367645,0.13585211
sub-43,A+P+,C3,delta,0.17925546,0.1959105
sub-43,A+P+,C3,gamma,-0.048371997,0.1398466
sub-43,A+P+,C3,theta,0.075100206,0.09007127
sub-43,A+P+,C4,alpha,-0.046712153,0.11856466
sub-43,A+P+,C4,beta,-0.041219644,0.117452435
sub-43,A+P+,C4,delta,4.5244695e-05,0.11722994
sub-43,A+P+,C4,gamma,0.040869683,0.20620418
sub-43,A+P+,C4,theta,0.06250355,0.113158226
sub-43,A+P+,Cz,alpha,0.063138284,0.16861178
sub-43,A+P+,Cz,beta,0.08061583,0.20320486
sub-43,A+P+,Cz,delta,0.03252095,0.10733961
sub-43,A+P+,Cz,gamma,0.059143096,0.15581237
sub-43,A+P+,Cz,theta,-0.041595668,0.09219184
sub-43,A+P+,F3,alpha,-0.07437302,0.13022742
sub-43,A+P+,F3,beta,0.046375614,0.1170175
sub-43,A+P+,F3,delta,-0.027389793,0.10614172
sub-43,A+P+,F3,gamma,-0.015050173,0.14259712
sub-43,A+P+,F3,theta,0.032907985,0.08372802
sub-43,A+P+,F4,alpha,0.007834088,0.09693958
sub-43,A+P+,F4,beta,-0.0070961947,0.123201296
sub-43,A+P+,F4,delta,-0.056662545,0.13724898
sub-43,A+P+,F4,gamma,0.10616909,0.19696036
sub-43,A+P+,F4,theta,0.0401827,0.106592976
sub-43,A+P+,F7,alpha,-0.14449131,0.18892577
sub-43,A+P+,F7,beta,-0.2662067,0.2914798
sub-43,A+P+,F7,delta,-0.0051825317,0.14887764
sub-43,A+P+,F7,gamma,-0.15192762,0.25936416
sub-43,A+P+,F7,theta,-0.23381475,0.26135167
sub-43,A+P+,F8,alpha,0.017144807,0.10776529
sub-43,A+P+,F8,beta,-0.25212786,0.30088982
sub-43,A+P+,F8,delta,-0.08527245,0.13309614
sub-43,A+P+,F8,gamma,0.100755215,0.20477073
sub-43,A+P+,F8,theta,-0.057849295,0.11716644
sub-43,A+P+,Fp1,alpha,-0.09525921,0.15384994
sub-43,A+P+,Fp1,beta,-0.05552956,0.17378971
sub-43,A+P+,Fp1,delta,0.12569545,0.1591478
sub-43,A+P+,Fp1,gamma,-0.112569265,0.17347707
sub-43,A+P+,Fp1,theta,0.013873024,0.06924993
sub-43,A+P+,Fp2,alpha,-0.07451653,0.1110169
sub-43,A+P+,Fp2,beta,0.030582344,0.19183818
sub-43,A+P+,Fp2,delta,0.122548245,0.15741941
sub-43,A+P+,Fp2,gamma,-0.096460715,0.19712225
sub-43,A+P+,Fp2,theta,-0.031504795,0.054347053
sub-43,A+P+,Fz,alpha,-0.0895907,0.16777863
sub-43,A+P+,Fz,beta,-0.0058825277,0.17222683
sub-43,A+P+,Fz,delta,-0.028431397,0.09657015
sub-43,A+P+,Fz,gamma,-0.07085113,0.154729
sub-43,A+P+,Fz,theta,0.04536332,0.09675552
sub-43,A+P+,O1,alpha,-0.1956478,0.24043944
sub-43,A+P+,O1,beta,-0.02975319,0.11851751
sub-43,A+P+,O1,delta,0.09822741,0.1384909
sub-43,A+P+,O1,gamma,-0.20276166,0.22964127
sub-43,A+P+,O1,theta,0.027491717,0.10709672
sub-43,A+P+,O2,alpha,-0.22202209,0.25536633
sub-43,A+P+,O2,beta,-0.055509165,0.1404542
sub-43,A+P+,O2,delta,0.3281578,0.3403353
sub-43,A+P+,O2,gamma,-0.019028852,0.12054216
sub-43,A+P+,O2,theta,0.15279613,0.18134832
sub-43,A+P+,P3,alpha,-0.08584047,0.15130937
sub-43,A+P+,P3,beta,-0.040188227,0.11535886
sub-43,A+P+,P3,delta,0.009887977,0.108724035
sub-43,A+P+,P3,gamma,0.07819016,0.13847148
sub-43,A+P+,P3,theta,-0.042742085,0.16332047
sub-43,A+P+,P4,alpha,-0.014745709,0.113698035
sub-43,A+P+,P4,beta,-0.22343686,0.25957808
sub-43,A+P+,P4,delta,-0.0038909873,0.12972458
sub-43,A+P+,P4,gamma,0.05990421,0.11169715
sub-43,A+P+,P4,theta,-0.059804335,0.1297189
sub-43,A+P+,Pz,alpha,-0.04490848,0.13785693
sub-43,A+P+,Pz,beta,-0.020765312,0.105841815
sub-43,A+P+,Pz,delta,-0.1158029,0.16283812
sub-43,A+P+,Pz,gamma,0.0047038714,0.10709649
sub-43,A+P+,Pz,theta,-0.13667004,0.16646348
sub-44,A+P+,C3,alpha,-0.0065671094,0.072547205
sub-44,A+P+,C3,beta,0.06279405,0.12423134
sub-44,A+P+,C3,delta,0.1749015,0.21110278
sub-44,A+P+,C3,gamma,-0.061106037,0.109203905
sub-44,A+P+,C3,theta,0.10736911,0.125686
sub-44,A+P+,C4,alpha,-0.03737591,0.08235976
sub-44,A+P+,C4,beta,-0.036382254,0.10415443
sub-44,A+P+,C4,delta,-0.020046322,0.12884682
sub-44,A+P+,C4,gamma,0.021658836,0.17609742
sub-44,A+P+,C4,theta,0.061910737,0.113256246
sub-44,A+P+,Cz,alpha,0.0638897,0.15299895
sub-44,A+P+,Cz,beta,0.08686796,0.24397367
sub-44,A+P+,Cz,delta,0.031112527,0.11112367
sub-44,A+P+,Cz,gamma,0.038622923,0.16453248
sub-44,A+P+,Cz,theta,-0.045520283,0.100717045
sub-44,A+P+,F3,alpha,-0.04351896,0.08947604
sub-44,A+P+,F3,beta,0.03203503,0.08856172
sub-44,A+P+,F3,delta,-0.11064865,0.19114898
sub-44,A+P+,F3,gamma,-0.011446268,0.08282416
sub-44,A+P+,F3,theta,0.041998945,0.091496825
sub-44,A+P+,F4,alpha,0.016818982,0.09110724
sub-44,A+P+,F4,beta,-0.0008195278,0.1360017
sub-44,A+P+,F4,delta,-0.06081801,0.13128257
sub-44,A+P+,F4,gamma,0.028067444,0.13028832
sub-44,A+P+,F4,theta,0.062447667,0.12254451
sub-44,A+P+,F7,alpha,-0.12134269,0.1725478
sub-44,A+P+,F7,beta,-0.24365667,0.26105982
sub-44,A+P+,F7,delta,-0.026563149,0.16551538
sub-44,A+P+,F7,gamma,-0.11331445,0.15030704
sub-44,A+P+,F7,theta,-0.21286567,0.2862773
sub-44,A+P+,F8,alpha,-0.0021116668,0.077579804
sub-44,A+P+,F8,beta,-0.20136297,0.23795621
sub-44,A+P+,F8,delta,-0.09209094,0.15657125
sub-44,A+P+,F8,gamma,0.012887802,0.106389225
sub-44,A+P+,F8,theta,-0.024741096,0.10496668
sub-44,A+P+,Fp1,alpha,-0.06614184,0.11004454
sub-44,A+P+,Fp1,beta,-0.033535425,0.13691422
sub-44,A+P+,Fp1,delta,0.12721281,0.1701312
sub-44,A+P+,Fp1,gamma,-0.08957085,0.13799562
sub-44,A+P+,Fp1,theta,0.020496674,0.07752976
sub-44,A+P+,Fp2,alpha,-0.08073583,0.11519031
sub-44,A+P+,Fp2,beta,0.033201855,0.1477758
sub-44,A+P+,Fp2,delta,0.11604997,0.16434245
sub-44,A+P+,Fp2,gamma,-0.06083736,0.12580056
sub-44,A+P+,Fp2,theta,-0.066664524,0.097723216
sub-44,A+P+,Fz,alpha,-0.027178412,0.101670004
sub-44,A+P+,Fz,beta,-0.02572756,0.19257455
sub-44,A+P+,Fz,delta,-0.076881506,0.1526069
sub-44,A+P+,Fz,gamma,-0.109863535,0.17730594
sub-44,A+P+,Fz,theta,0.076767966,0.1221827
sub-44,A+P+,O1,alpha,-0.12798104,0.15365748
sub-44,A+P+,O1,beta,-0.004191789,0.15789124
sub-44,A+P+,O1,delta,0.10833442,0.15555075
sub-44,A+P+,O1,gamma,-0.2718467,0.3353221
sub-44,A+P+,O1,theta,0.03263704,0.086195566
sub-44,A+P+,O2,alpha,-0.120549105,0.13770962
sub-44,A+P+,O2,beta,-0.026733667,0.1868693
sub-44,A+P+,O2,delta,0.40248725,0.41800323
sub-44,A+P+,O2,gamma,-0.047482986,0.14716409
sub-44,A+P+,O2,theta,0.14836632,0.16734262
sub-44,A+P+,P3,alpha,-0.067152716,0.114637226
sub-44,A+P+,P3,beta,-0.064043164,0.13750224
sub-44,A+P+,P3,delta,0.009790707,0.111275315
sub-44,A+P+,P3,gamma,0.113793455,0.19717926
sub-44,A+P+,P3,theta,-0.033516515,0.13578494
sub-44,A+P+,P4,alpha,-0.022969607,0.07879167
sub-44,A+P+,P4,beta,-0.27997658,0.31584704
sub-44,A+P+,P4,delta,-0.009664231,0.13400644
sub-44,A+P+,P4,gamma,0.13331643,0.1994531
sub-44,A+P+,P4,theta,-0.04085983,0.119884446
sub-44,A+P+,Pz,alpha,-0.021384928,0.092510775
sub-44,A+P+,Pz,beta,-0.008183794,0.13996711
sub-44,A+P+,Pz,delta,-0.09881633,0.16840875
sub-44,A+P+,Pz,gamma,0.025795965,0.1734422
sub-44,A+P+,Pz,theta,-0.11579342,0.15116787
sub-45,A+P+,C3,alpha,-0.0055050543,0.10933549
sub-45,A+P+,C3,beta,0.07082724,0.111347355
sub-45,A+P+,C3,delta,0.18894193,0.20479621
sub-45,A+P+,C3,gamma,-0.06622541,0.11394331
sub-45,A+P+,C3,theta,0.11426712,0.12935936
sub-45,A+P+,C4,alpha,-0.04693186,0.107868806
sub-45,A+P+,C4,beta,-0.04086978,0.10973265
sub-45,A+P+,C4,delta,-0.009102424,0.11815438
sub-45,A+P+,C4,gamma,0.043621115,0.21157321
sub-45,A+P+,C4,theta,0.08108369,0.13097458
sub-45,A+P+,Cz,alpha,0.084792405,0.17563578
sub-45,A+P+,Cz,beta,0.08744181,0.18566449
sub-45,A+P+,Cz,delta,0.0422026,0.0983228
sub-45,A+P+,Cz,gamma,0.055048905,0.14885925
sub-45,A+P+,Cz,theta,-0.048604283,0.10013565
sub-45,A+P+,F3,alpha,-0.070434794,0.13047367
sub-45,A+P+,F3,beta,0.033094887,0.092435084
sub-45,A+P+,F3,delta,-0.04624851,0.13363346
sub-45,A+P+,F3,gamma,-0.010948542,0.08874279
sub-45,A+P+,F3,theta,0.08759123,0.14347474
sub-45,A+P+,F4,alpha,0.003915389,0.094057135
sub-45,A+P+,F4,beta,-0.009226968,0.11168821
sub-45,A+P+,F4,delta,-0.061607856,0.13723156
sub-45,A+P+,F4,gamma,0.04360422,0.12621973
sub-45,A+P+,F4,theta,0.081752166,0.14833815
sub-45,A+P+,F7,alpha,-0.12926608,0.20982282
sub-45,A+P+,F7,beta,-0.23033157,0.24503532
sub-45,A+P+,F7,delta,0.016828684,0.14990214
sub-45,A+P+,F7,gamma,-0.14562275,0.18636069
sub-45,A+P+,F7,theta,-0.2048054,0.2964665
sub-45,A+P+,F8,alpha,0.017884916,0.10982293
sub-45,A+P+,F8,beta,-0.21646382,0.24546392
sub-45,A+P+,F8,delta,-0.069099024,0.12318108
sub-45,A+P+,F8,gamma,0.062599905,0.16513789
sub-45,A+P+,F8,theta,-0.034955416,0.10648962
sub-45,A+P+,Fp1,alpha,-0.11941046,0.18127163
sub-45,A+P+,Fp1,beta,-0.06830316,0.18073668
sub-45,A+P+,Fp1,delta,0.10838326,0.12909798
sub-45,A+P+,Fp1,gamma,-0.09069181,0.16083424
sub-45,A+P+,Fp1,theta,0.03551132,0.092937276
sub-45,A+P+,Fp2,alpha,-0.153357,0.19625208
sub-45,A+P+,Fp2,beta,0.011595644,0.19932178
sub-45,A+P+,Fp2,delta,0.11796317,0.14298156
sub-45,A+P+,Fp2,gamma,-0.08188586,0.1596937
sub-45,A+P+,Fp2,theta,-0.064507015,0.105476715
sub-45,A+P+,Fz,alpha,-0.030605957,0.10929783
sub-45,A+P+,Fz,beta,-0.031369682,0.15699896
sub-45,A+P+,Fz,delta,-0.037473626,0.11566462
sub-45,A+P+,Fz,gamma,-0.05917022,0.14686832
sub-45,A+P+,Fz,theta,0.15335,0.19838688
sub-45,A+P+,O1,alpha,-0.13335875,0.1616437
sub-45,A+P+,O1,beta,0.007967503,0.17105797
sub-45,A+P+,O1,delta,0.10364414,0.1486196
sub-45,A+P+,O1,gamma,-0.3054513,0.35890532
sub-45,A+P+,O1,theta,0.031841718,0.10974932
sub-45,A+P+,O2,alpha,-0.123206854,0.14348277
sub-45,A+P+,O2,beta,-0.0079526715,0.20161358
sub-45,A+P+,O2,delta,0.36892062,0.37996113
sub-45,A+P+,O2,gamma,-0.081438646,0.20379536
sub-45,A+P+,O2,theta,0.17074643,0.19814456
sub-45,A+P+,P3,alpha,-0.08818972,0.14737006
sub-45,A+P+,P3,beta,-0.063803114,0.12910847
sub-45,A+P+,P3,delta,0.016137144,0.10066832
sub-45,A+P+,P3,gamma,0.06693474,0.15104635
sub-45,A+P+,P3,theta,-0.024551407,0.15317565
sub-45,A+P+,P4,alpha,-0.020501832,0.101920605
sub-45,A+P+,P4,beta,-0.29421556,0.33186054
sub-45,A+P+,P4,delta,0.013021678,0.11395223
sub-45,A+P+,P4,gamma,0.09174633,0.15341558
sub-45,A+P+,P4,theta,-0.0411268,0.12714927
sub-45,A+P+,Pz,alpha,-0.05446894,0.14265193
sub-45,A+P+,Pz,beta,-0.03338073,0.10467559
sub-45,A+P+,Pz,delta,-0.078491986,0.12943283
sub-45,A+P+,Pz,gamma,0.0062669786,0.12525009
sub-45,A+P+,Pz,theta,-0.118099324,0.14431842
sub-47,A+P-,C3,alpha,-0.006768806,0.09062475
sub-47,A+P-,C3,beta,0.06847252,0.12233354
sub-47,A+P-,C3,delta,0.17392793,0.21428894
sub-47,A+P-,C3,gamma,-0.05751567,0.09932135
sub-47,A+P-,C3,theta,0.10752792,0.13117884
sub-47,A+P-,C4,alpha,-0.043582335,0.09721947
sub-47,A+P-,C4,beta,-0.0502682,0.122517385
sub-47,A+P-,C4,delta,-0.02026849,0.1229428
sub-47,A+P-,C4,gamma,0.04423485,0.2033913
sub-47,A+P-,C4,theta,0.09650734,0.1462489
sub-47,A+P-,Cz,alpha,0.053593732,0.14350891
sub-47,A+P-,Cz,beta,0.11637181,0.20081589
sub-47,A+P-,Cz,delta,0.0033326882,0.13785177
sub-47,A+P-,Cz,gamma,0.033835344,0.15801896
sub-47,A+P-,Cz,theta,-0.056804333,0.123306006
sub-47,A+P-,F3,alpha,-0.051446598,0.102737285
sub-47,A+P-,F3,beta,0.036451265,0.09435219
sub-47,A+P-,F3,delta,-0.12467809,0.2045855
sub-47,A+P-,F3,gamma,-0.014028919,0.073038645
sub-47,A+P-,F3,theta,0.059606872,0.118232794
sub-47,A+P-,F4,alpha,0.01907012,0.08483528
sub-47,A+P-,F4,beta,-0.019788409,0.105840094
sub-47,A+P-,F4,delta,-0.06946613,0.16000001
sub-47,A+P-,F4,gamma,-0.011371967,0.07936771
sub-47,A+P-,F4,theta,0.05982024,0.12477427
sub-47,A+P-,F7,alpha,-0.13404332,0.18034387
sub-47,A+P-,F7,beta,-0.1545716,0.16580316
sub-47,A+P-,F7,delta,-0.029398195,0.18414378
sub-47,A+P-,F7,gamma,-0.080622636,0.10116255
sub-47,A+P-,F7,theta,-0.18220508,0.31878775
sub-47,A+P-,F8,alpha,-0.009555694,0.07055611
sub-47,A+P-,F8,beta,-0.10507135,0.12910919
sub-47,A+P-,F8,delta,-0.09295918,0.17055574
sub-47,A+P-,F8,gamma,-0.006819283,0.06526899
sub-47,A+P-,F8,theta,-0.004405674,0.1180392
sub-47,A+P-,Fp1,alpha,-0.1025017,0.15052897
sub-47,A+P-,Fp1,beta,-0.032959785,0.15451387
sub-47,A+P-,Fp1,delta,0.11816788,0.16235346
sub-47,A+P-,Fp1,gamma,-0.08156367,0.13818565
sub-47,A+P-,Fp1,theta,0.032606866,0.101086736
sub-47,A+P-,Fp2,alpha,-0.10466452,0.13461375
sub-47,A+P-,Fp2,beta,0.05260828,0.15333812
sub-47,A+P-,Fp2,delta,0.12086981,0.1713873
sub-47,A+P-,Fp2,gamma,-0.04666662,0.117175974
sub-47,A+P-,Fp2,theta,-0.07607554,0.10947534
sub-47,A+P-,Fz,alpha,-0.029484548,0.09543634
sub-47,A+P-,Fz,beta,-0.056741014,0.15653154
sub-47,A+P-,Fz,delta,-0.100495815,0.18937634
sub-47,A+P-,Fz,gamma,-0.07095142,0.13318598
sub-47,A+P-,Fz,theta,0.080388784,0.12529765
sub-47,A+P-,O1,alpha,-0.17821354,0.20558162
sub-47,A+P-,O1,beta,-0.013869154,0.15563042
sub-47,A+P-,O1,delta,0.11315018,0.16022712
sub-47,A+P-,O1,gamma,-0.2823902,0.31983063
sub-47,A+P-,O1,theta,0.033621933,0.112953946
sub-47,A+P-,O2,alpha,-0.15105882,0.1694188
sub-47,A+P-,O2,beta,-0.02636454,0.19884542
sub-47,A+P-,O2,delta,0.3786406,0.3930399
sub-47,A+P-,O2,gamma,-0.065062486,0.17077945
sub-47,A+P-,O2,theta,0.16766623,0.19597968
sub-47,A+P-,P3,alpha,-0.08419121,0.12550724
sub-47,A+P-,P3,beta,-0.07758563,0.14075238
sub-47,A+P-,P3,delta,0.018605182,0.11662228
sub-47,A+P-,P3,gamma,0.055805318,0.13789894
sub-47,A+P-,P3,theta,0.00018482597,0.18162817
sub-47,A+P-,P4,alpha,-0.0297397,0.083818875
sub-47,A+P-,P4,beta,-0.29739022,0.32757488
sub-47,A+P-,P4,delta,-0.021086598,0.1419896
sub-47,A+P-,P4,gamma,0.08384804,0.15529943
sub-47,A+P-,P4,theta,-0.018633686,0.16862465
sub-47,A+P-,Pz,alpha,-0.020032872,0.093337566
sub-47,A+P-,Pz,beta,-0.03308969,0.13291003
sub-47,A+P-,Pz,delta,-0.10554813,0.17362699
sub-47,A+P-,Pz,gamma,-0.004418132,0.1411425
sub-47,A+P-,Pz,theta,-0.1191124,0.17427112
sub-48,A+P+,C3,alpha,-0.026138734,0.13420184
sub-48,A+P+,C3,beta,0.08184088,0.12435542
sub-48,A+P+,C3,delta,0.1556167,0.1695696
sub-48,A+P+,C3,gamma,-0.023551736,0.111751914
sub-48,A+P+,C3,theta,0.053422138,0.068650685
sub-48,A+P+,C4,alpha,-0.044089258,0.11877897
sub-48,A+P+,C4,beta,-0.013280241,0.12257548
sub-48,A+P+,C4,delta,0.015589144,0.06821976
sub-48,A+P+,C4,gamma,0.11207598,0.30536643
sub-48,A+P+,C4,theta,0.009642357,0.035778265
sub-48,A+P+,Cz,alpha,0.06603615,0.17920615
sub-48,A+P+,Cz,beta,0.044635586,0.19019446
sub-48,A+P+,Cz,delta,0.02837335,0.090459056
sub-48,A+P+,Cz,gamma,0.0843571,0.17615516
sub-48,A+P+,Cz,theta,-0.028318955,0.072501615
sub-48,A+P+,F3,alpha,-0.04336148,0.15197796
sub-48,A+P+,F3,beta,0.03614489,0.10310573
sub-48,A+P+,F3,delta,-0.0314476,0.08254965
sub-48,A+P+,F3,gamma,0.0034464942,0.08986821
sub-48,A+P+,F3,theta,0.020198012,0.057437357
sub-48,A+P+,F4,alpha,-0.056548446,0.17841928
sub-48,A+P+,F4,beta,-0.010727682,0.11223576
sub-48,A+P+,F4,delta,-0.008345463,0.07743966
sub-48,A+P+,F4,gamma,0.05231417,0.122187816
sub-48,A+P+,F4,theta,0.004661867,0.05262326
sub-48,A+P+,F7,alpha,-0.12253294,0.21547937
sub-48,A+P+,F7,beta,-0.20509426,0.26326203
sub-48,A+P+,F7,delta,-0.027785525,0.11767802
sub-48,A+P+,F7,gamma,-0.12389827,0.21373609
sub-48,A+P+,F7,theta,-0.22330686,0.23531799
sub-48,A+P+,F8,alpha,0.003368171,0.12694138
sub-48,A+P+,F8,beta,-0.19399902,0.25529337
sub-48,A+P+,F8,delta,-0.07919516,0.113641
sub-48,A+P+,F8,gamma,0.1844152,0.26761585
sub-48,A+P+,F8,theta,-0.037596285,0.058157254
sub-48,A+P+,Fp1,alpha,-0.0730632,0.193259
sub-48,A+P+,Fp1,beta,-0.043171853,0.14564104
sub-48,A+P+,Fp1,delta,0.09242492,0.11588757
sub-48,A+P+,Fp1,gamma,-0.09888148,0.12778826
sub-48,A+P+,Fp1,theta,0.007576303,0.056220155
sub-48,A+P+,Fp2,alpha,-0.11621938,0.20810813
sub-48,A+P+,Fp2,beta,0.000787605,0.17848784
sub-48,A+P+,Fp2,delta,0.11001894,0.12786564
sub-48,A+P+,Fp2,gamma,-0.093617134,0.12378062
sub-48,A+P+,Fp2,theta,-0.026841257,0.06304387
sub-48,A+P+,Fz,alpha,-0.10444844,0.1835091
sub-48,A+P+,Fz,beta,-0.008445613,0.14327493
sub-48,A+P+,Fz,delta,-0.028921386,0.080902934
sub-48,A+P+,Fz,gamma,-0.03239855,0.13431953
sub-48,A+P+,Fz,theta,0.009167984,0.04173201
sub-48,A+P+,O1,alpha,-0.16429254,0.24943583
sub-48,A+P+,O1,beta,-0.014141015,0.1141973
sub-48,A+P+,O1,delta,0.05983372,0.09192255
sub-48,A+P+,O1,gamma,-0.15989596,0.20103036
sub-48,A+P+,O1,theta,0.010271635,0.054429688
sub-48,A+P+,O2,alpha,-0.23254673,0.28685617
sub-48,A+P+,O2,beta,-0.03937893,0.14164804
sub-48,A+P+,O2,delta,0.13878693,0.1486725
sub-48,A+P+,O2,gamma,-0.012421893,0.087351814
sub-48,A+P+,O2,theta,0.052602958,0.06673337
sub-48,A+P+,P3,alpha,-0.07578944,0.1836102
sub-48,A+P+,P3,beta,-0.004299362,0.08862038
sub-48,A+P+,P3,delta,0.022251148,0.057307
sub-48,A+P+,P3,gamma,0.08641619,0.115339406
sub-48,A+P+,P3,theta,-0.05029803,0.06047423
sub-48,A+P+,P4,alpha,-0.006521554,0.1290072
sub-48,A+P+,P4,beta,-0.24339668,0.2924104
sub-48,A+P+,P4,delta,0.026529592,0.072014265
sub-48,A+P+,P4,gamma,0.2004564,0.2585298
sub-48,A+P+,P4,theta,-0.035153925,0.05939716
sub-48,A+P+,Pz,alpha,-0.035741225,0.15190418
sub-48,A+P+,Pz,beta,-0.0064281155,0.124256946
sub-48,A+P+,Pz,delta,-0.07302631,0.10544016
sub-48,A+P+,Pz,gamma,0.01671763,0.09920493
sub-48,A+P+,Pz,theta,-0.10799249,0.11836458
sub-49,A+P+,C3,alpha,-0.023492707,0.11268306
sub-49,A+P+,C3,beta,0.063678585,0.10057214
sub-49,A+P+,C3,delta,0.14002395,0.16584843
sub-49,A+P+,C3,gamma,-0.022779394,0.11206873
sub-49,A+P+,C3,theta,0.124335915,0.14630632
sub-49,A+P+,C4,alpha,-0.043388747,0.11823592
sub-49,A+P+,C4,beta,-0.034094322,0.1044381
sub-49,A+P+,C4,delta,0.013824171,0.10054727
sub-49,A+P+,C4,gamma,0.04045107,0.1838651
sub-49,A+P+,C4,theta,0.10680743,0.14677328
sub-49,A+P+,Cz,alpha,0.06355636,0.16180901
sub-49,A+P+,Cz,beta,0.08041195,0.16667344
sub-49,A+P+,Cz,delta,0.020072905,0.1156365
sub-49,A+P+,Cz,gamma,0.051579658,0.12713829
sub-49,A+P+,Cz,theta,-0.04162415,0.117526606
sub-49,A+P+,F3,alpha,-0.056967426,0.13614993
sub-49,A+P+,F3,beta,0.012671562,0.06177185
sub-49,A+P+,F3,delta,-0.060724672,0.14408761
sub-49,A+P+,F3,gamma,-0.0055026924,0.07299617
sub-49,A+P+,F3,theta,0.08130485,0.13179885
sub-49,A+P+,F4,alpha,-0.03981518,0.14652246
sub-49,A+P+,F4,beta,-0.024415098,0.08378673
sub-49,A+P+,F4,delta,-0.033697475,0.121070355
sub-49,A+P+,F4,gamma,0.031899475,0.09419233
sub-49,A+P+,F4,theta,0.073132575,0.14010052
sub-49,A+P+,F7,alpha,-0.15132311,0.2351035
sub-49,A+P+,F7,beta,-0.14693679,0.16282885
sub-49,A+P+,F7,delta,0.016357869,0.1409395
sub-49,A+P+,F7,gamma,-0.08627334,0.118209325
sub-49,A+P+,F7,theta,-0.14046462,0.35705298
sub-49,A+P+,F8,alpha,-0.001452987,0.12462903
sub-49,A+P+,F8,beta,-0.15173952,0.18813355
sub-49,A+P+,F8,delta,-0.055758152,0.11072798
sub-49,A+P+,F8,gamma,0.054714665,0.12667307
sub-49,A+P+,F8,theta,0.025927344,0.16830875
sub-49,A+P+,Fp1,alpha,-0.10040678,0.18612646
sub-49,A+P+,Fp1,beta,0.0040490376,0.12294013
sub-49,A+P+,Fp1,delta,0.10201508,0.13906433
sub-49,A+P+,Fp1,gamma,-0.075047396,0.109291814
sub-49,A+P+,Fp1,theta,0.03968172,0.10820266
sub-49,A+P+,Fp2,alpha,-0.14801084,0.20999248
sub-49,A+P+,Fp2,beta,0.04722388,0.15064326
sub-49,A+P+,Fp2,delta,0.11483158,0.14452443
sub-49,A+P+,Fp2,gamma,-0.051514424,0.09288726
sub-49,A+P+,Fp2,theta,-0.0589833,0.118110985
sub-49,A+P+,Fz,alpha,-0.07574627,0.14519273
sub-49,A+P+,Fz,beta,-0.04927724,0.09598466
sub-49,A+P+,Fz,delta,-0.04595762,0.13592295
sub-49,A+P+,Fz,gamma,-0.023741934,0.09625823
sub-49,A+P+,Fz,theta,0.09174624,0.13524854
sub-49,A+P+,O1,alpha,-0.168534,0.21693541
sub-49,A+P+,O1,beta,-0.025880633,0.11170337
sub-49,A+P+,O1,delta,0.096599765,0.14198107
sub-49,A+P+,O1,gamma,-0.26573068,0.30776265
sub-49,A+P+,O1,theta,0.013753692,0.11479621
sub-49,A+P+,O2,alpha,-0.18483046,0.21130228
sub-49,A+P+,O2,beta,-0.056681767,0.14013182
sub-49,A+P+,O2,delta,0.30572805,0.31951818
sub-49,A+P+,O2,gamma,-0.046438605,0.1607131
sub-49,A+P+,O2,theta,0.12541853,0.17122154
sub-49,A+P+,P3,alpha,-0.10412711,0.16111973
sub-49,A+P+,P3,beta,-0.026906414,0.07344356
sub-49,A+P+,P3,delta,0.03559996,0.10418665
sub-49,A+P+,P3,gamma,0.08173135,0.14273916
sub-49,A+P+,P3,theta,0.0024885887,0.19465989
sub-49,A+P+,P4,alpha,-0.032838084,0.111986876
sub-49,A+P+,P4,beta,-0.12462671,0.15597062
sub-49,A+P+,P4,delta,0.012810495,0.11809656
sub-49,A+P+,P4,gamma,0.048531923,0.10428605
sub-49,A+P+,P4,theta,0.0042663114,0.20248266
sub-49,A+P+,Pz,alpha,-0.03366725,0.13677323
sub-49,A+P+,Pz,beta,-0.021945035,0.07343456
sub-49,A+P+,Pz,delta,-0.066871606,0.1277015
sub-49,A+P+,Pz,gamma,0.024080014,0.08276815
sub-49,A+P+,Pz,theta,-0.105201,0.18633223
sub-50,A+P+,C3,alpha,0.0061469614,0.10637748
sub-50,A+P+,C3,beta,0.06852349,0.16353992
sub-50,A+P+,C3,delta,0.17437768,0.19079886
sub-50,A+P+,C3,gamma,-0.06002678,0.081594884
sub-50,A+P+,C3,theta,0.08032902,0.09661214
sub-50,A+P+,C4,alpha,-0.038448595,0.13128895
sub-50,A+P+,C4,beta,-0.030841839,0.1390304
sub-50,A+P+,C4,delta,-0.017088175,0.09480744
sub-50,A+P+,C4,gamma,-0.056234725,0.10712417
sub-50,A+P+,C4,theta,0.046805304,0.10323055
sub-50,A+P+,Cz,alpha,0.07016954,0.17339791
sub-50,A+P+,Cz,beta,0.049119364,0.23189652
sub-50,A+P+,Cz,delta,0.04137866,0.08984858
sub-50,A+P+,Cz,gamma,0.050684486,0.14095357
sub-50,A+P+,Cz,theta,-0.0410891,0.098104484
sub-50,A+P+,F3,alpha,-0.064344466,0.12456207
sub-50,A+P+,F3,beta,0.063451,0.14045155
sub-50,A+P+,F3,delta,-0.0740107,0.14765
sub-50,A+P+,F3,gamma,-0.008491216,0.061693083
sub-50,A+P+,F3,theta,0.026979618,0.08166702
sub-50,A+P+,F4,alpha,-0.015737487,0.12133068
sub-50,A+P+,F4,beta,0.020731697,0.1521125
sub-50,A+P+,F4,delta,-0.0546174,0.12015773
sub-50,A+P+,F4,gamma,-0.014832374,0.061707273
sub-50,A+P+,F4,theta,0.03223717,0.09559479
sub-50,A+P+,F7,alpha,-0.11756574,0.21677253
sub-50,A+P+,F7,beta,-0.2832292,0.30633616
sub-50,A+P+,F7,delta,-0.009582304,0.14427903
sub-50,A+P+,F7,gamma,-0.09652725,0.11710738
sub-50,A+P+,F7,theta,-0.2312524,0.32486716
sub-50,A+P+,F8,alpha,0.026423818,0.11644822
sub-50,A+P+,F8,beta,-0.20350541,0.2768362
sub-50,A+P+,F8,delta,-0.09223505,0.14371578
sub-50,A+P+,F8,gamma,0.014802801,0.11130066
sub-50,A+P+,F8,theta,-0.03308831,0.12496656
sub-50,A+P+,Fp1,alpha,-0.100076534,0.17699555
sub-50,A+P+,Fp1,beta,-0.050241042,0.17238298
sub-50,A+P+,Fp1,delta,0.121484496,0.15871912
sub-50,A+P+,Fp1,gamma,-0.09427934,0.11986625
sub-50,A+P+,Fp1,theta,0.03658629,0.10115596
sub-50,A+P+,Fp2,alpha,-0.13186154,0.18215024
sub-50,A+P+,Fp2,beta,0.023028614,0.21394935
sub-50,A+P+,Fp2,delta,0.128825,0.15993665
sub-50,A+P+,Fp2,gamma,-0.071080685,0.1084766
sub-50,A+P+,Fp2,theta,-0.05729049,0.104183316
sub-50,A+P+,Fz,alpha,-0.03562452,0.110348105
sub-50,A+P+,Fz,beta,0.0036678023,0.20022634
sub-50,A+P+,Fz,delta,-0.09212711,0.1659596
sub-50,A+P+,Fz,gamma,-0.014158119,0.0917431
sub-50,A+P+,Fz,theta,0.014698458,0.061464082
sub-50,A+P+,O1,alpha,-0.17589128,0.22884637
sub-50,A+P+,O1,beta,0.037671488,0.19336814
sub-50,A+P+,O1,delta,0.082255796,0.1107784
sub-50,A+P+,O1,gamma,-0.121620975,0.14983824
sub-50,A+P+,O1,theta,0.02448508,0.09684194
sub-50,A+P+,O2,alpha,-0.18471457,0.22092974
sub-50,A+P+,O2,beta,0.0042455466,0.23079942
sub-50,A+P+,O2,delta,0.25931418,0.2697744
sub-50,A+P+,O2,gamma,-0.017759038,0.1079599
sub-50,A+P+,O2,theta,0.11379125,0.13853191
sub-50,A+P+,P3,alpha,-0.07039464,0.15021302
sub-50,A+P+,P3,beta,-0.02558912,0.16113344
sub-50,A+P+,P3,delta,-0.0011096398,0.10452796
sub-50,A+P+,P3,gamma,0.07719959,0.1388443
sub-50,A+P+,P3,theta,-0.0435944,0.15012625
sub-50,A+P+,P4,alpha,-0.018644918,0.11025634
sub-50,A+P+,P4,beta,-0.32320398,0.37097132
sub-50,A+P+,P4,delta,0.011534893,0.11485403
sub-50,A+P+,P4,gamma,0.06788172,0.121701136
sub-50,A+P+,P4,theta,-0.059388187,0.13532174
sub-50,A+P+,Pz,alpha,-0.029495262,0.12746786
sub-50,A+P+,Pz,beta,0.01774241,0.17815375
sub-50,A+P+,Pz,delta,-0.09913036,0.1518387
sub-50,A+P+,Pz,gamma,0.011963916,0.09828658
sub-50,A+P+,Pz,theta,-0.13614692,0.16089249
sub-51,A+P+,C3,alpha,-0.022320012,0.12592839
sub-51,A+P+,C3,beta,0.06687777,0.13316052
sub-51,A+P+,C3,delta,0.10974659,0.12075733
sub-51,A+P+,C3,gamma,-0.04250795,0.13656351
sub-51,A+P+,C3,theta,0.064131595,0.080020286
sub-51,A+P+,C4,alpha,-0.051726222,0.1264363
sub-51,A+P+,C4,beta,-0.041644607,0.117339455
sub-51,A+P+,C4,delta,0.0017141496,0.095672175
sub-51,A+P+,C4,gamma,0.040676493,0.2134319
sub-51,A+P+,C4,theta,0.032879196,0.075444184
sub-51,A+P+,Cz,alpha,0.09343269,0.20704317
sub-51,A+P+,Cz,beta,0.07484393,0.17359921
sub-51,A+P+,Cz,delta,0.034348816,0.058722917
sub-51,A+P+,Cz,gamma,0.0519305,0.13964614
sub-51,A+P+,Cz,theta,-0.04466935,0.09559071
sub-51,A+P+,F3,alpha,-0.06335282,0.14887716
sub-51,A+P+,F3,beta,0.030859068,0.10631405
sub-51,A+P+,F3,delta,-0.017308421,0.07757282
sub-51,A+P+,F3,gamma,-0.008210432,0.12049279
sub-51,A+P+,F3,theta,0.024569698,0.07636194
sub-51,A+P+,F4,alpha,-0.062324665,0.16994187
sub-51,A+P+,F4,beta,-0.01855753,0.10792998
sub-51,A+P+,F4,delta,-0.029226286,0.09972556
sub-51,A+P+,F4,gamma,0.0257243,0.10569947
sub-51,A+P+,F4,theta,0.028449833,0.09977955
sub-51,A+P+,F7,alpha,-0.13474244,0.20225541
sub-51,A+P+,F7,beta,-0.2589827,0.28900987
sub-51,A+P+,F7,delta,-0.019264828,0.12701389
sub-51,A+P+,F7,gamma,-0.14048773,0.25849465
sub-51,A+P+,F7,theta,-0.25659668,0.28547293
sub-51,A+P+,F8,alpha,0.008281093,0.10682339
sub-51,A+P+,F8,beta,-0.2296403,0.28714165
sub-51,A+P+,F8,delta,-0.08095432,0.115942776
sub-51,A+P+,F8,gamma,0.15708968,0.2544887
sub-51,A+P+,F8,theta,-0.06575419,0.09905579
sub-51,A+P+,Fp1,alpha,-0.10562486,0.17918572
sub-51,A+P+,Fp1,beta,-0.06538963,0.16969304
sub-51,A+P+,Fp1,delta,0.11131802,0.14547288
sub-51,A+P+,Fp1,gamma,-0.1133449,0.16199234
sub-51,A+P+,Fp1,theta,0.018595532,0.084351435
sub-51,A+P+,Fp2,alpha,-0.0971004,0.13581535
sub-51,A+P+,Fp2,beta,0.01277894,0.17037205
sub-51,A+P+,Fp2,delta,0.1340195,0.17752375
sub-51,A+P+,Fp2,gamma,-0.116134025,0.16315258
sub-51,A+P+,Fp2,theta,-0.02844811,0.052750494
sub-51,A+P+,Fz,alpha,-0.11311261,0.18499614
sub-51,A+P+,Fz,beta,-0.0371626,0.13595302
sub-51,A+P+,Fz,delta,-0.036640905,0.09680184
sub-51,A+P+,Fz,gamma,-0.040510565,0.12212974
sub-51,A+P+,Fz,theta,0.024922432,0.080021
sub-51,A+P+,O1,alpha,-0.19398302,0.24950422
sub-51,A+P+,O1,beta,-0.034387957,0.11771603
sub-51,A+P+,O1,delta,0.07435159,0.10729473
sub-51,A+P+,O1,gamma,-0.25389785,0.28376588
sub-51,A+P+,O1,theta,0.0068755285,0.10807067
sub-51,A+P+,O2,alpha,-0.24274422,0.2772501
sub-51,A+P+,O2,beta,-0.055429798,0.15317467
sub-51,A+P+,O2,delta,0.25276834,0.2633815
sub-51,A+P+,O2,gamma,-0.030954769,0.1458075
sub-51,A+P+,O2,theta,0.106322296,0.13250878
sub-51,A+P+,P3,alpha,-0.09617476,0.17064618
sub-51,A+P+,P3,beta,-0.031843964,0.116138674
sub-51,A+P+,P3,delta,0.014440909,0.08154683
sub-51,A+P+,P3,gamma,0.0920795,0.15259793
sub-51,A+P+,P3,theta,-0.06363219,0.15169133
sub-51,A+P+,P4,alpha,-0.01892563,0.12490926
sub-51,A+P+,P4,beta,-0.25266185,0.2862857
sub-51,A+P+,P4,delta,0.013679447,0.09826041
sub-51,A+P+,P4,gamma,0.082960695,0.13966261
sub-51,A+P+,P4,theta,-0.06541235,0.121876635
sub-51,A+P+,Pz,alpha,-0.03160319,0.10515337
sub-51,A+P+,Pz,beta,-0.0046339575,0.13805947
sub-51,A+P+,Pz,delta,-0.12835443,0.17083497
sub-51,A+P+,Pz,gamma,0.04924562,0.19370416
sub-51,A+P+,Pz,theta,-0.15385373,0.19958732
sub-52,A+P+,C3,alpha,-0.03313797,0.12382324
sub-52,A+P+,C3,beta,0.052947305,0.08604897
sub-52,A+P+,C3,delta,0.17494552,0.19989324
sub-52,A+P+,C3,gamma,-0.02779507,0.059054922
sub-52,A+P+,C3,theta,0.13837022,0.16267914
sub-52,A+P+,C4,alpha,-0.043000344,0.12906933
sub-52,A+P+,C4,beta,-0.033215355,0.09287223
sub-52,A+P+,C4,delta,0.02058228,0.113518424
sub-52,A+P+,C4,gamma,-0.023527004,0.056544695
sub-52,A+P+,C4,theta,0.15540534,0.20523135
sub-52,A+P+,Cz,alpha,0.06904621,0.16719817
sub-52,A+P+,Cz,beta,0.06772224,0.13559832
sub-52,A+P+,Cz,delta,0.021579668,0.122753546
sub-52,A+P+,Cz,gamma,0.032193646,0.09903295
sub-52,A+P+,Cz,theta,-0.050673477,0.12747556
sub-52,A+P+,F3,alpha,-0.064643964,0.14600511
sub-52,A+P+,F3,beta,0.018727785,0.06948336
sub-52,A+P+,F3,delta,-0.03237182,0.12446029
sub-52,A+P+,F3,gamma,-0.0019961263,0.06069645
sub-52,A+P+,F3,theta,0.110708944,0.16036771
sub-52,A+P+,F4,alpha,-0.05751726,0.16252376
sub-52,A+P+,F4,beta,-0.017498272,0.08961812
sub-52,A+P+,F4,delta,-0.027935304,0.11389665
sub-52,A+P+,F4,gamma,0.0025486702,0.05907077
sub-52,A+P+,F4,theta,0.09966952,0.16892685
sub-52,A+P+,F7,alpha,-0.15449357,0.24134777
sub-52,A+P+,F7,beta,-0.13202333,0.14501907
sub-52,A+P+,F7,delta,0.040133215,0.1453086
sub-52,A+P+,F7,gamma,-0.07122082,0.09210365
sub-52,A+P+,F7,theta,-0.08604444,0.38235313
sub-52,A+P+,F8,alpha,-0.0009042537,0.1124662
sub-52,A+P+,F8,beta,-0.11241588,0.14328021
sub-52,A+P+,F8,delta,-0.052315358,0.13138898
sub-52,A+P+,F8,gamma,-0.0040965276,0.04287888
sub-52,A+P+,F8,theta,0.053489335,0.19437532
sub-52,A+P+,Fp1,alpha,-0.09634089,0.15700983
sub-52,A+P+,Fp1,beta,0.017811634,0.10817481
sub-52,A+P+,Fp1,delta,0.115997404,0.16707994
sub-52,A+P+,Fp1,gamma,-0.065450944,0.11695533
sub-52,A+P+,Fp1,theta,0.035939332,0.09027752
sub-52,A+P+,Fp2,alpha,-0.13874109,0.18385755
sub-52,A+P+,Fp2,beta,0.045480408,0.14906117
sub-52,A+P+,Fp2,delta,0.13694939,0.17122658
sub-52,A+P+,Fp2,gamma,-0.049851954,0.09860129
sub-52,A+P+,Fp2,theta,-0.04334098,0.10579807
sub-52,A+P+,Fz,alpha,-0.09002407,0.15937577
sub-52,A+P+,Fz,beta,-0.04202718,0.10350346
sub-52,A+P+,Fz,delta,-0.01910187,0.11059501
sub-52,A+P+,Fz,gamma,-0.019095333,0.09596082
sub-52,A+P+,Fz,theta,0.13749406,0.18456721
sub-52,A+P+,O1,alpha,-0.19263498,0.24322467
sub-52,A+P+,O1,beta,-0.017847983,0.12406302
sub-52,A+P+,O1,delta,0.0986649,0.14421183
sub-52,A+P+,O1,gamma,-0.18221553,0.2115309
sub-52,A+P+,O1,theta,0.017883873,0.12818366
sub-52,A+P+,O2,alpha,-0.20497163,0.2340495
sub-52,A+P+,O2,beta,-0.039821673,0.16134524
sub-52,A+P+,O2,delta,0.30234382,0.3160359
sub-52,A+P+,O2,gamma,-0.044525363,0.18496488
sub-52,A+P+,O2,theta,0.13169928,0.17237014
sub-52,A+P+,P3,alpha,-0.122101605,0.17767833
sub-52,A+P+,P3,beta,-0.032801412,0.08539692
sub-52,A+P+,P3,delta,0.03812256,0.10192087
sub-52,A+P+,P3,gamma,0.069125734,0.08555194
sub-52,A+P+,P3,theta,0.023203049,0.20970082
sub-52,A+P+,P4,alpha,-0.044154126,0.12219266
sub-52,A+P+,P4,beta,-0.14344984,0.17631592
sub-52,A+P+,P4,delta,0.015718227,0.12073734
sub-52,A+P+,P4,gamma,0.049775746,0.097734466
sub-52,A+P+,P4,theta,0.014555972,0.20973171
sub-52,A+P+,Pz,alpha,-0.04362994,0.13901295
sub-52,A+P+,Pz,beta,-0.022230148,0.085330024
sub-52,A+P+,Pz,delta,-0.066696845,0.13048775
sub-52,A+P+,Pz,gamma,0.030255785,0.075270526
sub-52,A+P+,Pz,theta,-0.10008339,0.17825459
sub-53,A+P-,C3,alpha,-0.014856296,0.10915582
sub-53,A+P-,C3,beta,0.08167654,0.123218544
sub-53,A+P-,C3,delta,0.19991001,0.21453553
sub-53,A+P-,C3,gamma,-0.051064428,0.108836964
sub-53,A+P-,C3,theta,0.14114383,0.16512825
sub-53,A+P-,C4,alpha,-0.045121565,0.13442494
sub-53,A+P-,C4,beta,-0.0397953,0.11772756
sub-53,A+P-,C4,delta,0.013947385,0.08605004
sub-53,A+P-,C4,gamma,-0.030399013,0.08722642
sub-53,A+P-,C4,theta,0.14701441,0.20514727
sub-53,A+P-,Cz,alpha,0.05584067,0.15760724
sub-53,A+P-,Cz,beta,0.07214084,0.18471006
sub-53,A+P-,Cz,delta,0.040965173,0.09818946
sub-53,A+P-,Cz,gamma,0.079778194,0.156814
sub-53,A+P-,Cz,theta,-0.069138736,0.14255719
sub-53,A+P-,F3,alpha,-0.06745687,0.15472236
sub-53,A+P-,F3,beta,0.031172331,0.09686866
sub-53,A+P-,F3,delta,-0.01573251,0.092686586
sub-53,A+P-,F3,gamma,-0.0073874313,0.07328347
sub-53,A+P-,F3,theta,0.06531169,0.11988394
sub-53,A+P-,F4,alpha,-0.07426534,0.17753924
sub-53,A+P-,F4,beta,0.0040588,0.12700936
sub-53,A+P-,F4,delta,-0.01967719,0.0964918
sub-53,A+P-,F4,gamma,0.0063844863,0.07422825
sub-53,A+P-,F4,theta,0.06269191,0.14171232
sub-53,A+P-,F7,alpha,-0.14266895,0.25286737
sub-53,A+P-,F7,beta,-0.24712758,0.26144192
sub-53,A+P-,F7,delta,0.020338047,0.12683102
sub-53,A+P-,F7,gamma,-0.11248999,0.13291536
sub-53,A+P-,F7,theta,-0.16259275,0.37487417
sub-53,A+P-,F8,alpha,0.0060469625,0.1305454
sub-53,A+P-,F8,beta,-0.21363997,0.25201845
sub-53,A+P-,F8,delta,-0.06255286,0.11561679
sub-53,A+P-,F8,gamma,-0.01089294,0.07237695
sub-53,A+P-,F8,theta,-7.229619e-05,0.16984093
sub-53,A+P-,Fp1,alpha,-0.11085201,0.1886464
sub-53,A+P-,Fp1,beta,-0.030760046,0.15515105
sub-53,A+P-,Fp1,delta,0.11286134,0.13494168
sub-53,A+P-,Fp1,gamma,-0.08627986,0.13166152
sub-53,A+P-,Fp1,theta,0.05840437,0.1321265
sub-53,A+P-,Fp2,alpha,-0.16581288,0.21588255
sub-53,A+P-,Fp2,beta,0.009440541,0.19543085
sub-53,A+P-,Fp2,delta,0.13368179,0.15178613
sub-53,A+P-,Fp2,gamma,-0.06863877,0.1053543
sub-53,A+P-,Fp2,theta,-0.056564137,0.13228522
sub-53,A+P-,Fz,alpha,-0.100553006,0.17329936
sub-53,A+P-,Fz,beta,-0.036154877,0.15000416
sub-53,A+P-,Fz,delta,-0.026422942,0.098794125
sub-53,A+P-,Fz,gamma,-0.0020013289,0.097552165
sub-53,A+P-,Fz,theta,0.066913284,0.11858678
sub-53,A+P-,O1,alpha,-0.19025096,0.25340173
sub-53,A+P-,O1,beta,-0.03701595,0.11576325
sub-53,A+P-,O1,delta,0.09167328,0.1381589
sub-53,A+P-,O1,gamma,-0.15098159,0.1765955
sub-53,A+P-,O1,theta,0.012880711,0.11009197
sub-53,A+P-,O2,alpha,-0.26829803,0.30524835
sub-53,A+P-,O2,beta,-0.06863827,0.14433013
sub-53,A+P-,O2,delta,0.23805857,0.2480185
sub-53,A+P-,O2,gamma,-0.025466044,0.10491362
sub-53,A+P-,O2,theta,0.11522431,0.14777523
sub-53,A+P-,P3,alpha,-0.109549075,0.16819781
sub-53,A+P-,P3,beta,-0.051950447,0.1324723
sub-53,A+P-,P3,delta,0.027623598,0.09341038
sub-53,A+P-,P3,gamma,0.09715581,0.12653285
sub-53,A+P-,P3,theta,0.021303043,0.23062
sub-53,A+P-,P4,alpha,-0.030211078,0.13806757
sub-53,A+P-,P4,beta,-0.1794725,0.21315369
sub-53,A+P-,P4,delta,0.03761168,0.09928763
sub-53,A+P-,P4,gamma,0.04710404,0.090468764
sub-53,A+P-,P4,theta,-0.051774003,0.15406497
sub-53,A+P-,Pz,alpha,-0.04859852,0.14395241
sub-53,A+P-,Pz,beta,-0.031811945,0.11899207
sub-53,A+P-,Pz,delta,-0.09854574,0.14689186
sub-53,A+P-,Pz,gamma,0.029782033,0.09868097
sub-53,A+P-,Pz,theta,-0.1354748,0.1934296
sub-54,A+P+,C3,alpha,-0.010485792,0.08687059
sub-54,A+P+,C3,beta,0.06775287,0.10817371
sub-54,A+P+,C3,delta,0.17168204,0.22464803
sub-54,A+P+,C3,gamma,-0.037168268,0.13166852
sub-54,A+P+,C3,theta,0.08220392,0.10525613
sub-54,A+P+,C4,alpha,-0.044181727,0.104392976
sub-54,A+P+,C4,beta,-0.037003048,0.10710695
sub-54,A+P+,C4,delta,-0.010716661,0.14224449
sub-54,A+P+,C4,gamma,0.0071037295,0.14269972
sub-54,A+P+,C4,theta,0.060509536,0.10901496
sub-54,A+P+,Cz,alpha,0.046385042,0.15223224
sub-54,A+P+,Cz,beta,0.09602931,0.17967828
sub-54,A+P+,Cz,delta,-0.021879774,0.1574736
sub-54,A+P+,Cz,gamma,0.04576642,0.14602217
sub-54,A+P+,Cz,theta,-0.046769336,0.10309687
sub-54,A+P+,F3,alpha,-0.06279523,0.13434444
sub-54,A+P+,F3,beta,0.024090022,0.07972927
sub-54,A+P+,F3,delta,-0.12874718,0.20706373
sub-54,A+P+,F3,gamma,-0.01497376,0.070163906
sub-54,A+P+,F3,theta,0.033697836,0.07993273
sub-54,A+P+,F4,alpha,-0.049901586,0.15832502
sub-54,A+P+,F4,beta,-0.011130119,0.11929974
sub-54,A+P+,F4,delta,-0.05868521,0.13869146
sub-54,A+P+,F4,gamma,0.0064293053,0.092259414
sub-54,A+P+,F4,theta,0.02000577,0.08392446
sub-54,A+P+,F7,alpha,-0.14561847,0.23701575
sub-54,A+P+,F7,beta,-0.16777405,0.184492
sub-54,A+P+,F7,delta,-0.039455984,0.18743603
sub-54,A+P+,F7,gamma,-0.087029524,0.11519356
sub-54,A+P+,F7,theta,-0.25103837,0.28010356
sub-54,A+P+,F8,alpha,0.0013301508,0.104652576
sub-54,A+P+,F8,beta,-0.11669848,0.14291824
sub-54,A+P+,F8,delta,-0.10469412,0.17750897
sub-54,A+P+,F8,gamma,-0.008518495,0.06676492
sub-54,A+P+,F8,theta,-0.039127834,0.09747763
sub-54,A+P+,Fp1,alpha,-0.06627731,0.120355055
sub-54,A+P+,Fp1,beta,0.01077873,0.068301834
sub-54,A+P+,Fp1,delta,0.11290575,0.17908375
sub-54,A+P+,Fp1,gamma,-0.07394841,0.09730567
sub-54,A+P+,Fp1,theta,0.022343872,0.10938342
sub-54,A+P+,Fp2,alpha,-0.09079319,0.12612788
sub-54,A+P+,Fp2,beta,0.04358268,0.10562848
sub-54,A+P+,Fp2,delta,0.11384829,0.17513195
sub-54,A+P+,Fp2,gamma,-0.05193274,0.08455381
sub-54,A+P+,Fp2,theta,-0.086582385,0.12936154
sub-54,A+P+,Fz,alpha,-0.08705901,0.15682289
sub-54,A+P+,Fz,beta,-0.032433398,0.1671797
sub-54,A+P+,Fz,delta,-0.06967305,0.15457058
sub-54,A+P+,Fz,gamma,-0.07346404,0.15527162
sub-54,A+P+,Fz,theta,0.018882286,0.065418445
sub-54,A+P+,O1,alpha,-0.21322045,0.2591364
sub-54,A+P+,O1,beta,-0.026178975,0.13430558
sub-54,A+P+,O1,delta,0.089521036,0.14731377
sub-54,A+P+,O1,gamma,-0.15608355,0.18523258
sub-54,A+P+,O1,theta,0.010148915,0.07874409
sub-54,A+P+,O2,alpha,-0.19680735,0.22128904
sub-54,A+P+,O2,beta,-0.047510978,0.1673463
sub-54,A+P+,O2,delta,0.3663065,0.38573125
sub-54,A+P+,O2,gamma,-0.034684565,0.14819263
sub-54,A+P+,O2,theta,0.107781045,0.1315725
sub-54,A+P+,P3,alpha,-0.08875556,0.15836768
sub-54,A+P+,P3,beta,-0.0413737,0.11364779
sub-54,A+P+,P3,delta,0.008243018,0.11955451
sub-54,A+P+,P3,gamma,0.071491055,0.12528051
sub-54,A+P+,P3,theta,-0.059769575,0.14327353
sub-54,A+P+,P4,alpha,-0.02935636,0.11135605
sub-54,A+P+,P4,beta,-0.21762942,0.25262076
sub-54,A+P+,P4,delta,-0.034209073,0.15853707
sub-54,A+P+,P4,gamma,0.05308334,0.11898014
sub-54,A+P+,P4,theta,-0.070371225,0.13030626
sub-54,A+P+,Pz,alpha,-0.027635073,0.123332925
sub-54,A+P+,Pz,beta,-0.028432313,0.101814955
sub-54,A+P+,Pz,delta,-0.13135621,0.19579718
sub-54,A+P+,Pz,gamma,0.009589122,0.10463948
sub-54,A+P+,Pz,theta,-0.13594328,0.16543098
sub-56,A+P+,C3,alpha,-0.029586999,0.1258174
sub-56,A+P+,C3,beta,0.07998795,0.1395719
sub-56,A+P+,C3,delta,0.16144823,0.17687558
sub-56,A+P+,C3,gamma,-0.04953022,0.095926076
sub-56,A+P+,C3,theta,0.07612795,0.09561935
sub-56,A+P+,C4,alpha,-0.058370158,0.14507538
sub-56,A+P+,C4,beta,-0.034759622,0.12989827
sub-56,A+P+,C4,delta,0.007295773,0.09816622
sub-56,A+P+,C4,gamma,-0.031303883,0.11077832
sub-56,A+P+,C4,theta,0.0390676,0.09297074
sub-56,A+P+,Cz,alpha,0.053694326,0.17366292
sub-56,A+P+,Cz,beta,0.061614156,0.19936897
sub-56,A+P+,Cz,delta,0.01915263,0.106679805
sub-56,A+P+,Cz,gamma,0.056200936,0.13827373
sub-56,A+P+,Cz,theta,-0.049906895,0.09979584
sub-56,A+P+,F3,alpha,-0.07221769,0.16099717
sub-56,A+P+,F3,beta,0.03204604,0.09957974
sub-56,A+P+,F3,delta,-0.061476618,0.130758
sub-56,A+P+,F3,gamma,-0.0010666797,0.1019849
sub-56,A+P+,F3,theta,0.021207785,0.06968572
sub-56,A+P+,F4,alpha,-0.08973753,0.1814432
sub-56,A+P+,F4,beta,-0.018335339,0.114299886
sub-56,A+P+,F4,delta,-0.049747206,0.124828346
sub-56,A+P+,F4,gamma,-0.00019999176,0.075610556
sub-56,A+P+,F4,theta,0.02011543,0.08757709
sub-56,A+P+,F7,alpha,-0.1327346,0.26419622
sub-56,A+P+,F7,beta,-0.21323866,0.2355308
sub-56,A+P+,F7,delta,-0.011862443,0.14900869
sub-56,A+P+,F7,gamma,-0.09559334,0.12478785
sub-56,A+P+,F7,theta,-0.26132882,0.29942238
sub-56,A+P+,F8,alpha,-0.006643893,0.13928631
sub-56,A+P+,F8,beta,-0.13167755,0.16106538
sub-56,A+P+,F8,delta,-0.08994673,0.14751694
sub-56,A+P+,F8,gamma,-0.009354651,0.06865174
sub-56,A+P+,F8,theta,-0.045223877,0.086120114
sub-56,A+P+,Fp1,alpha,-0.110066414,0.19668505
sub-56,A+P+,Fp1,beta,-0.03203317,0.14342819
sub-56,A+P+,Fp1,delta,0.1084757,0.14722678
sub-56,A+P+,Fp1,gamma,-0.10185323,0.14369756
sub-56,A+P+,Fp1,theta,0.01936146,0.08537008
sub-56,A+P+,Fp2,alpha,-0.16181402,0.20348802
sub-56,A+P+,Fp2,beta,0.009585719,0.19216835
sub-56,A+P+,Fp2,delta,0.12751955,0.1543836
sub-56,A+P+,Fp2,gamma,-0.12624253,0.19924797
sub-56,A+P+,Fp2,theta,-0.03883441,0.074088775
sub-56,A+P+,Fz,alpha,-0.11419833,0.18412893
sub-56,A+P+,Fz,beta,-0.040818404,0.15704618
sub-56,A+P+,Fz,delta,-0.049550377,0.12368273
sub-56,A+P+,Fz,gamma,-0.022081757,0.13059518
sub-56,A+P+,Fz,theta,0.017138086,0.07049823
sub-56,A+P+,O1,alpha,-0.2051148,0.26675737
sub-56,A+P+,O1,beta,-0.032713376,0.122928984
sub-56,A+P+,O1,delta,0.07256275,0.12718228
sub-56,A+P+,O1,gamma,-0.23335542,0.2692943
sub-56,A+P+,O1,theta,0.0012734765,0.089107946
sub-56,A+P+,O2,alpha,-0.2618997,0.29313874
sub-56,A+P+,O2,beta,-0.05537089,0.15702525
sub-56,A+P+,O2,delta,0.25537124,0.26717195
sub-56,A+P+,O2,gamma,-0.019011067,0.18952946
sub-56,A+P+,O2,theta,0.07569678,0.098130874
sub-56,A+P+,P3,alpha,-0.11786773,0.19527714
sub-56,A+P+,P3,beta,-0.031252917,0.09965718
sub-56,A+P+,P3,delta,0.0111892605,0.09397749
sub-56,A+P+,P3,gamma,0.086054355,0.11656159
sub-56,A+P+,P3,theta,-0.08621402,0.14547354
sub-56,A+P+,P4,alpha,-0.03482656,0.14458504
sub-56,A+P+,P4,beta,-0.21842782,0.25275925
sub-56,A+P+,P4,delta,0.023541797,0.08365332
sub-56,A+P+,P4,gamma,0.027992105,0.078354485
sub-56,A+P+,P4,theta,-0.078164905,0.115751974
sub-56,A+P+,Pz,alpha,-0.058287602,0.16387099
sub-56,A+P+,Pz,beta,-0.031939644,0.10280365
sub-56,A+P+,Pz,delta,-0.11748029,0.15664546
sub-56,A+P+,Pz,gamma,0.018742226,0.086754344
sub-56,A+P+,Pz,theta,-0.15018511,0.1645539
sub-57,A+P-,C3,alpha,-0.058164198,0.14936332
sub-57,A+P-,C3,beta,0.038332015,0.078580774
sub-57,A+P-,C3,delta,0.14774519,0.17194979
sub-57,A+P-,C3,gamma,-0.036572296,0.069708794
sub-57,A+P-,C3,theta,0.09875456,0.12371436
sub-57,A+P-,C4,alpha,-0.06529101,0.1506753
sub-57,A+P-,C4,beta,-0.039930496,0.09777781
sub-57,A+P-,C4,delta,0.023130788,0.10172206
sub-57,A+P-,C4,gamma,-0.022340119,0.07842469
sub-57,A+P-,C4,theta,0.08273396,0.13428795
sub-57,A+P-,Cz,alpha,0.06856809,0.19244029
sub-57,A+P-,Cz,beta,0.051785715,0.14242828
sub-57,A+P-,Cz,delta,0.025598759,0.08328866
sub-57,A+P-,Cz,gamma,0.009848988,0.08582078
sub-57,A+P-,Cz,theta,-0.04563467,0.12043957
sub-57,A+P-,F3,alpha,-0.067862734,0.16440028
sub-57,A+P-,F3,beta,0.01215997,0.073085696
sub-57,A+P-,F3,delta,-0.03396966,0.09277212
sub-57,A+P-,F3,gamma,-0.012691518,0.051982295
sub-57,A+P-,F3,theta,0.060237627,0.11043604
sub-57,A+P-,F4,alpha,-0.10065175,0.2013387
sub-57,A+P-,F4,beta,-0.03387349,0.08572669
sub-57,A+P-,F4,delta,-0.015843218,0.087119825
sub-57,A+P-,F4,gamma,-0.008617975,0.04632254
sub-57,A+P-,F4,theta,0.038431134,0.11401203
sub-57,A+P-,F7,alpha,-0.16752328,0.263867
sub-57,A+P-,F7,beta,-0.21050553,0.22888239
sub-57,A+P-,F7,delta,0.0016581244,0.13743468
sub-57,A+P-,F7,gamma,-0.09094981,0.11608261
sub-57,A+P-,F7,theta,-0.21841004,0.318821
sub-57,A+P-,F8,alpha,-0.030473268,0.15268528
sub-57,A+P-,F8,beta,-0.13637154,0.17368767
sub-57,A+P-,F8,delta,-0.06313694,0.123071454
sub-57,A+P-,F8,gamma,-0.012280949,0.056708213
sub-57,A+P-,F8,theta,-0.0268008,0.13162145
sub-57,A+P-,Fp1,alpha,-0.11259374,0.2022438
sub-57,A+P-,Fp1,beta,-0.025585102,0.15419964
sub-57,A+P-,Fp1,delta,0.08839566,0.116994575
sub-57,A+P-,Fp1,gamma,-0.091172695,0.14789726
sub-57,A+P-,Fp1,theta,0.020867651,0.08463186
sub-57,A+P-,Fp2,alpha,-0.16749148,0.2200878
sub-57,A+P-,Fp2,beta,0.006848981,0.21272969
sub-57,A+P-,Fp2,delta,0.097379036,0.11329465
sub-57,A+P-,Fp2,gamma,-0.10281662,0.18996787
sub-57,A+P-,Fp2,theta,-0.035208207,0.08153219
sub-57,A+P-,Fz,alpha,-0.13669337,0.20477165
sub-57,A+P-,Fz,beta,-0.053274564,0.10453905
sub-57,A+P-,Fz,delta,-0.02713347,0.081138276
sub-57,A+P-,Fz,gamma,-0.026859848,0.073636286
sub-57,A+P-,Fz,theta,0.044836026,0.09988541
sub-57,A+P-,O1,alpha,-0.21534157,0.28394192
sub-57,A+P-,O1,beta,-0.028362542,0.0832556
sub-57,A+P-,O1,delta,0.066445574,0.10490115
sub-57,A+P-,O1,gamma,-0.03820781,0.062448762
sub-57,A+P-,O1,theta,0.0038450712,0.11927757
sub-57,A+P-,O2,alpha,-0.28187662,0.32530895
sub-57,A+P-,O2,beta,-0.06657898,0.10234055
sub-57,A+P-,O2,delta,0.22270912,0.23863801
sub-57,A+P-,O2,gamma,-0.027706694,0.057211522
sub-57,A+P-,O2,theta,0.10738993,0.15209745
sub-57,A+P-,P3,alpha,-0.13608158,0.19621994
sub-57,A+P-,P3,beta,-0.021604512,0.08357587
sub-57,A+P-,P3,delta,0.030165544,0.08685466
sub-57,A+P-,P3,gamma,0.058842152,0.08539747
sub-57,A+P-,P3,theta,-0.04399439,0.17483395
sub-57,A+P-,P4,alpha,-0.056140836,0.14240286
sub-57,A+P-,P4,beta,-0.17838953,0.2102863
sub-57,A+P-,P4,delta,0.016039131,0.11291186
sub-57,A+P-,P4,gamma,0.020290764,0.06421767
sub-57,A+P-,P4,theta,-0.051533945,0.16720828
sub-57,A+P-,Pz,alpha,-0.064076364,0.16374679
sub-57,A+P-,Pz,beta,-0.03342483,0.10485079
sub-57,A+P-,Pz,delta,-0.06325073,0.110436946
sub-57,A+P-,Pz,gamma,0.01641021,0.07554247
sub-57,A+P-,Pz,theta,-0.13501896,0.18023546
sub-58,A+P-,C3,alpha,0.005453785,0.09739921
sub-58,A+P-,C3,beta,0.057320714,0.14920205
sub-58,A+P-,C3,delta,0.15973301,0.17690296
sub-58,A+P-,C3,gamma,-0.06373283,0.121200964
sub-58,A+P-,C3,theta,0.0809841,0.09778566
sub-58,A+P-,C4,alpha,-0.04020689,0.10899619
sub-58,A+P-,C4,beta,-0.033229806,0.12296342
sub-58,A+P-,C4,delta,-0.01621276,0.10294647
sub-58,A+P-,C4,gamma,0.047851283,0.22943804
sub-58,A+P-,C4,theta,0.055539187,0.10572665
sub-58,A+P-,Cz,alpha,0.05497588,0.14220002
sub-58,A+P-,Cz,beta,0.066652425,0.23329966
sub-58,A+P-,Cz,delta,0.04141365,0.10125703
sub-58,A+P-,Cz,gamma,0.047831967,0.17109469
sub-58,A+P-,Cz,theta,-0.049202625,0.10899785
sub-58,A+P-,F3,alpha,-0.054188196,0.1064743
sub-58,A+P-,F3,beta,0.052896477,0.12617815
sub-58,A+P-,F3,delta,-0.063403785,0.13993986
sub-58,A+P-,F3,gamma,-0.010083946,0.11202925
sub-58,A+P-,F3,theta,0.032862604,0.09002577
sub-58,A+P-,F4,alpha,0.013441207,0.09237346
sub-58,A+P-,F4,beta,0.0075728972,0.13800262
sub-58,A+P-,F4,delta,-0.04505601,0.110808246
sub-58,A+P-,F4,gamma,0.103127755,0.20213751
sub-58,A+P-,F4,theta,0.04110372,0.09845654
sub-58,A+P-,F7,alpha,-0.1120322,0.15737545
sub-58,A+P-,F7,beta,-0.23282313,0.25613302
sub-58,A+P-,F7,delta,-0.028030297,0.17223318
sub-58,A+P-,F7,gamma,-0.12174147,0.17013979
sub-58,A+P-,F7,theta,-0.22521181,0.2717567
sub-58,A+P-,F8,alpha,-0.0011544117,0.08030884
sub-58,A+P-,F8,beta,-0.2220807,0.26229092
sub-58,A+P-,F8,delta,-0.09440387,0.14953995
sub-58,A+P-,F8,gamma,0.083090656,0.18731593
sub-58,A+P-,F8,theta,-0.03377789,0.082136884
sub-58,A+P-,Fp1,alpha,-0.096535474,0.14848313
sub-58,A+P-,Fp1,beta,-0.05077632,0.15728681
sub-58,A+P-,Fp1,delta,0.13148534,0.16854154
sub-58,A+P-,Fp1,gamma,-0.08585979,0.114305
sub-58,A+P-,Fp1,theta,0.026462946,0.08298465
sub-58,A+P-,Fp2,alpha,-0.10883953,0.15331502
sub-58,A+P-,Fp2,beta,0.031037064,0.18503956
sub-58,A+P-,Fp2,delta,0.116393514,0.15521036
sub-58,A+P-,Fp2,gamma,-0.07117795,0.124530524
sub-58,A+P-,Fp2,theta,-0.048395295,0.08652671
sub-58,A+P-,Fz,alpha,-0.031863682,0.113221064
sub-58,A+P-,Fz,beta,0.012578884,0.20221524
sub-58,A+P-,Fz,delta,-0.02721963,0.0794519
sub-58,A+P-,Fz,gamma,-0.1528613,0.25009137
sub-58,A+P-,Fz,theta,0.059992727,0.103788406
sub-58,A+P-,O1,alpha,-0.1622091,0.19482763
sub-58,A+P-,O1,beta,-0.002167959,0.14724202
sub-58,A+P-,O1,delta,0.09799579,0.13589542
sub-58,A+P-,O1,gamma,-0.27620378,0.31172016
sub-58,A+P-,O1,theta,0.03194377,0.116491616
sub-58,A+P-,O2,alpha,-0.1443376,0.16980115
sub-58,A+P-,O2,beta,-0.013447421,0.18941842
sub-58,A+P-,O2,delta,0.3425263,0.35399672
sub-58,A+P-,O2,gamma,-0.055811003,0.16758732
sub-58,A+P-,O2,theta,0.16830674,0.20440042
sub-58,A+P-,P3,alpha,-0.06076215,0.13082866
sub-58,A+P-,P3,beta,-0.05363334,0.14244774
sub-58,A+P-,P3,delta,0.008754055,0.09449975
sub-58,A+P-,P3,gamma,0.07994788,0.16287403
sub-58,A+P-,P3,theta,-0.024785444,0.1554625
sub-58,A+P-,P4,alpha,-0.01227024,0.09334976
sub-58,A+P-,P4,beta,-0.29368004,0.3398357
sub-58,A+P-,P4,delta,0.0037851932,0.111845426
sub-58,A+P-,P4,gamma,0.12084185,0.17912623
sub-58,A+P-,P4,theta,-0.04742693,0.12789889
sub-58,A+P-,Pz,alpha,-0.028012678,0.11802685
sub-58,A+P-,Pz,beta,0.013436878,0.15284227
sub-58,A+P-,Pz,delta,-0.08470374,0.13489032
sub-58,A+P-,Pz,gamma,0.00445966,0.13715838
sub-58,A+P-,Pz,theta,-0.123379156,0.15148059
sub-59,A+P-,C3,alpha,-0.051316667,0.1388775
sub-59,A+P-,C3,beta,0.07104734,0.113409996
sub-59,A+P-,C3,delta,0.15940844,0.17412673
sub-59,A+P-,C3,gamma,-0.020547556,0.10225856
sub-59,A+P-,C3,theta,0.07355773,0.0988783
sub-59,A+P-,C4,alpha,-0.057720624,0.14262265
sub-59,A+P-,C4,beta,-0.032340344,0.12494764
sub-59,A+P-,C4,delta,0.031488672,0.1063169
sub-59,A+P-,C4,gamma,-0.009272939,0.09490276
sub-59,A+P-,C4,theta,0.08215829,0.13697468
sub-59,A+P-,Cz,alpha,0.062265467,0.1925838
sub-59,A+P-,Cz,beta,0.06870939,0.16031899
sub-59,A+P-,Cz,delta,0.026834823,0.10351471
sub-59,A+P-,Cz,gamma,0.023466935,0.10156366
sub-59,A+P-,Cz,theta,-0.041497145,0.117413856
sub-59,A+P-,F3,alpha,-0.058328684,0.17527536
sub-59,A+P-,F3,beta,0.011476034,0.06515845
sub-59,A+P-,F3,delta,-0.027399411,0.08170687
sub-59,A+P-,F3,gamma,-0.009289514,0.05555767
sub-59,A+P-,F3,theta,0.03562157,0.08317912
sub-59,A+P-,F4,alpha,-0.114353225,0.22306253
sub-59,A+P-,F4,beta,-0.03559437,0.078988664
sub-59,A+P-,F4,delta,-0.0049662134,0.08974026
sub-59,A+P-,F4,gamma,-0.00650003,0.04821895
sub-59,A+P-,F4,theta,0.02239545,0.10174567
sub-59,A+P-,F7,alpha,-0.16037615,0.27797416
sub-59,A+P-,F7,beta,-0.1521555,0.16859455
sub-59,A+P-,F7,delta,-0.0010523485,0.13203575
sub-59,A+P-,F7,gamma,-0.08119091,0.10635826
sub-59,A+P-,F7,theta,-0.22727077,0.33059502
sub-59,A+P-,F8,alpha,-0.045540854,0.17229107
sub-59,A+P-,F8,beta,-0.07792324,0.11418089
sub-59,A+P-,F8,delta,-0.053785834,0.114917375
sub-59,A+P-,F8,gamma,-0.007398248,0.056531996
sub-59,A+P-,F8,theta,-0.030893782,0.127183
sub-59,A+P-,Fp1,alpha,-0.09346012,0.2088968
sub-59,A+P-,Fp1,beta,-0.00053250365,0.118003614
sub-59,A+P-,Fp1,delta,0.09661384,0.1362817
sub-59,A+P-,Fp1,gamma,-0.09468324,0.13579836
sub-59,A+P-,Fp1,theta,0.015011921,0.08350555
sub-59,A+P-,Fp2,alpha,-0.1691023,0.24357557
sub-59,A+P-,Fp2,beta,0.04995349,0.13496384
sub-59,A+P-,Fp2,delta,0.13442595,0.15850106
sub-59,A+P-,Fp2,gamma,-0.0772286,0.11114009
sub-59,A+P-,Fp2,theta,-0.030910132,0.08578603
sub-59,A+P-,Fz,alpha,-0.14815702,0.21532121
sub-59,A+P-,Fz,beta,-0.051695514,0.0981709
sub-59,A+P-,Fz,delta,-0.031399276,0.088065445
sub-59,A+P-,Fz,gamma,-0.025393168,0.06882562
sub-59,A+P-,Fz,theta,0.02179442,0.0755464
sub-59,A+P-,O1,alpha,-0.21095093,0.29528683
sub-59,A+P-,O1,beta,-0.018404275,0.06985283
sub-59,A+P-,O1,delta,0.04919323,0.08585767
sub-59,A+P-,O1,gamma,-0.018673087,0.045754768
sub-59,A+P-,O1,theta,-0.012082794,0.0959505
sub-59,A+P-,O2,alpha,-0.29033503,0.33860472
sub-59,A+P-,O2,beta,-0.067347765,0.105766445
sub-59,A+P-,O2,delta,0.17830536,0.19193272
sub-59,A+P-,O2,gamma,-0.023437798,0.05622783
sub-59,A+P-,O2,theta,0.07085171,0.10050997
sub-59,A+P-,P3,alpha,-0.135211,0.21295294
sub-59,A+P-,P3,beta,-0.012200151,0.0835649
sub-59,A+P-,P3,delta,0.02852543,0.0867225
sub-59,A+P-,P3,gamma,0.06691392,0.08942737
sub-59,A+P-,P3,theta,-0.07190477,0.1654233
sub-59,A+P-,P4,alpha,-0.050910193,0.16320121
sub-59,A+P-,P4,beta,-0.17246555,0.20538765
sub-59,A+P-,P4,delta,0.02660331,0.08942332
sub-59,A+P-,P4,gamma,0.019948753,0.062006224
sub-59,A+P-,P4,theta,-0.085090294,0.13555422
sub-59,A+P-,Pz,alpha,-0.064734094,0.18522307
sub-59,A+P-,Pz,beta,-0.027033195,0.092442565
sub-59,A+P-,Pz,delta,-0.08746262,0.12949356
sub-59,A+P-,Pz,gamma,0.017070541,0.06395384
sub-59,A+P-,Pz,theta,-0.14326878,0.16524756
sub-60,A+P-,C3,alpha,-0.00047247374,0.06901112
sub-60,A+P-,C3,beta,0.05462359,0.14243723
sub-60,A+P-,C3,delta,0.17118338,0.1955247
sub-60,A+P-,C3,gamma,-0.04271158,0.13571687
sub-60,A+P-,C3,theta,0.08005591,0.0965365
sub-60,A+P-,C4,alpha,-0.03999444,0.07059154
sub-60,A+P-,C4,beta,-0.04045845,0.11881363
sub-60,A+P-,C4,delta,-0.013720684,0.102461845
sub-60,A+P-,C4,gamma,0.06307025,0.2732898
sub-60,A+P-,C4,theta,0.026610114,0.07310539
sub-60,A+P-,Cz,alpha,0.05268199,0.13471287
sub-60,A+P-,Cz,beta,0.09809846,0.2195232
sub-60,A+P-,Cz,delta,0.026885346,0.11981406
sub-60,A+P-,Cz,gamma,0.040908795,0.17635265
sub-60,A+P-,Cz,theta,-0.046828,0.104492925
sub-60,A+P-,F3,alpha,-0.038821243,0.08416433
sub-60,A+P-,F3,beta,0.04825019,0.11165682
sub-60,A+P-,F3,delta,-0.0857005,0.16143227
sub-60,A+P-,F3,gamma,-0.01365419,0.1071622
sub-60,A+P-,F3,theta,0.045479592,0.10356601
sub-60,A+P-,F4,alpha,0.03689431,0.07314542
sub-60,A+P-,F4,beta,-0.0055527384,0.12991905
sub-60,A+P-,F4,delta,-0.041017283,0.1084075
sub-60,A+P-,F4,gamma,0.089317895,0.2097377
sub-60,A+P-,F4,theta,0.03437954,0.08999521
sub-60,A+P-,F7,alpha,-0.09535779,0.12993035
sub-60,A+P-,F7,beta,-0.2270202,0.24850537
sub-60,A+P-,F7,delta,-0.033642035,0.15776831
sub-60,A+P-,F7,gamma,-0.12382692,0.19296235
sub-60,A+P-,F7,theta,-0.21718484,0.2726745
sub-60,A+P-,F8,alpha,-0.01257749,0.05405132
sub-60,A+P-,F8,beta,-0.24561526,0.3111019
sub-60,A+P-,F8,delta,-0.069793396,0.11700161
sub-60,A+P-,F8,gamma,0.1416029,0.25351933
sub-60,A+P-,F8,theta,-0.020026596,0.06696422
sub-60,A+P-,Fp1,alpha,-0.048521094,0.09056921
sub-60,A+P-,Fp1,beta,-0.037606973,0.14501214
sub-60,A+P-,Fp1,delta,0.13273548,0.17043713
sub-60,A+P-,Fp1,gamma,-0.09771796,0.14441647
sub-60,A+P-,Fp1,theta,0.014115483,0.06794301
sub-60,A+P-,Fp2,alpha,-0.04939271,0.09057533
sub-60,A+P-,Fp2,beta,0.0410242,0.15876329
sub-60,A+P-,Fp2,delta,0.11237726,0.15893857
sub-60,A+P-,Fp2,gamma,-0.06838061,0.15070464
sub-60,A+P-,Fp2,theta,-0.04846538,0.07651386
sub-60,A+P-,Fz,alpha,-0.025418717,0.10051793
sub-60,A+P-,Fz,beta,-0.009286709,0.18689547
sub-60,A+P-,Fz,delta,-0.07466018,0.1409664
sub-60,A+P-,Fz,gamma,-0.15845582,0.22188419
sub-60,A+P-,Fz,theta,0.076972954,0.11740257
sub-60,A+P-,O1,alpha,-0.123651944,0.15144485
sub-60,A+P-,O1,beta,0.018464793,0.17456812
sub-60,A+P-,O1,delta,0.10922392,0.14814797
sub-60,A+P-,O1,gamma,-0.28553602,0.3303137
sub-60,A+P-,O1,theta,0.039569773,0.091660954
sub-60,A+P-,O2,alpha,-0.12847777,0.14489958
sub-60,A+P-,O2,beta,-0.006170175,0.20811811
sub-60,A+P-,O2,delta,0.37044778,0.38375083
sub-60,A+P-,O2,gamma,-0.06860338,0.17155477
sub-60,A+P-,O2,theta,0.15529673,0.17071578
sub-60,A+P-,P3,alpha,-0.051980603,0.09109341
sub-60,A+P-,P3,beta,-0.068649635,0.15268412
sub-60,A+P-,P3,delta,0.008115057,0.11207472
sub-60,A+P-,P3,gamma,0.099878214,0.1797373
sub-60,A+P-,P3,theta,-0.038223863,0.13208252
sub-60,A+P-,P4,alpha,-0.01747706,0.06965542
sub-60,A+P-,P4,beta,-0.27434722,0.30945477
sub-60,A+P-,P4,delta,-0.025026541,0.13887836
sub-60,A+P-,P4,gamma,0.13291836,0.19505444
sub-60,A+P-,P4,theta,-0.04568439,0.11716835
sub-60,A+P-,Pz,alpha,-0.015258452,0.08465521
sub-60,A+P-,Pz,beta,-0.007665978,0.12126758
sub-60,A+P-,Pz,delta,-0.10600296,0.1693825
sub-60,A+P-,Pz,gamma,0.012640169,0.17311475
sub-60,A+P-,Pz,theta,-0.117369995,0.15530476
sub-61,A+P-,C3,alpha,-0.038925663,0.13445584
sub-61,A+P-,C3,beta,0.088496126,0.15111211
sub-61,A+P-,C3,delta,0.107887544,0.12034524
sub-61,A+P-,C3,gamma,-0.0317745,0.08337589
sub-61,A+P-,C3,theta,0.0669433,0.08578494
sub-61,A+P-,C4,alpha,-0.060789883,0.15275031
sub-61,A+P-,C4,beta,-0.016021797,0.13220805
sub-61,A+P-,C4,delta,0.018134445,0.06253376
sub-61,A+P-,C4,gamma,-0.008930525,0.123678625
sub-61,A+P-,C4,theta,0.034557983,0.08199169
sub-61,A+P-,Cz,alpha,0.054833625,0.1759511
sub-61,A+P-,Cz,beta,0.0077612093,0.22671662
sub-61,A+P-,Cz,delta,0.04040807,0.06385221
sub-61,A+P-,Cz,gamma,0.09129146,0.16767487
sub-61,A+P-,Cz,theta,-0.03135374,0.08456552
sub-61,A+P-,F3,alpha,-0.05125707,0.17004044
sub-61,A+P-,F3,beta,0.017010638,0.096839786
sub-61,A+P-,F3,delta,-0.0052718385,0.04997152
sub-61,A+P-,F3,gamma,-0.0011064038,0.068145774
sub-61,A+P-,F3,theta,0.035993528,0.07557694
sub-61,A+P-,F4,alpha,-0.08663208,0.18439443
sub-61,A+P-,F4,beta,-0.004520387,0.14978573
sub-61,A+P-,F4,delta,0.007744009,0.032932784
sub-61,A+P-,F4,gamma,0.12370641,0.2022612
sub-61,A+P-,F4,theta,3.5640332e-05,0.052494243
sub-61,A+P-,F7,alpha,-0.1362875,0.26149035
sub-61,A+P-,F7,beta,-0.21793653,0.24677615
sub-61,A+P-,F7,delta,-0.017923499,0.10287956
sub-61,A+P-,F7,gamma,-0.08043534,0.11017727
sub-61,A+P-,F7,theta,-0.24526931,0.28933775
sub-61,A+P-,F8,alpha,-0.038321905,0.17456856
sub-61,A+P-,F8,beta,-0.17115337,0.21633282
sub-61,A+P-,F8,delta,-0.045361493,0.08771632
sub-61,A+P-,F8,gamma,0.0053023314,0.089534126
sub-61,A+P-,F8,theta,-0.045883995,0.08967509
sub-61,A+P-,Fp1,alpha,-0.095691934,0.19628963
sub-61,A+P-,Fp1,beta,-0.05219858,0.18203114
sub-61,A+P-,Fp1,delta,0.074325316,0.09193652
sub-61,A+P-,Fp1,gamma,-0.104515284,0.17255555
sub-61,A+P-,Fp1,theta,0.008258492,0.06036264
sub-61,A+P-,Fp2,alpha,-0.15139216,0.1997199
sub-61,A+P-,Fp2,beta,-0.00084142067,0.25440842
sub-61,A+P-,Fp2,delta,0.06830036,0.076751545
sub-61,A+P-,Fp2,gamma,-0.14881454,0.2262169
sub-61,A+P-,Fp2,theta,-0.021890258,0.049366802
sub-61,A+P-,Fz,alpha,-0.1327585,0.20378876
sub-61,A+P-,Fz,beta,-0.05068657,0.13255587
sub-61,A+P-,Fz,delta,-0.019142596,0.05577841
sub-61,A+P-,Fz,gamma,-0.0051814374,0.08946361
sub-61,A+P-,Fz,theta,0.02481367,0.062333293
sub-61,A+P-,O1,alpha,-0.17978387,0.25898656
sub-61,A+P-,O1,beta,-0.03863909,0.11543154
sub-61,A+P-,O1,delta,0.06033661,0.094278775
sub-61,A+P-,O1,gamma,-0.083739184,0.11872493
sub-61,A+P-,O1,theta,-0.0056495904,0.10098948
sub-61,A+P-,O2,alpha,-0.26195827,0.31191367
sub-61,A+P-,O2,beta,-0.06656127,0.11540301
sub-61,A+P-,O2,delta,0.14754014,0.15865318
sub-61,A+P-,O2,gamma,-0.01984855,0.08003182
sub-61,A+P-,O2,theta,0.07591654,0.106889
sub-61,A+P-,P3,alpha,-0.11046948,0.19365256
sub-61,A+P-,P3,beta,-0.007192216,0.07948827
sub-61,A+P-,P3,delta,0.028439226,0.06610369
sub-61,A+P-,P3,gamma,0.06580995,0.08304897
sub-61,A+P-,P3,theta,-0.08963923,0.13327761
sub-61,A+P-,P4,alpha,-0.032791167,0.14710829
sub-61,A+P-,P4,beta,-0.086125456,0.12077136
sub-61,A+P-,P4,delta,0.039689273,0.06077084
sub-61,A+P-,P4,gamma,0.005577381,0.03571628
sub-61,A+P-,P4,theta,-0.06760168,0.108142026
sub-61,A+P-,Pz,alpha,-0.05564338,0.17496009
sub-61,A+P-,Pz,beta,-0.021884238,0.079303086
sub-61,A+P-,Pz,delta,-0.026035566,0.060670428
sub-61,A+P-,Pz,gamma,0.008456422,0.053575236
sub-61,A+P-,Pz,theta,-0.13529092,0.15073253
sub-62,A+P-,C3,alpha,-0.0092349835,0.11906825
sub-62,A+P-,C3,beta,0.059787568,0.15871473
sub-62,A+P-,C3,delta,0.12695685,0.13745177
sub-62,A+P-,C3,gamma,-0.060629215,0.0958845
sub-62,A+P-,C3,theta,0.07390556,0.08913232
sub-62,A+P-,C4,alpha,-0.044900298,0.13243783
sub-62,A+P-,C4,beta,-0.03651095,0.13836174
sub-62,A+P-,C4,delta,-0.0054784343,0.081092484
sub-62,A+P-,C4,gamma,-0.033258706,0.13334206
sub-62,A+P-,C4,theta,0.037937712,0.087758265
sub-62,A+P-,Cz,alpha,0.071782224,0.17650498
sub-62,A+P-,Cz,beta,0.0525327,0.21299544
sub-62,A+P-,Cz,delta,0.042966913,0.08560673
sub-62,A+P-,Cz,gamma,0.05109908,0.13992749
sub-62,A+P-,Cz,theta,-0.039451882,0.09464077
sub-62,A+P-,F3,alpha,-0.07148013,0.13385193
sub-62,A+P-,F3,beta,0.049727537,0.12639931
sub-62,A+P-,F3,delta,-0.056133375,0.12752824
sub-62,A+P-,F3,gamma,-0.010034085,0.090650074
sub-62,A+P-,F3,theta,0.038864147,0.09808505
sub-62,A+P-,F4,alpha,-0.031274725,0.13415976
sub-62,A+P-,F4,beta,0.011995353,0.14060386
sub-62,A+P-,F4,delta,-0.057607204,0.12379463
sub-62,A+P-,F4,gamma,0.043604173,0.1299188
sub-62,A+P-,F4,theta,0.035044648,0.1006865
sub-62,A+P-,F7,alpha,-0.11713283,0.22021782
sub-62,A+P-,F7,beta,-0.23238432,0.25357863
sub-62,A+P-,F7,delta,-0.0069054104,0.15684038
sub-62,A+P-,F7,gamma,-0.100351155,0.12474144
sub-62,A+P-,F7,theta,-0.22425653,0.32683
sub-62,A+P-,F8,alpha,0.019870054,0.11256721
sub-62,A+P-,F8,beta,-0.21107738,0.264642
sub-62,A+P-,F8,delta,-0.09036963,0.14124039
sub-62,A+P-,F8,gamma,0.073949955,0.17928448
sub-62,A+P-,F8,theta,-0.039988507,0.104450576
sub-62,A+P-,Fp1,alpha,-0.103627324,0.18349016
sub-62,A+P-,Fp1,beta,-0.049830455,0.16794802
sub-62,A+P-,Fp1,delta,0.114989,0.14723177
sub-62,A+P-,Fp1,gamma,-0.09290221,0.11797503
sub-62,A+P-,Fp1,theta,0.04128081,0.10780275
sub-62,A+P-,Fp2,alpha,-0.14311516,0.19577272
sub-62,A+P-,Fp2,beta,0.011937905,0.20390758
sub-62,A+P-,Fp2,delta,0.12830795,0.15526184
sub-62,A+P-,Fp2,gamma,-0.07770195,0.11576479
sub-62,A+P-,Fp2,theta,-0.049199075,0.10263114
sub-62,A+P-,Fz,alpha,-0.078780614,0.16020197
sub-62,A+P-,Fz,beta,-0.0029404056,0.18621174
sub-62,A+P-,Fz,delta,-0.033140097,0.09346925
sub-62,A+P-,Fz,gamma,-0.051436752,0.15064044
sub-62,A+P-,Fz,theta,0.048525218,0.099798135
sub-62,A+P-,O1,alpha,-0.18363841,0.23810886
sub-62,A+P-,O1,beta,0.0050742542,0.15963906
sub-62,A+P-,O1,delta,0.08110051,0.116483346
sub-62,A+P-,O1,gamma,-0.21038538,0.2386965
sub-62,A+P-,O1,theta,0.020842038,0.10171429
sub-62,A+P-,O2,alpha,-0.20337868,0.23684828
sub-62,A+P-,O2,beta,-0.01761678,0.19489829
sub-62,A+P-,O2,delta,0.28450114,0.2945401
sub-62,A+P-,O2,gamma,-0.02091147,0.1197826
sub-62,A+P-,O2,theta,0.13173717,0.16569774
sub-62,A+P-,P3,alpha,-0.080810934,0.16224329
sub-62,A+P-,P3,beta,-0.026767397,0.14436617
sub-62,A+P-,P3,delta,0.015932532,0.077402405
sub-62,A+P-,P3,gamma,0.08536728,0.13369663
sub-62,A+P-,P3,theta,-0.057286646,0.1397795
sub-62,A+P-,P4,alpha,-0.017054312,0.11631139
sub-62,A+P-,P4,beta,-0.31082863,0.35841653
sub-62,A+P-,P4,delta,0.028140718,0.08411432
sub-62,A+P-,P4,gamma,0.07064514,0.11830678
sub-62,A+P-,P4,theta,-0.060556367,0.12028868
sub-62,A+P-,Pz,alpha,-0.03502521,0.12695748
sub-62,A+P-,Pz,beta,0.011836419,0.15962833
sub-62,A+P-,Pz,delta,-0.097633734,0.1410048
sub-62,A+P-,Pz,gamma,0.013176018,0.11160313
sub-62,A+P-,Pz,theta,-0.14095336,0.17368695
sub-63,A+P-,C3,alpha,-0.007853547,0.09569383
sub-63,A+P-,C3,beta,0.056853548,0.09626536
sub-63,A+P-,C3,delta,0.1825099,0.2125921
sub-63,A+P-,C3,gamma,-0.060517382,0.11629121
sub-63,A+P-,C3,theta,0.14312756,0.16697356
sub-63,A+P-,C4,alpha,-0.04571795,0.10759192
sub-63,A+P-,C4,beta,-0.056169923,0.109588064
sub-63,A+P-,C4,delta,-0.013954042,0.12215371
sub-63,A+P-,C4,gamma,0.035516582,0.19151326
sub-63,A+P-,C4,theta,0.124991775,0.17551406
sub-63,A+P-,Cz,alpha,0.0675004,0.1572893
sub-63,A+P-,Cz,beta,0.10694984,0.17706983
sub-63,A+P-,Cz,delta,0.013292933,0.1336485
sub-63,A+P-,Cz,gamma,0.04449044,0.15466788
sub-63,A+P-,Cz,theta,-0.061356127,0.12766749
sub-63,A+P-,F3,alpha,-0.06347126,0.11490254
sub-63,A+P-,F3,beta,0.02300315,0.08211882
sub-63,A+P-,F3,delta,-0.09944416,0.18101813
sub-63,A+P-,F3,gamma,-0.013336156,0.08199671
sub-63,A+P-,F3,theta,0.06738764,0.12568663
sub-63,A+P-,F4,alpha,-0.004761452,0.10524647
sub-63,A+P-,F4,beta,-0.02039076,0.099764526
sub-63,A+P-,F4,delta,-0.065014586,0.14502966
sub-63,A+P-,F4,gamma,0.006969701,0.09100932
sub-63,A+P-,F4,theta,0.09270439,0.16121158
sub-63,A+P-,F7,alpha,-0.13220692,0.19151962
sub-63,A+P-,F7,beta,-0.23559766,0.24651882
sub-63,A+P-,F7,delta,-0.01659614,0.1610911
sub-63,A+P-,F7,gamma,-0.10941128,0.13234116
sub-63,A+P-,F7,theta,-0.21379527,0.29805696
sub-63,A+P-,F8,alpha,0.0006276194,0.088727556
sub-63,A+P-,F8,beta,-0.25195992,0.29481092
sub-63,A+P-,F8,delta,-0.08637028,0.14028451
sub-63,A+P-,F8,gamma,0.0600044,0.1619379
sub-63,A+P-,F8,theta,-0.011622574,0.13844782
sub-63,A+P-,Fp1,alpha,-0.12211759,0.17309363
sub-63,A+P-,Fp1,beta,-0.04715261,0.16330114
sub-63,A+P-,Fp1,delta,0.11993249,0.15734853
sub-63,A+P-,Fp1,gamma,-0.08723379,0.14068697
sub-63,A+P-,Fp1,theta,0.038164146,0.1044758
sub-63,A+P-,Fp2,alpha,-0.14501983,0.17901199
sub-63,A+P-,Fp2,beta,0.025030328,0.18086505
sub-63,A+P-,Fp2,delta,0.119672276,0.15692289
sub-63,A+P-,Fp2,gamma,-0.064939685,0.12575436
sub-63,A+P-,Fp2,theta,-0.094620615,0.13626713
sub-63,A+P-,Fz,alpha,-0.03512629,0.10573555
sub-63,A+P-,Fz,beta,-0.060069125,0.13703777
sub-63,A+P-,Fz,delta,-0.069317505,0.15330276
sub-63,A+P-,Fz,gamma,-0.08489212,0.15377381
sub-63,A+P-,Fz,theta,0.13702531,0.18632858
sub-63,A+P-,O1,alpha,-0.1886228,0.22131127
sub-63,A+P-,O1,beta,-0.03567596,0.124969915
sub-63,A+P-,O1,delta,0.11372921,0.16145356
sub-63,A+P-,O1,gamma,-0.23955353,0.26340494
sub-63,A+P-,O1,theta,0.02596852,0.121455796
sub-63,A+P-,O2,alpha,-0.16061395,0.18510655
sub-63,A+P-,O2,beta,-0.03626544,0.17664205
sub-63,A+P-,O2,delta,0.35714585,0.3688511
sub-63,A+P-,O2,gamma,-0.06892039,0.16489844
sub-63,A+P-,O2,theta,0.16312005,0.20155288
sub-63,A+P-,P3,alpha,-0.09051409,0.13712288
sub-63,A+P-,P3,beta,-0.07208412,0.1284826
sub-63,A+P-,P3,delta,0.024267968,0.106542416
sub-63,A+P-,P3,gamma,0.06336884,0.15130748
sub-63,A+P-,P3,theta,0.031712715,0.21808112
sub-63,A+P-,P4,alpha,-0.02912719,0.094213225
sub-63,A+P-,P4,beta,-0.28804693,0.31625915
sub-63,A+P-,P4,delta,-0.0013511193,0.13091289
sub-63,A+P-,P4,gamma,0.10527767,0.17144063
sub-63,A+P-,P4,theta,-0.022189638,0.16496643
sub-63,A+P-,Pz,alpha,-0.030397484,0.11004307
sub-63,A+P-,Pz,beta,-0.038488284,0.11664971
sub-63,A+P-,Pz,delta,-0.09826368,0.16169079
sub-63,A+P-,Pz,gamma,-0.0036924726,0.1297572
sub-63,A+P-,Pz,theta,-0.12607853,0.1722018
sub-64,A+P-,C3,alpha,-0.020870272,0.1242854
sub-64,A+P-,C3,beta,0.060572412,0.10147129
sub-64,A+P-,C3,delta,0.18327622,0.20643103
sub-64,A+P-,C3,gamma,-0.05504422,0.0923287
sub-64,A+P-,C3,theta,0.10431429,0.12575448
sub-64,A+P-,C4,alpha,-0.04620826,0.12495793
sub-64,A+P-,C4,beta,-0.049901005,0.11158017
sub-64,A+P-,C4,delta,-0.006354242,0.1243219
sub-64,A+P-,C4,gamma,-0.008659209,0.14307792
sub-64,A+P-,C4,theta,0.11873544,0.1728829
sub-64,A+P-,Cz,alpha,0.058823824,0.15933985
sub-64,A+P-,Cz,beta,0.09540653,0.17952888
sub-64,A+P-,Cz,delta,0.0099405395,0.13412973
sub-64,A+P-,Cz,gamma,0.058994476,0.15853754
sub-64,A+P-,Cz,theta,-0.058668293,0.12624978
sub-64,A+P-,F3,alpha,-0.07186326,0.14018519
sub-64,A+P-,F3,beta,0.02486372,0.08307893
sub-64,A+P-,F3,delta,-0.09265532,0.17078947
sub-64,A+P-,F3,gamma,-0.015319036,0.0724913
sub-64,A+P-,F3,theta,0.06823166,0.12439497
sub-64,A+P-,F4,alpha,-0.039159253,0.1381494
sub-64,A+P-,F4,beta,-0.014813912,0.110368535
sub-64,A+P-,F4,delta,-0.06372797,0.14036289
sub-64,A+P-,F4,gamma,-0.009572491,0.07377132
sub-64,A+P-,F4,theta,0.07215095,0.1457526
sub-64,A+P-,F7,alpha,-0.14974849,0.20939673
sub-64,A+P-,F7,beta,-0.16232632,0.17425719
sub-64,A+P-,F7,delta,-0.020202098,0.19198383
sub-64,A+P-,F7,gamma,-0.070142716,0.084959805
sub-64,A+P-,F7,theta,-0.21251546,0.3049179
sub-64,A+P-,F8,alpha,0.015715437,0.12565833
sub-64,A+P-,F8,beta,-0.19640683,0.22512901
sub-64,A+P-,F8,delta,-0.0804334,0.13895437
sub-64,A+P-,F8,gamma,-0.013612805,0.075218275
sub-64,A+P-,F8,theta,0.022189224,0.1795559
sub-64,A+P-,Fp1,alpha,-0.1115828,0.17536987
sub-64,A+P-,Fp1,beta,-0.05839234,0.19873951
sub-64,A+P-,Fp1,delta,0.10922401,0.14171273
sub-64,A+P-,Fp1,gamma,-0.087068215,0.15504469
sub-64,A+P-,Fp1,theta,0.029525915,0.09029003
sub-64,A+P-,Fp2,alpha,-0.16864581,0.21121918
sub-64,A+P-,Fp2,beta,0.03131258,0.1831791
sub-64,A+P-,Fp2,delta,0.12309326,0.15763557
sub-64,A+P-,Fp2,gamma,-0.06287102,0.11473119
sub-64,A+P-,Fp2,theta,-0.07530655,0.12788342
sub-64,A+P-,Fz,alpha,-0.056547165,0.12751526
sub-64,A+P-,Fz,beta,-0.052245375,0.1496424
sub-64,A+P-,Fz,delta,-0.07649971,0.16406454
sub-64,A+P-,Fz,gamma,-0.043697555,0.12976347
sub-64,A+P-,Fz,theta,0.071056746,0.12214386
sub-64,A+P-,O1,alpha,-0.19642985,0.23749538
sub-64,A+P-,O1,beta,-0.029060261,0.13380347
sub-64,A+P-,O1,delta,0.10346388,0.16015561
sub-64,A+P-,O1,gamma,-0.2458768,0.27393854
sub-64,A+P-,O1,theta,0.022904431,0.11609132
sub-64,A+P-,O2,alpha,-0.23061177,0.2591527
sub-64,A+P-,O2,beta,-0.054994684,0.15967116
sub-64,A+P-,O2,delta,0.34333405,0.3559233
sub-64,A+P-,O2,gamma,-0.02767478,0.11765266
sub-64,A+P-,O2,theta,0.13733648,0.16457108
sub-64,A+P-,P3,alpha,-0.10257743,0.15601335
sub-64,A+P-,P3,beta,-0.057143554,0.12065142
sub-64,A+P-,P3,delta,0.018627921,0.11692161
sub-64,A+P-,P3,gamma,0.06984703,0.13841203
sub-64,A+P-,P3,theta,-0.0110520525,0.18775767
sub-64,A+P-,P4,alpha,-0.032542445,0.11311234
sub-64,A+P-,P4,beta,-0.26474184,0.2936693
sub-64,A+P-,P4,delta,-0.0053978693,0.14106975
sub-64,A+P-,P4,gamma,0.0641864,0.12508987
sub-64,A+P-,P4,theta,-0.048854474,0.15772064
sub-64,A+P-,Pz,alpha,-0.038085856,0.13702965
sub-64,A+P-,Pz,beta,-0.0398922,0.10947305
sub-64,A+P-,Pz,delta,-0.10611584,0.16338187
sub-64,A+P-,Pz,gamma,0.011347367,0.10730316
sub-64,A+P-,Pz,theta,-0.13318104,0.17227069
sub-65,A+P-,C3,alpha,-0.02570621,0.12617472
sub-65,A+P-,C3,beta,0.07020574,0.12453748
sub-65,A+P-,C3,delta,0.17059155,0.19112715
sub-65,A+P-,C3,gamma,-0.05546588,0.117832005
sub-65,A+P-,C3,theta,0.066704184,0.08907649
sub-65,A+P-,C4,alpha,-0.057084426,0.1455607
sub-65,A+P-,C4,beta,-0.04060864,0.12509134
sub-65,A+P-,C4,delta,0.004794172,0.098697275
sub-65,A+P-,C4,gamma,-0.008295845,0.13501708
sub-65,A+P-,C4,theta,0.03434738,0.08750068
sub-65,A+P-,Cz,alpha,0.078077964,0.20517784
sub-65,A+P-,Cz,beta,0.06256327,0.15747869
sub-65,A+P-,Cz,delta,0.021267982,0.10053045
sub-65,A+P-,Cz,gamma,0.05726859,0.1500533
sub-65,A+P-,Cz,theta,-0.040436063,0.09085888
sub-65,A+P-,F3,alpha,-0.070164055,0.13535106
sub-65,A+P-,F3,beta,0.011360056,0.06923247
sub-65,A+P-,F3,delta,-0.15467484,0.21604685
sub-65,A+P-,F3,gamma,-0.010416558,0.06928395
sub-65,A+P-,F3,theta,0.020969482,0.06465618
sub-65,A+P-,F4,alpha,-0.08448539,0.1978645
sub-65,A+P-,F4,beta,-0.02105124,0.1130665
sub-65,A+P-,F4,delta,-0.041716315,0.11682406
sub-65,A+P-,F4,gamma,-0.009912084,0.06526834
sub-65,A+P-,F4,theta,0.019705577,0.09297733
sub-65,A+P-,F7,alpha,-0.1417356,0.26818028
sub-65,A+P-,F7,beta,-0.20571911,0.22141138
sub-65,A+P-,F7,delta,-0.025103537,0.1415435
sub-65,A+P-,F7,gamma,-0.0930964,0.119314164
sub-65,A+P-,F7,theta,-0.26666725,0.30839485
sub-65,A+P-,F8,alpha,-0.0021185963,0.1421877
sub-65,A+P-,F8,beta,-0.19588351,0.23142426
sub-65,A+P-,F8,delta,-0.0969219,0.14505517
sub-65,A+P-,F8,gamma,-0.0027446484,0.08774753
sub-65,A+P-,F8,theta,-0.047985986,0.11777768
sub-65,A+P-,Fp1,alpha,-0.11041395,0.19283462
sub-65,A+P-,Fp1,beta,-0.050886307,0.1576331
sub-65,A+P-,Fp1,delta,0.09994585,0.13921061
sub-65,A+P-,Fp1,gamma,-0.11328499,0.15726426
sub-65,A+P-,Fp1,theta,0.018837733,0.089984044
sub-65,A+P-,Fp2,alpha,-0.16058004,0.21488501
sub-65,A+P-,Fp2,beta,-0.004918701,0.19785927
sub-65,A+P-,Fp2,delta,0.12257687,0.15790272
sub-65,A+P-,Fp2,gamma,-0.109439045,0.14403892
sub-65,A+P-,Fp2,theta,-0.048360255,0.089193635
sub-65,A+P-,Fz,alpha,-0.11998987,0.18276711
sub-65,A+P-,Fz,beta,-0.049527004,0.1430389
sub-65,A+P-,Fz,delta,-0.06060673,0.12797241
sub-65,A+P-,Fz,gamma,-0.034632068,0.13713509
sub-65,A+P-,Fz,theta,0.02375235,0.08047593
sub-65,A+P-,O1,alpha,-0.21131492,0.28991002
sub-65,A+P-,O1,beta,-0.03929307,0.099744186
sub-65,A+P-,O1,delta,0.048322897,0.07509419
sub-65,A+P-,O1,gamma,-0.04189451,0.0680283
sub-65,A+P-,O1,theta,0.009880767,0.039777454
sub-65,A+P-,O2,alpha,-0.2949502,0.33463994
sub-65,A+P-,O2,beta,-0.0801486,0.14066766
sub-65,A+P-,O2,delta,0.16260055,0.1741983
sub-65,A+P-,O2,gamma,-0.034416452,0.07237666
sub-65,A+P-,O2,theta,0.04487857,0.06027151
sub-65,A+P-,P3,alpha,-0.104756735,0.18957028
sub-65,A+P-,P3,beta,-0.03739341,0.13387026
sub-65,A+P-,P3,delta,0.008826279,0.09936024
sub-65,A+P-,P3,gamma,0.08746606,0.12772581
sub-65,A+P-,P3,theta,-0.068861894,0.12250698
sub-65,A+P-,P4,alpha,-0.036731627,0.12005559
sub-65,A+P-,P4,beta,-0.34227738,0.38190156
sub-65,A+P-,P4,delta,-0.008704941,0.13643801
sub-65,A+P-,P4,gamma,0.070667826,0.13133807
sub-65,A+P-,P4,theta,-0.08920019,0.14594461
sub-65,A+P-,Pz,alpha,-0.043387152,0.13045448
sub-65,A+P-,Pz,beta,-0.029346237,0.15037332
sub-65,A+P-,Pz,delta,-0.14720815,0.19152956
sub-65,A+P-,Pz,gamma,0.016283775,0.12405516
sub-65,A+P-,Pz,theta,-0.15910235,0.18939812
sub-66,A+P-,C3,alpha,-0.018551145,0.109722055
sub-66,A+P-,C3,beta,0.053829614,0.0906709
sub-66,A+P-,C3,delta,0.18182793,0.22456446
sub-66,A+P-,C3,gamma,-0.034210667,0.076862305
sub-66,A+P-,C3,theta,0.10080111,0.12512565
sub-66,A+P-,C4,alpha,-0.04733608,0.11005098
sub-66,A+P-,C4,beta,-0.03697267,0.10619659
sub-66,A+P-,C4,delta,0.010908873,0.13508153
sub-66,A+P-,C4,gamma,-0.0053203255,0.12217038
sub-66,A+P-,C4,theta,0.12072762,0.17518249
sub-66,A+P-,Cz,alpha,0.05452853,0.16570693
sub-66,A+P-,Cz,beta,0.09516711,0.18633507
sub-66,A+P-,Cz,delta,0.006340351,0.12228829
sub-66,A+P-,Cz,gamma,0.08718761,0.18341282
sub-66,A+P-,Cz,theta,-0.056587216,0.12689802
sub-66,A+P-,F3,alpha,-0.06270641,0.14228138
sub-66,A+P-,F3,beta,0.015959319,0.07047766
sub-66,A+P-,F3,delta,-0.1127524,0.18624711
sub-66,A+P-,F3,gamma,-0.0075017023,0.07473491
sub-66,A+P-,F3,theta,0.032359943,0.07640008
sub-66,A+P-,F4,alpha,-0.0843115,0.18366003
sub-66,A+P-,F4,beta,-0.029321238,0.08783702
sub-66,A+P-,F4,delta,-0.049682852,0.13522577
sub-66,A+P-,F4,gamma,-0.012610415,0.062569514
sub-66,A+P-,F4,theta,0.022810273,0.090854004
sub-66,A+P-,F7,alpha,-0.13653223,0.20270202
sub-66,A+P-,F7,beta,-0.10854072,0.12078544
sub-66,A+P-,F7,delta,-0.032691583,0.20640713
sub-66,A+P-,F7,gamma,-0.06308446,0.08138169
sub-66,A+P-,F7,theta,-0.2124147,0.25404048
sub-66,A+P-,F8,alpha,-0.001970232,0.12403993
sub-66,A+P-,F8,beta,-0.11795259,0.14590615
sub-66,A+P-,F8,delta,-0.09083137,0.1587274
sub-66,A+P-,F8,gamma,-0.011798732,0.054740418
sub-66,A+P-,F8,theta,-0.03813054,0.09332914
sub-66,A+P-,Fp1,alpha,-0.08820438,0.17717466
sub-66,A+P-,Fp1,beta,0.01052493,0.09701444
sub-66,A+P-,Fp1,delta,0.09995132,0.15730259
sub-66,A+P-,Fp1,gamma,-0.07292947,0.09628125
sub-66,A+P-,Fp1,theta,0.011900034,0.07284591
sub-66,A+P-,Fp2,alpha,-0.15039338,0.20370656
sub-66,A+P-,Fp2,beta,0.051031314,0.12941232
sub-66,A+P-,Fp2,delta,0.12173686,0.16893245
sub-66,A+P-,Fp2,gamma,-0.0436437,0.06861173
sub-66,A+P-,Fp2,theta,-0.04110627,0.07810029
sub-66,A+P-,Fz,alpha,-0.12130215,0.18812172
sub-66,A+P-,Fz,beta,-0.06578881,0.123069406
sub-66,A+P-,Fz,delta,-0.041990083,0.12668699
sub-66,A+P-,Fz,gamma,-0.03762398,0.13458449
sub-66,A+P-,Fz,theta,0.029504528,0.08251643
sub-66,A+P-,O1,alpha,-0.20463358,0.25088954
sub-66,A+P-,O1,beta,-0.023487333,0.13691425
sub-66,A+P-,O1,delta,0.08175554,0.13650121
sub-66,A+P-,O1,gamma,-0.28890383,0.34136063
sub-66,A+P-,O1,theta,0.0015913427,0.1000989
sub-66,A+P-,O2,alpha,-0.2741283,0.30143538
sub-66,A+P-,O2,beta,-0.071324386,0.13292705
sub-66,A+P-,O2,delta,0.30300868,0.31866607
sub-66,A+P-,O2,gamma,-0.018837584,0.14397247
sub-66,A+P-,O2,theta,0.08155851,0.106972106
sub-66,A+P-,P3,alpha,-0.116554536,0.186147
sub-66,A+P-,P3,beta,-0.028647022,0.08271834
sub-66,A+P-,P3,delta,0.016055629,0.10657043
sub-66,A+P-,P3,gamma,0.0847252,0.1572424
sub-66,A+P-,P3,theta,-0.07492424,0.13535398
sub-66,A+P-,P4,alpha,-0.039109882,0.13634866
sub-66,A+P-,P4,beta,-0.12384162,0.15955943
sub-66,A+P-,P4,delta,-0.0028282676,0.12906532
sub-66,A+P-,P4,gamma,0.030499436,0.084757455
sub-66,A+P-,P4,theta,-0.08552635,0.12552579
sub-66,A+P-,Pz,alpha,-0.04472601,0.16013479
sub-66,A+P-,Pz,beta,-0.027985128,0.09371002
sub-66,A+P-,Pz,delta,-0.11483747,0.1618428
sub-66,A+P-,Pz,gamma,0.028389389,0.09748067
sub-66,A+P-,Pz,theta,-0.14377931,0.16519338
sub-67,A+P-,C3,alpha,-0.061197165,0.15746564
sub-67,A+P-,C3,beta,0.061777253,0.10149179
sub-67,A+P-,C3,delta,0.12636201,0.13890299
sub-67,A+P-,C3,gamma,-0.033612557,0.09801593
sub-67,A+P-,C3,theta,0.07267933,0.09551687
sub-67,A+P-,C4,alpha,-0.055499967,0.15141347
sub-67,A+P-,C4,beta,-0.026841614,0.1180723
sub-67,A+P-,C4,delta,0.011876268,0.08678853
sub-67,A+P-,C4,gamma,-0.02245794,0.09410581
sub-67,A+P-,C4,theta,0.064352766,0.12050186
sub-67,A+P-,Cz,alpha,0.07028288,0.19010897
sub-67,A+P-,Cz,beta,0.056622397,0.18180001
sub-67,A+P-,Cz,delta,0.035974097,0.08699033
sub-67,A+P-,Cz,gamma,0.07897249,0.15298967
sub-67,A+P-,Cz,theta,-0.043041788,0.10196392
sub-67,A+P-,F3,alpha,-0.06222981,0.16606538
sub-67,A+P-,F3,beta,0.02323798,0.095031
sub-67,A+P-,F3,delta,-0.03646742,0.092427835
sub-67,A+P-,F3,gamma,0.008657866,0.09001785
sub-67,A+P-,F3,theta,0.02858502,0.07755873
sub-67,A+P-,F4,alpha,-0.08723973,0.18754815
sub-67,A+P-,F4,beta,-0.012109805,0.12025485
sub-67,A+P-,F4,delta,-0.016526524,0.08961376
sub-67,A+P-,F4,gamma,0.021213321,0.08861511
sub-67,A+P-,F4,theta,0.020904876,0.09343163
sub-67,A+P-,F7,alpha,-0.15152206,0.26931491
sub-67,A+P-,F7,beta,-0.213657,0.23625877
sub-67,A+P-,F7,delta,-0.007416264,0.12547696
sub-67,A+P-,F7,gamma,-0.10989891,0.13905194
sub-67,A+P-,F7,theta,-0.2429681,0.31776708
sub-67,A+P-,F8,alpha,-0.029144313,0.16229975
sub-67,A+P-,F8,beta,-0.14360778,0.17882879
sub-67,A+P-,F8,delta,-0.05988934,0.11371316
sub-67,A+P-,F8,gamma,-0.008110357,0.05307022
sub-67,A+P-,F8,theta,-0.049613614,0.12854232
sub-67,A+P-,Fp1,alpha,-0.09033621,0.2084908
sub-67,A+P-,Fp1,beta,-0.026039213,0.14312768
sub-67,A+P-,Fp1,delta,0.09334019,0.1183556
sub-67,A+P-,Fp1,gamma,-0.09081793,0.1349098
sub-67,A+P-,Fp1,theta,0.014592162,0.08161863
sub-67,A+P-,Fp2,alpha,-0.1602785,0.23565736
sub-67,A+P-,Fp2,beta,0.0051205647,0.17850965
sub-67,A+P-,Fp2,delta,0.119466245,0.13876143
sub-67,A+P-,Fp2,gamma,-0.065041035,0.096269995
sub-67,A+P-,Fp2,theta,-0.040742483,0.09062163
sub-67,A+P-,Fz,alpha,-0.11670989,0.19420815
sub-67,A+P-,Fz,beta,-0.040045615,0.14715637
sub-67,A+P-,Fz,delta,-0.03271217,0.078016326
sub-67,A+P-,Fz,gamma,-0.01569237,0.08545684
sub-67,A+P-,Fz,theta,0.022874162,0.072537065
sub-67,A+P-,O1,alpha,-0.18975498,0.26163855
sub-67,A+P-,O1,beta,-0.03503951,0.10900761
sub-67,A+P-,O1,delta,0.06739373,0.109828405
sub-67,A+P-,O1,gamma,-0.14044099,0.17338747
sub-67,A+P-,O1,theta,-0.008254707,0.116842985
sub-67,A+P-,O2,alpha,-0.24235901,0.28470734
sub-67,A+P-,O2,beta,-0.07116963,0.13631955
sub-67,A+P-,O2,delta,0.2178818,0.22911148
sub-67,A+P-,O2,gamma,0.00041880138,0.1308931
sub-67,A+P-,O2,theta,0.08918905,0.13028848
sub-67,A+P-,P3,alpha,-0.11482682,0.19827956
sub-67,A+P-,P3,beta,-0.01964217,0.10148468
sub-67,A+P-,P3,delta,0.03033315,0.06649511
sub-67,A+P-,P3,gamma,0.08246312,0.103608295
sub-67,A+P-,P3,theta,-0.067377,0.13818336
sub-67,A+P-,P4,alpha,-0.0370072,0.14676604
sub-67,A+P-,P4,beta,-0.22465868,0.261383
sub-67,A+P-,P4,delta,0.017396815,0.060352944
sub-67,A+P-,P4,gamma,0.011813203,0.051701967
sub-67,A+P-,P4,theta,-0.06681688,0.13159908
sub-67,A+P-,Pz,alpha,-0.053955566,0.17114688
sub-67,A+P-,Pz,beta,-0.021354936,0.11589371
sub-67,A+P-,Pz,delta,-0.032885104,0.071646206
sub-67,A+P-,Pz,gamma,0.015798956,0.063055
sub-67,A+P-,Pz,theta,-0.13164863,0.15085065
sub-68,A+P-,C3,alpha,-0.045055386,0.14423639
sub-68,A+P-,C3,beta,0.07530295,0.11409069
sub-68,A+P-,C3,delta,0.14841256,0.16120954
sub-68,A+P-,C3,gamma,-0.022701923,0.106796436
sub-68,A+P-,C3,theta,0.052610423,0.0685719
sub-68,A+P-,C4,alpha,-0.052780602,0.13905954
sub-68,A+P-,C4,beta,-0.02222979,0.11385112
sub-68,A+P-,C4,delta,0.017080406,0.09994666
sub-68,A+P-,C4,gamma,0.06814485,0.20830096
sub-68,A+P-,C4,theta,0.038034175,0.08095774
sub-68,A+P-,Cz,alpha,0.056898884,0.17028902
sub-68,A+P-,Cz,beta,0.04486106,0.20960186
sub-68,A+P-,Cz,delta,0.029883215,0.09742536
sub-68,A+P-,Cz,gamma,0.09676279,0.18205523
sub-68,A+P-,Cz,theta,-0.037346255,0.08566992
sub-68,A+P-,F3,alpha,-0.053409424,0.16729125
sub-68,A+P-,F3,beta,0.019376568,0.07573212
sub-68,A+P-,F3,delta,-0.06502546,0.13364492
sub-68,A+P-,F3,gamma,0.0020961778,0.07549515
sub-68,A+P-,F3,theta,0.025693772,0.06782264
sub-68,A+P-,F4,alpha,-0.079991624,0.18694982
sub-68,A+P-,F4,beta,-0.019731317,0.10597354
sub-68,A+P-,F4,delta,-0.0272077,0.10320758
sub-68,A+P-,F4,gamma,0.012667545,0.08579287
sub-68,A+P-,F4,theta,0.007932969,0.07449322
sub-68,A+P-,F7,alpha,-0.1195293,0.25255525
sub-68,A+P-,F7,beta,-0.1648204,0.18875259
sub-68,A+P-,F7,delta,-0.0057614576,0.1402179
sub-68,A+P-,F7,gamma,-0.0911737,0.1403251
sub-68,A+P-,F7,theta,-0.2424463,0.26906794
sub-68,A+P-,F8,alpha,-0.008773437,0.14275016
sub-68,A+P-,F8,beta,-0.1406058,0.17900285
sub-68,A+P-,F8,delta,-0.07997671,0.1327063
sub-68,A+P-,F8,gamma,0.038926385,0.12742239
sub-68,A+P-,F8,theta,-0.051760368,0.08463125
sub-68,A+P-,Fp1,alpha,-0.08287173,0.20845577
sub-68,A+P-,Fp1,beta,-0.025803503,0.13177003
sub-68,A+P-,Fp1,delta,0.082230784,0.1057143
sub-68,A+P-,Fp1,gamma,-0.098447025,0.14127243
sub-68,A+P-,Fp1,theta,0.007929752,0.06462904
sub-68,A+P-,Fp2,alpha,-0.1466212,0.2273207
sub-68,A+P-,Fp2,beta,0.010996884,0.1697322
sub-68,A+P-,Fp2,delta,0.10623007,0.12146496
sub-68,A+P-,Fp2,gamma,-0.11958032,0.16390204
sub-68,A+P-,Fp2,theta,-0.022928528,0.06213199
sub-68,A+P-,Fz,alpha,-0.1158273,0.19394667
sub-68,A+P-,Fz,beta,-0.035891708,0.14396536
sub-68,A+P-,Fz,delta,-0.028419307,0.084872045
sub-68,A+P-,Fz,gamma,-0.011663089,0.11812047
sub-68,A+P-,Fz,theta,0.024025647,0.070089824
sub-68,A+P-,O1,alpha,-0.18991247,0.2623748
sub-68,A+P-,O1,beta,-0.021991715,0.13870052
sub-68,A+P-,O1,delta,0.056840375,0.08364228
sub-68,A+P-,O1,gamma,-0.2796741,0.34275985
sub-68,A+P-,O1,theta,-0.0022121328,0.07463639
sub-68,A+P-,O2,alpha,-0.2559595,0.2914333
sub-68,A+P-,O2,beta,-0.034939826,0.17428534
sub-68,A+P-,O2,delta,0.23282877,0.24365684
sub-68,A+P-,O2,gamma,-0.021633243,0.18909082
sub-68,A+P-,O2,theta,0.07000849,0.09567143
sub-68,A+P-,P3,alpha,-0.09852786,0.19402583
sub-68,A+P-,P3,beta,-0.011199899,0.07278661
sub-68,A+P-,P3,delta,0.027443416,0.060002957
sub-68,A+P-,P3,gamma,0.10694573,0.14436463
sub-68,A+P-,P3,theta,-0.05260071,0.062683016
sub-68,A+P-,P4,alpha,-0.018993279,0.1462566
sub-68,A+P-,P4,beta,-0.11205069,0.15364759
sub-68,A+P-,P4,delta,0.032789692,0.060987167
sub-68,A+P-,P4,gamma,0.04103407,0.091981106
sub-68,A+P-,P4,theta,-0.024214394,0.04198512
sub-68,A+P-,Pz,alpha,-0.042114753,0.17194055
sub-68,A+P-,Pz,beta,-0.022227377,0.086558685
sub-68,A+P-,Pz,delta,-0.06533086,0.0992643
sub-68,A+P-,Pz,gamma,0.023500537,0.080579616
sub-68,A+P-,Pz,theta,-0.087175,0.09405748
sub-70,A+P-,C3,alpha,-0.015673468,0.111705355
sub-70,A+P-,C3,beta,0.080569334,0.12472845
sub-70,A+P-,C3,delta,0.1913804,0.21035628
sub-70,A+P-,C3,gamma,-0.0384987,0.086705886
sub-70,A+P-,C3,theta,0.1428864,0.17184281
sub-70,A+P-,C4,alpha,-0.044372924,0.1259866
sub-70,A+P-,C4,beta,-0.04661263,0.11974863
sub-70,A+P-,C4,delta,0.012712613,0.117639005
sub-70,A+P-,C4,gamma,-0.0228001,0.09575406
sub-70,A+P-,C4,theta,0.13979986,0.19700915
sub-70,A+P-,Cz,alpha,0.061447892,0.16759166
sub-70,A+P-,Cz,beta,0.08940765,0.16869783
sub-70,A+P-,Cz,delta,0.013627723,0.12888378
sub-70,A+P-,Cz,gamma,0.070930526,0.15151756
sub-70,A+P-,Cz,theta,-0.051168554,0.11951309
sub-70,A+P-,F3,alpha,-0.06785327,0.14148045
sub-70,A+P-,F3,beta,0.023785152,0.08358345
sub-70,A+P-,F3,delta,-0.05586286,0.13764504
sub-70,A+P-,F3,gamma,-0.00673953,0.071125105
sub-70,A+P-,F3,theta,0.08539687,0.14307569
sub-70,A+P-,F4,alpha,-0.08114508,0.18901013
sub-70,A+P-,F4,beta,-0.01941338,0.10112312
sub-70,A+P-,F4,delta,-0.03558784,0.11896698
sub-70,A+P-,F4,gamma,-0.0022883185,0.060516536
sub-70,A+P-,F4,theta,0.07727566,0.15525413
sub-70,A+P-,F7,alpha,-0.15146424,0.24936229
sub-70,A+P-,F7,beta,-0.20678718,0.22007582
sub-70,A+P-,F7,delta,0.018978527,0.15312037
sub-70,A+P-,F7,gamma,-0.102531135,0.123328224
sub-70,A+P-,F7,theta,-0.18362814,0.33467236
sub-70,A+P-,F8,alpha,0.0040636924,0.1366157
sub-70,A+P-,F8,beta,-0.17763232,0.21464911
sub-70,A+P-,F8,delta,-0.066763155,0.12859803
sub-70,A+P-,F8,gamma,0.018577695,0.09921773
sub-70,A+P-,F8,theta,-0.014024332,0.14361116
sub-70,A+P-,Fp1,alpha,-0.10593708,0.18086521
sub-70,A+P-,Fp1,beta,-0.0020402193,0.12170127
sub-70,A+P-,Fp1,delta,0.11876052,0.16229771
sub-70,A+P-,Fp1,gamma,-0.08054605,0.10426116
sub-70,A+P-,Fp1,theta,0.035498127,0.10612824
sub-70,A+P-,Fp2,alpha,-0.1692492,0.22011484
sub-70,A+P-,Fp2,beta,0.036275186,0.16389573
sub-70,A+P-,Fp2,delta,0.1400993,0.1694058
sub-70,A+P-,Fp2,gamma,-0.053550694,0.08549797
sub-70,A+P-,Fp2,theta,-0.056516796,0.11226979
sub-70,A+P-,Fz,alpha,-0.10151837,0.17244059
sub-70,A+P-,Fz,beta,-0.054195054,0.12548007
sub-70,A+P-,Fz,delta,-0.03838493,0.11860892
sub-70,A+P-,Fz,gamma,-0.012907117,0.09931552
sub-70,A+P-,Fz,theta,0.074638255,0.12895462
sub-70,A+P-,O1,alpha,-0.20120251,0.26741987
sub-70,A+P-,O1,beta,-0.03759638,0.106605075
sub-70,A+P-,O1,delta,0.08858911,0.13622698
sub-70,A+P-,O1,gamma,-0.07646999,0.10080099
sub-70,A+P-,O1,theta,0.0099920165,0.10626752
sub-70,A+P-,O2,alpha,-0.28107467,0.31648895
sub-70,A+P-,O2,beta,-0.074587554,0.1230143
sub-70,A+P-,O2,delta,0.28202215,0.2929985
sub-70,A+P-,O2,gamma,-0.034378868,0.066809975
sub-70,A+P-,O2,theta,0.10947472,0.14032602
sub-70,A+P-,P3,alpha,-0.112510055,0.17499405
sub-70,A+P-,P3,beta,-0.05662722,0.13787821
sub-70,A+P-,P3,delta,0.027492432,0.101501554
sub-70,A+P-,P3,gamma,0.09079364,0.120346844
sub-70,A+P-,P3,theta,-0.00011138739,0.20622936
sub-70,A+P-,P4,alpha,-0.037900098,0.13345045
sub-70,A+P-,P4,beta,-0.2619236,0.2931781
sub-70,A+P-,P4,delta,0.020227626,0.1210105
sub-70,A+P-,P4,gamma,0.041424364,0.088056944
sub-70,A+P-,P4,theta,-0.054063823,0.1715204
sub-70,A+P-,Pz,alpha,-0.03934777,0.1286377
sub-70,A+P-,Pz,beta,-0.026519345,0.13900359
sub-70,A+P-,Pz,delta,-0.10937761,0.16542792
sub-70,A+P-,Pz,gamma,0.031756748,0.095799334
sub-70,A+P-,Pz,theta,-0.1370145,0.19153427
sub-71,A+P-,C3,alpha,-0.0148323495,0.1189039
sub-71,A+P-,C3,beta,0.07514974,0.118823975
sub-71,A+P-,C3,delta,0.12931614,0.13891232
sub-71,A+P-,C3,gamma,-0.0333771,0.15710461
sub-71,A+P-,C3,theta,0.07421678,0.090205334
sub-71,A+P-,C4,alpha,-0.049560938,0.14738704
sub-71,A+P-,C4,beta,-0.037674535,0.10605565
sub-71,A+P-,C4,delta,0.003739153,0.08444102
sub-71,A+P-,C4,gamma,0.029108152,0.18186745
sub-71,A+P-,C4,theta,0.0741178,0.12447397
sub-71,A+P-,Cz,alpha,0.063577905,0.16642699
sub-71,A+P-,Cz,beta,0.059316766,0.19889586
sub-71,A+P-,Cz,delta,0.039493877,0.09607765
sub-71,A+P-,Cz,gamma,0.06208324,0.14514416
sub-71,A+P-,Cz,theta,-0.04721941,0.10367118
sub-71,A+P-,F3,alpha,-0.068439625,0.14625698
sub-71,A+P-,F3,beta,0.036647,0.10721972
sub-71,A+P-,F3,delta,-0.017145634,0.08752618
sub-71,A+P-,F3,gamma,-0.0068574497,0.100909255
sub-71,A+P-,F3,theta,0.042775758,0.10619501
sub-71,A+P-,F4,alpha,-0.044057764,0.14335652
sub-71,A+P-,F4,beta,-0.0009039717,0.12686533
sub-71,A+P-,F4,delta,-0.03046382,0.1011108
sub-71,A+P-,F4,gamma,0.064702384,0.1387404
sub-71,A+P-,F4,theta,0.04052261,0.112361826
sub-71,A+P-,F7,alpha,-0.13726327,0.23811172
sub-71,A+P-,F7,beta,-0.2515255,0.27196768
sub-71,A+P-,F7,delta,-0.0017071097,0.111180216
sub-71,A+P-,F7,gamma,-0.15626289,0.20568371
sub-71,A+P-,F7,theta,-0.22680296,0.32802576
sub-71,A+P-,F8,alpha,0.0055402163,0.14196461
sub-71,A+P-,F8,beta,-0.24096845,0.28292203
sub-71,A+P-,F8,delta,-0.057220712,0.092581056
sub-71,A+P-,F8,gamma,0.10724006,0.20825076
sub-71,A+P-,F8,theta,-0.058328636,0.11253887
sub-71,A+P-,Fp1,alpha,-0.103740096,0.19901067
sub-71,A+P-,Fp1,beta,-0.049590793,0.16019902
sub-71,A+P-,Fp1,delta,0.102805555,0.12061215
sub-71,A+P-,Fp1,gamma,-0.08673555,0.11560709
sub-71,A+P-,Fp1,theta,0.037136402,0.10561376
sub-71,A+P-,Fp2,alpha,-0.15583812,0.22002907
sub-71,A+P-,Fp2,beta,0.008812379,0.19894609
sub-71,A+P-,Fp2,delta,0.11209928,0.12837552
sub-71,A+P-,Fp2,gamma,-0.063626476,0.10354661
sub-71,A+P-,Fp2,theta,-0.05331597,0.10107013
sub-71,A+P-,Fz,alpha,-0.071509466,0.14630823
sub-71,A+P-,Fz,beta,-0.013407437,0.16848348
sub-71,A+P-,Fz,delta,-0.04117854,0.10938443
sub-71,A+P-,Fz,gamma,-0.043706797,0.13964538
sub-71,A+P-,Fz,theta,0.05831404,0.116021015
sub-71,A+P-,O1,alpha,-0.17711243,0.23079768
sub-71,A+P-,O1,beta,-0.016166806,0.13570234
sub-71,A+P-,O1,delta,0.087549396,0.12288044
sub-71,A+P-,O1,gamma,-0.26212412,0.2914321
sub-71,A+P-,O1,theta,0.008219054,0.11709057
sub-71,A+P-,O2,alpha,-0.19973077,0.23139408
sub-71,A+P-,O2,beta,-0.031623352,0.17068614
sub-71,A+P-,O2,delta,0.31104645,0.32126674
sub-71,A+P-,O2,gamma,-0.030786322,0.14937401
sub-71,A+P-,O2,theta,0.13528295,0.18422103
sub-71,A+P-,P3,alpha,-0.09057762,0.16453494
sub-71,A+P-,P3,beta,-0.03138637,0.101908244
sub-71,A+P-,P3,delta,0.019265823,0.09435539
sub-71,A+P-,P3,gamma,0.08983861,0.14425465
sub-71,A+P-,P3,theta,-0.04213648,0.17129275
sub-71,A+P-,P4,alpha,-0.018343179,0.120885074
sub-71,A+P-,P4,beta,-0.21291259,0.24764606
sub-71,A+P-,P4,delta,0.022598475,0.10288789
sub-71,A+P-,P4,gamma,0.06610829,0.114375114
sub-71,A+P-,P4,theta,-0.048262745,0.15999533
sub-71,A+P-,Pz,alpha,-0.049953185,0.15307261
sub-71,A+P-,Pz,beta,-0.013565792,0.10590985
sub-71,A+P-,Pz,delta,-0.07193217,0.115941525
sub-71,A+P-,Pz,gamma,0.015695632,0.10005617
sub-71,A+P-,Pz,theta,-0.14565209,0.17324312
sub-72,A+P-,C3,alpha,0.0046759034,0.09149328
sub-72,A+P-,C3,beta,0.034897804,0.1567608
sub-72,A+P-,C3,delta,0.12817885,0.15009654
sub-72,A+P-,C3,gamma,-0.066736236,0.10176672
sub-72,A+P-,C3,theta,0.07546236,0.08924083
sub-72,A+P-,C4,alpha,-0.039298274,0.10525892
sub-72,A+P-,C4,beta,-0.039642986,0.1292274
sub-72,A+P-,C4,delta,-0.015790287,0.08882955
sub-72,A+P-,C4,gamma,-0.023506684,0.14664377
sub-72,A+P-,C4,theta,0.044946916,0.09059242
sub-72,A+P-,Cz,alpha,0.04190411,0.128357
sub-72,A+P-,Cz,beta,0.040627047,0.22758374
sub-72,A+P-,Cz,delta,0.034962237,0.1047367
sub-72,A+P-,Cz,gamma,0.03349887,0.15141335
sub-72,A+P-,Cz,theta,-0.038099732,0.090466425
sub-72,A+P-,F3,alpha,-0.057200808,0.10693839
sub-72,A+P-,F3,beta,0.043466996,0.13206854
sub-72,A+P-,F3,delta,-0.027095076,0.09831054
sub-72,A+P-,F3,gamma,-0.014451541,0.10588599
sub-72,A+P-,F3,theta,0.043824654,0.09900462
sub-72,A+P-,F4,alpha,0.012252002,0.087615974
sub-72,A+P-,F4,beta,0.003987493,0.13862103
sub-72,A+P-,F4,delta,-0.041993707,0.10180768
sub-72,A+P-,F4,gamma,0.07930808,0.18580756
sub-72,A+P-,F4,theta,0.053171355,0.1116729
sub-72,A+P-,F7,alpha,-0.11075938,0.18049103
sub-72,A+P-,F7,beta,-0.28248447,0.3101141
sub-72,A+P-,F7,delta,-0.008689634,0.13654
sub-72,A+P-,F7,gamma,-0.13454507,0.16235854
sub-72,A+P-,F7,theta,-0.21686067,0.29471332
sub-72,A+P-,F8,alpha,0.015496282,0.104772665
sub-72,A+P-,F8,beta,-0.21892655,0.29443923
sub-72,A+P-,F8,delta,-0.0820474,0.12684676
sub-72,A+P-,F8,gamma,0.00426258,0.106836095
sub-72,A+P-,F8,theta,-0.027468588,0.12382305
sub-72,A+P-,Fp1,alpha,-0.09266013,0.1531523
sub-72,A+P-,Fp1,beta,-0.07704531,0.18639702
sub-72,A+P-,Fp1,delta,0.11005261,0.14062446
sub-72,A+P-,Fp1,gamma,-0.10791862,0.15214844
sub-72,A+P-,Fp1,theta,0.039456613,0.10154016
sub-72,A+P-,Fp2,alpha,-0.11261475,0.1556775
sub-72,A+P-,Fp2,beta,0.030102352,0.1991566
sub-72,A+P-,Fp2,delta,0.108389325,0.13898784
sub-72,A+P-,Fp2,gamma,-0.08115646,0.13771214
sub-72,A+P-,Fp2,theta,-0.06622125,0.11179313
sub-72,A+P-,Fz,alpha,-0.03402236,0.10029911
sub-72,A+P-,Fz,beta,0.002054467,0.19905199
sub-72,A+P-,Fz,delta,-0.054082055,0.11485489
sub-72,A+P-,Fz,gamma,-0.13832642,0.22603585
sub-72,A+P-,Fz,theta,0.06779216,0.11403857
sub-72,A+P-,O1,alpha,-0.15193562,0.18695262
sub-72,A+P-,O1,beta,0.011101424,0.16134919
sub-72,A+P-,O1,delta,0.09375894,0.13240731
sub-72,A+P-,O1,gamma,-0.26227245,0.294506
sub-72,A+P-,O1,theta,0.03546468,0.10569337
sub-72,A+P-,O2,alpha,-0.13625853,0.16138217
sub-72,A+P-,O2,beta,-0.013593604,0.20275968
sub-72,A+P-,O2,delta,0.32180855,0.33473325
sub-72,A+P-,O2,gamma,-0.046467718,0.15731375
sub-72,A+P-,O2,theta,0.14603762,0.17332718
sub-72,A+P-,P3,alpha,-0.058226228,0.11741359
sub-72,A+P-,P3,beta,-0.04715622,0.14941849
sub-72,A+P-,P3,delta,0.004338192,0.10093985
sub-72,A+P-,P3,gamma,0.07706471,0.16664332
sub-72,A+P-,P3,theta,-0.028164739,0.14935046
sub-72,A+P-,P4,alpha,-0.01578834,0.07982458
sub-72,A+P-,P4,beta,-0.30324307,0.34623966
sub-72,A+P-,P4,delta,0.0057260334,0.10885426
sub-72,A+P-,P4,gamma,0.11855891,0.1765197
sub-72,A+P-,P4,theta,-0.03304093,0.12991652
sub-72,A+P-,Pz,alpha,-0.024224764,0.1007867
sub-72,A+P-,Pz,beta,0.012341671,0.15075703
sub-72,A+P-,Pz,delta,-0.08810052,0.14278142
sub-72,A+P-,Pz,gamma,-0.0009588388,0.14355429
sub-72,A+P-,Pz,theta,-0.12053744,0.15630586
sub-73,A+P-,C3,alpha,-0.016933275,0.11663076
sub-73,A+P-,C3,beta,0.07165049,0.14614709
sub-73,A+P-,C3,delta,0.1355834,0.15173894
sub-73,A+P-,C3,gamma,-0.061791595,0.09929232
sub-73,A+P-,C3,theta,0.06648814,0.08198998
sub-73,A+P-,C4,alpha,-0.047072556,0.12836611
sub-73,A+P-,C4,beta,-0.03281324,0.13186206
sub-73,A+P-,C4,delta,-0.0144910645,0.10361606
sub-73,A+P-,C4,gamma,-0.023730868,0.13853534
sub-73,A+P-,C4,theta,0.034606956,0.083772585
sub-73,A+P-,Cz,alpha,0.058761958,0.1679235
sub-73,A+P-,Cz,beta,0.054397237,0.20474355
sub-73,A+P-,Cz,delta,0.03007447,0.09553308
sub-73,A+P-,Cz,gamma,0.068681955,0.17111954
sub-73,A+P-,Cz,theta,-0.040909898,0.09060913
sub-73,A+P-,F3,alpha,-0.06467978,0.14410529
sub-73,A+P-,F3,beta,0.037660144,0.107725374
sub-73,A+P-,F3,delta,-0.07046861,0.14204201
sub-73,A+P-,F3,gamma,-0.0112388395,0.07603882
sub-73,A+P-,F3,theta,0.024176007,0.07303609
sub-73,A+P-,F4,alpha,-0.051033407,0.15238744
sub-73,A+P-,F4,beta,-0.0023825215,0.13377078
sub-73,A+P-,F4,delta,-0.047371343,0.11274866
sub-73,A+P-,F4,gamma,0.0074477154,0.09286288
sub-73,A+P-,F4,theta,0.024786279,0.08481768
sub-73,A+P-,F7,alpha,-0.11029314,0.21075065
sub-73,A+P-,F7,beta,-0.2353171,0.26007825
sub-73,A+P-,F7,delta,-0.019100452,0.15830876
sub-73,A+P-,F7,gamma,-0.1006802,0.12570204
sub-73,A+P-,F7,theta,-0.24695554,0.30799562
sub-73,A+P-,F8,alpha,0.011861367,0.12586378
sub-73,A+P-,F8,beta,-0.21870208,0.2617661
sub-73,A+P-,F8,delta,-0.08998918,0.13788308
sub-73,A+P-,F8,gamma,-0.013588227,0.081924014
sub-73,A+P-,F8,theta,-0.044509836,0.120153084
sub-73,A+P-,Fp1,alpha,-0.09021196,0.1758746
sub-73,A+P-,Fp1,beta,-0.04965191,0.1624452
sub-73,A+P-,Fp1,delta,0.10986224,0.14701799
sub-73,A+P-,Fp1,gamma,-0.10040745,0.13160376
sub-73,A+P-,Fp1,theta,0.02010401,0.08243803
sub-73,A+P-,Fp2,alpha,-0.13158643,0.1849539
sub-73,A+P-,Fp2,beta,0.0079186745,0.18688984
sub-73,A+P-,Fp2,delta,0.1264625,0.16019627
sub-73,A+P-,Fp2,gamma,-0.07876177,0.113087505
sub-73,A+P-,Fp2,theta,-0.041516945,0.084868126
sub-73,A+P-,Fz,alpha,-0.08951242,0.16716805
sub-73,A+P-,Fz,beta,-0.018823782,0.18297061
sub-73,A+P-,Fz,delta,-0.04349067,0.10303512
sub-73,A+P-,Fz,gamma,-0.05229433,0.15196906
sub-73,A+P-,Fz,theta,0.03026262,0.0720358
sub-73,A+P-,O1,alpha,-0.18197751,0.23765193
sub-73,A+P-,O1,beta,0.00045645304,0.16047105
sub-73,A+P-,O1,delta,0.0753284,0.10850941
sub-73,A+P-,O1,gamma,-0.28038564,0.32732624
sub-73,A+P-,O1,theta,0.012582874,0.07997623
sub-73,A+P-,O2,alpha,-0.2076461,0.23664495
sub-73,A+P-,O2,beta,-0.015312393,0.20833896
sub-73,A+P-,O2,delta,0.26285455,0.27358764
sub-73,A+P-,O2,gamma,-0.03461438,0.18386634
sub-73,A+P-,O2,theta,0.09837483,0.12354372
sub-73,A+P-,P3,alpha,-0.08651753,0.16873366
sub-73,A+P-,P3,beta,-0.0339494,0.13524525
sub-73,A+P-,P3,delta,0.012983352,0.08874741
sub-73,A+P-,P3,gamma,0.082658075,0.14178298
sub-73,A+P-,P3,theta,-0.059193145,0.13274644
sub-73,A+P-,P4,alpha,-0.020189604,0.11681742
sub-73,A+P-,P4,beta,-0.3064614,0.35457295
sub-73,A+P-,P4,delta,0.011197384,0.105273224
sub-73,A+P-,P4,gamma,0.063836336,0.12028988
sub-73,A+P-,P4,theta,-0.05953686,0.12397491
sub-73,A+P-,Pz,alpha,-0.04620175,0.14350699
sub-73,A+P-,Pz,beta,-0.00589303,0.14915581
sub-73,A+P-,Pz,delta,-0.085004956,0.12626475
sub-73,A+P-,Pz,gamma,0.010204151,0.09873552
sub-73,A+P-,Pz,theta,-0.13604684,0.15859732
sub-74,A+P-,C3,alpha,-0.011774923,0.10440948
sub-74,A+P-,C3,beta,0.06605963,0.10423886
sub-74,A+P-,C3,delta,0.17650515,0.19771263
sub-74,A+P-,C3,gamma,-0.021031892,0.14543341
sub-74,A+P-,C3,theta,0.07091688,0.090212025
sub-74,A+P-,C4,alpha,-0.046064965,0.1096627
sub-74,A+P-,C4,beta,-0.037025478,0.11764234
sub-74,A+P-,C4,delta,0.00034891136,0.102847144
sub-74,A+P-,C4,gamma,0.08652812,0.27104962
sub-74,A+P-,C4,theta,0.031710453,0.07705658
sub-74,A+P-,Cz,alpha,0.059079714,0.1615386
sub-74,A+P-,Cz,beta,0.09058276,0.1756412
sub-74,A+P-,Cz,delta,0.004130561,0.12792781
sub-74,A+P-,Cz,gamma,0.052623753,0.14545429
sub-74,A+P-,Cz,theta,-0.04779786,0.099047184
sub-74,A+P-,F3,alpha,-0.05678271,0.13591884
sub-74,A+P-,F3,beta,0.02260624,0.07234202
sub-74,A+P-,F3,delta,-0.09169634,0.16444722
sub-74,A+P-,F3,gamma,-0.0051499642,0.085304394
sub-74,A+P-,F3,theta,0.030674525,0.08124574
sub-74,A+P-,F4,alpha,-0.03066765,0.13859046
sub-74,A+P-,F4,beta,-0.02381926,0.09092507
sub-74,A+P-,F4,delta,-0.050984513,0.13461888
sub-74,A+P-,F4,gamma,0.042693257,0.1217486
sub-74,A+P-,F4,theta,0.03695967,0.10274907
sub-74,A+P-,F7,alpha,-0.1196892,0.20100658
sub-74,A+P-,F7,beta,-0.17032215,0.18773985
sub-74,A+P-,F7,delta,-0.0317313,0.17070475
sub-74,A+P-,F7,gamma,-0.11034677,0.15166171
sub-74,A+P-,F7,theta,-0.24170059,0.30740452
sub-74,A+P-,F8,alpha,0.004311545,0.11419514
sub-74,A+P-,F8,beta,-0.17600362,0.20498721
sub-74,A+P-,F8,delta,-0.09292558,0.14791317
sub-74,A+P-,F8,gamma,0.052735146,0.14237007
sub-74,A+P-,F8,theta,-0.037781734,0.10015377
sub-74,A+P-,Fp1,alpha,-0.09551474,0.17869751
sub-74,A+P-,Fp1,beta,-0.010268069,0.12438321
sub-74,A+P-,Fp1,delta,0.109084755,0.15324613
sub-74,A+P-,Fp1,gamma,-0.096782476,0.13511842
sub-74,A+P-,Fp1,theta,0.01963168,0.08571577
sub-74,A+P-,Fp2,alpha,-0.12672019,0.1806891
sub-74,A+P-,Fp2,beta,0.054680426,0.13920933
sub-74,A+P-,Fp2,delta,0.11463764,0.15626614
sub-74,A+P-,Fp2,gamma,-0.07068977,0.11682972
sub-74,A+P-,Fp2,theta,-0.058414526,0.09849604
sub-74,A+P-,Fz,alpha,-0.07711657,0.14740337
sub-74,A+P-,Fz,beta,-0.046337,0.12400451
sub-74,A+P-,Fz,delta,-0.07188934,0.14646815
sub-74,A+P-,Fz,gamma,-0.07760166,0.16157064
sub-74,A+P-,Fz,theta,0.040959705,0.08276528
sub-74,A+P-,O1,alpha,-0.17738807,0.22551273
sub-74,A+P-,O1,beta,-0.0003150455,0.15585512
sub-74,A+P-,O1,delta,0.075064935,0.113324836
sub-74,A+P-,O1,gamma,-0.28555328,0.367847
sub-74,A+P-,O1,theta,0.012704386,0.0629207
sub-74,A+P-,O2,alpha,-0.18261087,0.20656708
sub-74,A+P-,O2,beta,-0.023286417,0.19428527
sub-74,A+P-,O2,delta,0.2839035,0.29658028
sub-74,A+P-,O2,gamma,-0.08833976,0.22673881
sub-74,A+P-,O2,theta,0.07692896,0.09266878
sub-74,A+P-,P3,alpha,-0.08055416,0.15132263
sub-74,A+P-,P3,beta,-0.043756742,0.1171592
sub-74,A+P-,P3,delta,0.008235107,0.10319521
sub-74,A+P-,P3,gamma,0.14981237,0.23360938
sub-74,A+P-,P3,theta,-0.06651752,0.11661229
sub-74,A+P-,P4,alpha,-0.019382035,0.11661112
sub-74,A+P-,P4,beta,-0.2136565,0.2479807
sub-74,A+P-,P4,delta,-0.0009498131,0.09923003
sub-74,A+P-,P4,gamma,0.17262293,0.23946558
sub-74,A+P-,P4,theta,-0.05327981,0.08603943
sub-74,A+P-,Pz,alpha,-0.028920032,0.13863337
sub-74,A+P-,Pz,beta,-0.01819206,0.11189944
sub-74,A+P-,Pz,delta,-0.10966841,0.15474215
sub-74,A+P-,Pz,gamma,0.011234096,0.11782579
sub-74,A+P-,Pz,theta,-0.12824394,0.14862327
sub-75,A+P-,C3,alpha,-0.007993795,0.095135786
sub-75,A+P-,C3,beta,0.062828675,0.12306123
sub-75,A+P-,C3,delta,0.17371316,0.20578943
sub-75,A+P-,C3,gamma,-0.06283231,0.110229544
sub-75,A+P-,C3,theta,0.104463086,0.12503877
sub-75,A+P-,C4,alpha,-0.042966668,0.10821092
sub-75,A+P-,C4,beta,-0.046963427,0.11958943
sub-75,A+P-,C4,delta,-0.02125824,0.12073581
sub-75,A+P-,C4,gamma,-0.020408781,0.13851675
sub-75,A+P-,C4,theta,0.09884823,0.15067162
sub-75,A+P-,Cz,alpha,0.06013368,0.15201902
sub-75,A+P-,Cz,beta,0.0928652,0.19932303
sub-75,A+P-,Cz,delta,0.015653972,0.12871277
sub-75,A+P-,Cz,gamma,0.03239004,0.12374186
sub-75,A+P-,Cz,theta,-0.054860543,0.113414966
sub-75,A+P-,F3,alpha,-0.051932294,0.101387456
sub-75,A+P-,F3,beta,0.04065235,0.10346905
sub-75,A+P-,F3,delta,-0.09836422,0.1846006
sub-75,A+P-,F3,gamma,-0.011905798,0.079211585
sub-75,A+P-,F3,theta,0.06573386,0.12588824
sub-75,A+P-,F4,alpha,0.010619994,0.08934091
sub-75,A+P-,F4,beta,-0.007835453,0.12337074
sub-75,A+P-,F4,delta,-0.067109615,0.14014542
sub-75,A+P-,F4,gamma,-0.005292365,0.085855596
sub-75,A+P-,F4,theta,0.074248865,0.14001885
sub-75,A+P-,F7,alpha,-0.12270298,0.18026128
sub-75,A+P-,F7,beta,-0.2588158,0.27252334
sub-75,A+P-,F7,delta,-0.005221888,0.16623376
sub-75,A+P-,F7,gamma,-0.1153715,0.13801952
sub-75,A+P-,F7,theta,-0.18559858,0.32469136
sub-75,A+P-,F8,alpha,0.014851752,0.10652745
sub-75,A+P-,F8,beta,-0.20612884,0.24196562
sub-75,A+P-,F8,delta,-0.08205256,0.14069167
sub-75,A+P-,F8,gamma,-0.010806277,0.07526028
sub-75,A+P-,F8,theta,0.0062572183,0.15267278
sub-75,A+P-,Fp1,alpha,-0.10338015,0.1556934
sub-75,A+P-,Fp1,beta,-0.043445013,0.15952414
sub-75,A+P-,Fp1,delta,0.121847376,0.16218233
sub-75,A+P-,Fp1,gamma,-0.08186872,0.11708624
sub-75,A+P-,Fp1,theta,0.03672325,0.1020911
sub-75,A+P-,Fp2,alpha,-0.121848725,0.15758425
sub-75,A+P-,Fp2,beta,0.033566114,0.17956452
sub-75,A+P-,Fp2,delta,0.11794847,0.16024862
sub-75,A+P-,Fp2,gamma,-0.05517503,0.11075771
sub-75,A+P-,Fp2,theta,-0.07851276,0.11689478
sub-75,A+P-,Fz,alpha,-0.030236386,0.0994067
sub-75,A+P-,Fz,beta,-0.03493412,0.17697723
sub-75,A+P-,Fz,delta,-0.07160596,0.15404265
sub-75,A+P-,Fz,gamma,-0.054901183,0.12445914
sub-75,A+P-,Fz,theta,0.11200589,0.15793608
sub-75,A+P-,O1,alpha,-0.14833072,0.17529745
sub-75,A+P-,O1,beta,-0.0042741485,0.15876204
sub-75,A+P-,O1,delta,0.11164658,0.15954222
sub-75,A+P-,O1,gamma,-0.30108252,0.3536273
sub-75,A+P-,O1,theta,0.03651487,0.10017148
sub-75,A+P-,O2,alpha,-0.13675235,0.15498954
sub-75,A+P-,O2,beta,-0.017007126,0.20895045
sub-75,A+P-,O2,delta,0.35600707,0.36922613
sub-75,A+P-,O2,gamma,-0.088822804,0.20932625
sub-75,A+P-,O2,theta,0.15378049,0.18017748
sub-75,A+P-,P3,alpha,-0.08004075,0.12938051
sub-75,A+P-,P3,beta,-0.06697267,0.1370309
sub-75,A+P-,P3,delta,0.018818466,0.11412222
sub-75,A+P-,P3,gamma,0.05840179,0.13022478
sub-75,A+P-,P3,theta,0.002105153,0.17760655
sub-75,A+P-,P4,alpha,-0.026968978,0.089126356
sub-75,A+P-,P4,beta,-0.29452682,0.32902223
sub-75,A+P-,P4,delta,-0.005399528,0.13602726
sub-75,A+P-,P4,gamma,0.05586386,0.119790964
sub-75,A+P-,P4,theta,-0.016320946,0.17007565
sub-75,A+P-,Pz,alpha,-0.022406762,0.1015816
sub-75,A+P-,Pz,beta,-0.016532095,0.14176217
sub-75,A+P-,Pz,delta,-0.094725706,0.16246107
sub-75,A+P-,Pz,gamma,0.0039588744,0.104683414
sub-75,A+P-,Pz,theta,-0.11594868,0.17268759
sub-76,A+P-,C3,alpha,-0.058019105,0.1467563
sub-76,A+P-,C3,beta,0.03706509,0.066965476
sub-76,A+P-,C3,delta,0.1579261,0.18949988
sub-76,A+P-,C3,gamma,-0.011083322,0.11309782
sub-76,A+P-,C3,theta,0.0686413,0.09112066
sub-76,A+P-,C4,alpha,-0.06664884,0.15658538
sub-76,A+P-,C4,beta,-0.02607242,0.076559916
sub-76,A+P-,C4,delta,0.020404525,0.1107721
sub-76,A+P-,C4,gamma,0.03487626,0.14108497
sub-76,A+P-,C4,theta,0.04722646,0.089394435
sub-76,A+P-,Cz,alpha,0.06474178,0.19581273
sub-76,A+P-,Cz,beta,0.018455803,0.09373515
sub-76,A+P-,Cz,delta,0.0069871335,0.11736271
sub-76,A+P-,Cz,gamma,-0.007040538,0.05979464
sub-76,A+P-,Cz,theta,-0.037468325,0.085901715
sub-76,A+P-,F3,alpha,-0.060316496,0.17118879
sub-76,A+P-,F3,beta,0.0066070575,0.053939987
sub-76,A+P-,F3,delta,-0.063934505,0.13356248
sub-76,A+P-,F3,gamma,-0.0045669214,0.06802548
sub-76,A+P-,F3,theta,0.035819374,0.0835102
sub-76,A+P-,F4,alpha,-0.11170736,0.21264738
sub-76,A+P-,F4,beta,-0.029952228,0.061019022
sub-76,A+P-,F4,delta,-0.031267554,0.120930895
sub-76,A+P-,F4,gamma,-0.010311629,0.05083548
sub-76,A+P-,F4,theta,0.014376201,0.08255551
sub-76,A+P-,F7,alpha,-0.15515365,0.26262394
sub-76,A+P-,F7,beta,-0.11085804,0.12736529
sub-76,A+P-,F7,delta,-0.009781662,0.17837141
sub-76,A+P-,F7,gamma,-0.07843203,0.102114126
sub-76,A+P-,F7,theta,-0.22938387,0.26715344
sub-76,A+P-,F8,alpha,-0.020529572,0.13975543
sub-76,A+P-,F8,beta,-0.057002857,0.0890144
sub-76,A+P-,F8,delta,-0.085689075,0.16395147
sub-76,A+P-,F8,gamma,0.00025253225,0.07320111
sub-76,A+P-,F8,theta,-0.038658254,0.09757025
sub-76,A+P-,Fp1,alpha,-0.090626754,0.22381015
sub-76,A+P-,Fp1,beta,0.028204627,0.09312337
sub-76,A+P-,Fp1,delta,0.083756216,0.13115934
sub-76,A+P-,Fp1,gamma,-0.08310201,0.10694445
sub-76,A+P-,Fp1,theta,0.0153212305,0.086860046
sub-76,A+P-,Fp2,alpha,-0.15405686,0.2338285
sub-76,A+P-,Fp2,beta,0.067171834,0.10902379
sub-76,A+P-,Fp2,delta,0.123521395,0.15993889
sub-76,A+P-,Fp2,gamma,-0.05358878,0.08290872
sub-76,A+P-,Fp2,theta,-0.03452984,0.087539375
sub-76,A+P-,Fz,alpha,-0.15554681,0.21646549
sub-76,A+P-,Fz,beta,-0.03970968,0.0729923
sub-76,A+P-,Fz,delta,-0.029547907,0.09954045
sub-76,A+P-,Fz,gamma,-0.032030623,0.07588108
sub-76,A+P-,Fz,theta,0.014309155,0.058912333
sub-76,A+P-,O1,alpha,-0.2199414,0.28090927
sub-76,A+P-,O1,beta,-0.02737437,0.08285455
sub-76,A+P-,O1,delta,0.064136624,0.13096927
sub-76,A+P-,O1,gamma,-0.17081802,0.21132606
sub-76,A+P-,O1,theta,-0.0009059953,0.089287475
sub-76,A+P-,O2,alpha,-0.24015999,0.27053893
sub-76,A+P-,O2,beta,-0.062198404,0.123352975
sub-76,A+P-,O2,delta,0.29626873,0.31962815
sub-76,A+P-,O2,gamma,-0.027123699,0.1622546
sub-76,A+P-,O2,theta,0.06817205,0.09752272
sub-76,A+P-,P3,alpha,-0.1353293,0.21755776
sub-76,A+P-,P3,beta,-0.0064727934,0.037656512
sub-76,A+P-,P3,delta,0.023426576,0.08509094
sub-76,A+P-,P3,gamma,0.034364168,0.050846014
sub-76,A+P-,P3,theta,-0.07904434,0.13509785
sub-76,A+P-,P4,alpha,-0.05454788,0.16132027
sub-76,A+P-,P4,beta,-0.057079315,0.09377942
sub-76,A+P-,P4,delta,0.012785144,0.09296797
sub-76,A+P-,P4,gamma,0.040218018,0.09709245
sub-76,A+P-,P4,theta,-0.08251451,0.13722111
sub-76,A+P-,Pz,alpha,-0.06530116,0.1692514
sub-76,A+P-,Pz,beta,-0.020224325,0.06608816
sub-76,A+P-,Pz,delta,-0.1299291,0.1812773
sub-76,A+P-,Pz,gamma,0.012446573,0.058329873
sub-76,A+P-,Pz,theta,-0.13706705,0.16026388
sub-77,A+P-,C3,alpha,-0.043304153,0.13902335
sub-77,A+P-,C3,beta,0.05832829,0.095619895
sub-77,A+P-,C3,delta,0.18990767,0.21295394
sub-77,A+P-,C3,gamma,-0.03510302,0.092649125
sub-77,A+P-,C3,theta,0.07301767,0.0947075
sub-77,A+P-,C4,alpha,-0.05710063,0.1549497
sub-77,A+P-,C4,beta,-0.040386822,0.10686319
sub-77,A+P-,C4,delta,0.0189786,0.09744384
sub-77,A+P-,C4,gamma,-0.0066186492,0.11748317
sub-77,A+P-,C4,theta,0.08098616,0.13243042
sub-77,A+P-,Cz,alpha,0.09128358,0.20923296
sub-77,A+P-,Cz,beta,0.071834356,0.15706798
sub-77,A+P-,Cz,delta,0.03816444,0.08611084
sub-77,A+P-,Cz,gamma,0.09317005,0.17364717
sub-77,A+P-,Cz,theta,-0.045742556,0.10268571
sub-77,A+P-,F3,alpha,-0.058820702,0.1640714
sub-77,A+P-,F3,beta,0.025106488,0.09293889
sub-77,A+P-,F3,delta,-0.02815513,0.08710562
sub-77,A+P-,F3,gamma,-0.0042737457,0.071370356
sub-77,A+P-,F3,theta,0.041652534,0.094267175
sub-77,A+P-,F4,alpha,-0.08806007,0.1923049
sub-77,A+P-,F4,beta,-0.023180261,0.10268997
sub-77,A+P-,F4,delta,-0.020227868,0.1001405
sub-77,A+P-,F4,gamma,0.0007812041,0.067564875
sub-77,A+P-,F4,theta,0.038495127,0.114269644
sub-77,A+P-,F7,alpha,-0.1442599,0.25233087
sub-77,A+P-,F7,beta,-0.21882874,0.2392601
sub-77,A+P-,F7,delta,-0.0049689477,0.15275864
sub-77,A+P-,F7,gamma,-0.109999016,0.13964789
sub-77,A+P-,F7,theta,-0.24479294,0.31117743
sub-77,A+P-,F8,alpha,-0.008933923,0.12937905
sub-77,A+P-,F8,beta,-0.17675947,0.21669638
sub-77,A+P-,F8,delta,-0.083696775,0.14235292
sub-77,A+P-,F8,gamma,0.0353696,0.12423813
sub-77,A+P-,F8,theta,-0.054699656,0.09711814
sub-77,A+P-,Fp1,alpha,-0.09707025,0.19354591
sub-77,A+P-,Fp1,beta,-0.014826127,0.13253443
sub-77,A+P-,Fp1,delta,0.106370606,0.15105814
sub-77,A+P-,Fp1,gamma,-0.09293118,0.12824607
sub-77,A+P-,Fp1,theta,0.01893035,0.083833374
sub-77,A+P-,Fp2,alpha,-0.14949045,0.20600538
sub-77,A+P-,Fp2,beta,0.019843321,0.17149396
sub-77,A+P-,Fp2,delta,0.1331017,0.16392298
sub-77,A+P-,Fp2,gamma,-0.08398117,0.11749741
sub-77,A+P-,Fp2,theta,-0.034266047,0.08096801
sub-77,A+P-,Fz,alpha,-0.13805006,0.20812878
sub-77,A+P-,Fz,beta,-0.04886501,0.12270216
sub-77,A+P-,Fz,delta,-0.026453204,0.07594219
sub-77,A+P-,Fz,gamma,-0.012097078,0.10722865
sub-77,A+P-,Fz,theta,0.029983908,0.089339055
sub-77,A+P-,O1,alpha,-0.20564328,0.27999708
sub-77,A+P-,O1,beta,-0.031156832,0.08550987
sub-77,A+P-,O1,delta,0.06645751,0.10221972
sub-77,A+P-,O1,gamma,-0.07813647,0.10644022
sub-77,A+P-,O1,theta,-0.0037470853,0.10508443
sub-77,A+P-,O2,alpha,-0.27621734,0.32176462
sub-77,A+P-,O2,beta,-0.070185885,0.12329999
sub-77,A+P-,O2,delta,0.19314049,0.206402
sub-77,A+P-,O2,gamma,-0.02992265,0.09198133
sub-77,A+P-,O2,theta,0.09134746,0.12622729
sub-77,A+P-,P3,alpha,-0.12100041,0.19826041
sub-77,A+P-,P3,beta,-0.013852482,0.077416666
sub-77,A+P-,P3,delta,0.02562857,0.087039635
sub-77,A+P-,P3,gamma,0.09685134,0.12701404
sub-77,A+P-,P3,theta,-0.07658032,0.12674752
sub-77,A+P-,P4,alpha,-0.031901542,0.14855134
sub-77,A+P-,P4,beta,-0.19124003,0.22506584
sub-77,A+P-,P4,delta,0.01805919,0.11030486
sub-77,A+P-,P4,gamma,0.054381818,0.103319414
sub-77,A+P-,P4,theta,-0.08084394,0.13144594
sub-77,A+P-,Pz,alpha,-0.055618223,0.15573867
sub-77,A+P-,Pz,beta,-0.025471695,0.118058
sub-77,A+P-,Pz,delta,-0.11121253,0.15900247
sub-77,A+P-,Pz,gamma,0.03494695,0.11938838
sub-77,A+P-,Pz,theta,-0.15454328,0.17646739
sub-78,A+P-,C3,alpha,-0.0415708,0.12438168
sub-78,A+P-,C3,beta,0.04754849,0.08785836
sub-78,A+P-,C3,delta,0.10985769,0.12474392
sub-78,A+P-,C3,gamma,-0.008621349,0.025234938
sub-78,A+P-,C3,theta,0.15290393,0.20001547
sub-78,A+P-,C4,alpha,-0.049981136,0.13094503
sub-78,A+P-,C4,beta,-0.034496773,0.09502679
sub-78,A+P-,C4,delta,0.033509687,0.067394175
sub-78,A+P-,C4,gamma,-0.006168471,0.021504425
sub-78,A+P-,C4,theta,0.15704855,0.21662925
sub-78,A+P-,Cz,alpha,0.053726852,0.16039327
sub-78,A+P-,Cz,beta,0.06708043,0.16752002
sub-78,A+P-,Cz,delta,0.047715817,0.06651573
sub-78,A+P-,Cz,gamma,-0.014008765,0.044069048
sub-78,A+P-,Cz,theta,-0.034327134,0.14023936
sub-78,A+P-,F3,alpha,-0.056548916,0.1446031
sub-78,A+P-,F3,beta,0.011511835,0.072976686
sub-78,A+P-,F3,delta,0.011029959,0.0548394
sub-78,A+P-,F3,gamma,-0.004671232,0.015165411
sub-78,A+P-,F3,theta,0.11956387,0.18507399
sub-78,A+P-,F4,alpha,-0.0772003,0.18345636
sub-78,A+P-,F4,beta,-0.021963086,0.084433444
sub-78,A+P-,F4,delta,0.017679013,0.054090306
sub-78,A+P-,F4,gamma,-0.006467142,0.022527391
sub-78,A+P-,F4,theta,0.08438108,0.17457157
sub-78,A+P-,F7,alpha,-0.16202244,0.24225597
sub-78,A+P-,F7,beta,-0.16138096,0.17938438
sub-78,A+P-,F7,delta,0.019723808,0.09671906
sub-78,A+P-,F7,gamma,-0.013759387,0.023430977
sub-78,A+P-,F7,theta,-0.06831236,0.37584627
sub-78,A+P-,F8,alpha,-0.042526733,0.15174337
sub-78,A+P-,F8,beta,-0.11634214,0.1538264
sub-78,A+P-,F8,delta,-0.01636487,0.07253667
sub-78,A+P-,F8,gamma,-0.005861523,0.020683788
sub-78,A+P-,F8,theta,0.062437803,0.20343931
sub-78,A+P-,Fp1,alpha,-0.10237893,0.18949394
sub-78,A+P-,Fp1,beta,0.001987108,0.11533918
sub-78,A+P-,Fp1,delta,0.07193214,0.08624275
sub-78,A+P-,Fp1,gamma,-0.037573252,0.050287094
sub-78,A+P-,Fp1,theta,0.06186779,0.13049763
sub-78,A+P-,Fp2,alpha,-0.16774091,0.22660254
sub-78,A+P-,Fp2,beta,0.017909206,0.15608346
sub-78,A+P-,Fp2,delta,0.088188685,0.09638414
sub-78,A+P-,Fp2,gamma,-0.039430223,0.059879236
sub-78,A+P-,Fp2,theta,-0.022523686,0.13151884
sub-78,A+P-,Fz,alpha,-0.08758277,0.14857028
sub-78,A+P-,Fz,beta,-0.042267494,0.09846563
sub-78,A+P-,Fz,delta,-0.0008760367,0.053716656
sub-78,A+P-,Fz,gamma,-0.02461793,0.03793302
sub-78,A+P-,Fz,theta,0.13706405,0.20397547
sub-78,A+P-,O1,alpha,-0.17614359,0.24033102
sub-78,A+P-,O1,beta,-0.02423429,0.081968784
sub-78,A+P-,O1,delta,0.062168296,0.09191899
sub-78,A+P-,O1,gamma,-0.0036090068,0.021059247
sub-78,A+P-,O1,theta,0.0049519786,0.13776472
sub-78,A+P-,O2,alpha,-0.22200024,0.26819292
sub-78,A+P-,O2,beta,-0.06286077,0.104044855
sub-78,A+P-,O2,delta,0.13763191,0.1522118
sub-78,A+P-,O2,gamma,-0.013200313,0.025982432
sub-78,A+P-,O2,theta,0.097272575,0.17616841
sub-78,A+P-,P3,alpha,-0.12026269,0.17963827
sub-78,A+P-,P3,beta,-0.012821073,0.07108502
sub-78,A+P-,P3,delta,0.04432606,0.06355746
sub-78,A+P-,P3,gamma,0.0060482477,0.016992759
sub-78,A+P-,P3,theta,0.07793714,0.2789996
sub-78,A+P-,P4,alpha,-0.059886463,0.1329139
sub-78,A+P-,P4,beta,-0.10097498,0.13781027
sub-78,A+P-,P4,delta,0.04155249,0.05924204
sub-78,A+P-,P4,gamma,-0.005170129,0.011069992
sub-78,A+P-,P4,theta,0.061334856,0.25124747
sub-78,A+P-,Pz,alpha,-0.0538478,0.14999638
sub-78,A+P-,Pz,beta,-0.02200633,0.08475438
sub-78,A+P-,Pz,delta,-0.0076561207,0.064233124
sub-78,A+P-,Pz,gamma,-0.0032313452,0.026775973
sub-78,A+P-,Pz,theta,-0.052423567,0.21639109
sub-79,A+P-,C3,alpha,-0.010422578,0.06777988
sub-79,A+P-,C3,beta,0.057794098,0.14779978
sub-79,A+P-,C3,delta,0.09812776,0.10765887
sub-79,A+P-,C3,gamma,-0.034568287,0.18445243
sub-79,A+P-,C3,theta,0.043792117,0.05648243
sub-79,A+P-,C4,alpha,-0.039609246,0.11631811
sub-79,A+P-,C4,beta,-0.045595903,0.112238206
sub-79,A+P-,C4,delta,-0.00070585875,0.098894425
sub-79,A+P-,C4,gamma,0.04858824,0.21233068
sub-79,A+P-,C4,theta,0.09045286,0.13785584
sub-79,A+P-,Cz,alpha,0.06979465,0.16397272
sub-79,A+P-,Cz,beta,0.09238863,0.19139753
sub-79,A+P-,Cz,delta,0.037571874,0.108229145
sub-79,A+P-,Cz,gamma,0.053404212,0.14455475
sub-79,A+P-,Cz,theta,-0.050894637,0.10997985
sub-79,A+P-,F3,alpha,-0.04683243,0.08978328
sub-79,A+P-,F3,beta,0.044278804,0.11744146
sub-79,A+P-,F3,delta,-0.024753911,0.10482265
sub-79,A+P-,F3,gamma,0.0072116107,0.15936819
sub-79,A+P-,F3,theta,0.02767647,0.092329994
sub-79,A+P-,F4,alpha,0.012163639,0.099522576
sub-79,A+P-,F4,beta,-0.0099398,0.117736325
sub-79,A+P-,F4,delta,-0.0483502,0.12479369
sub-79,A+P-,F4,gamma,0.06974171,0.15445909
sub-79,A+P-,F4,theta,0.063057825,0.13466461
sub-79,A+P-,F7,alpha,-0.12778245,0.15878324
sub-79,A+P-,F7,beta,-0.29478455,0.3285995
sub-79,A+P-,F7,delta,-0.017984742,0.08527344
sub-79,A+P-,F7,gamma,-0.085844494,0.33658454
sub-79,A+P-,F7,theta,-0.21399577,0.24019672
sub-79,A+P-,F8,alpha,0.017887136,0.11168162
sub-79,A+P-,F8,beta,-0.2522305,0.298035
sub-79,A+P-,F8,delta,-0.06700526,0.108385436
sub-79,A+P-,F8,gamma,0.12179913,0.21950473
sub-79,A+P-,F8,theta,-0.03500845,0.12925655
sub-79,A+P-,Fp1,alpha,-0.110376514,0.16985978
sub-79,A+P-,Fp1,beta,-0.056045998,0.16878863
sub-79,A+P-,Fp1,delta,0.13017185,0.15944242
sub-79,A+P-,Fp1,gamma,-0.09866892,0.14455764
sub-79,A+P-,Fp1,theta,0.04020673,0.10901552
sub-79,A+P-,Fp2,alpha,-0.10872365,0.15303111
sub-79,A+P-,Fp2,beta,0.030709393,0.16064848
sub-79,A+P-,Fp2,delta,0.12637454,0.16360086
sub-79,A+P-,Fp2,gamma,-0.06215078,0.10832487
sub-79,A+P-,Fp2,theta,-0.07615282,0.11515742
sub-79,A+P-,Fz,alpha,-0.041528735,0.11301569
sub-79,A+P-,Fz,beta,-0.020830203,0.15112457
sub-79,A+P-,Fz,delta,-0.05043378,0.13421172
sub-79,A+P-,Fz,gamma,-0.06618503,0.13674378
sub-79,A+P-,Fz,theta,0.074202776,0.13383038
sub-79,A+P-,O1,alpha,-0.17517926,0.21149401
sub-79,A+P-,O1,beta,-0.024975443,0.11941184
sub-79,A+P-,O1,delta,0.10693226,0.15036508
sub-79,A+P-,O1,gamma,-0.22599745,0.24866979
sub-79,A+P-,O1,theta,0.022184888,0.11986715
sub-79,A+P-,O2,alpha,-0.14691314,0.17339592
sub-79,A+P-,O2,beta,-0.037292488,0.14782338
sub-79,A+P-,O2,delta,0.38351423,0.3955441
sub-79,A+P-,O2,gamma,-0.033826787,0.121501274
sub-79,A+P-,O2,theta,0.15774792,0.203198
sub-79,A+P-,P3,alpha,-0.069833204,0.13430244
sub-79,A+P-,P3,beta,-0.044603955,0.12399457
sub-79,A+P-,P3,delta,0.020223437,0.10089249
sub-79,A+P-,P3,gamma,0.094852164,0.18051395
sub-79,A+P-,P3,theta,-0.008159876,0.18202697
sub-79,A+P-,P4,alpha,-0.014480027,0.09670818
sub-79,A+P-,P4,beta,-0.23731059,0.27196628
sub-79,A+P-,P4,delta,-0.0008102676,0.11988578
sub-79,A+P-,P4,gamma,0.06081897,0.116742186
sub-79,A+P-,P4,theta,-0.0043856897,0.18707548
sub-79,A+P-,Pz,alpha,-0.035174374,0.11806216
sub-79,A+P-,Pz,beta,-0.016777989,0.104367204
sub-79,A+P-,Pz,delta,-0.09780917,0.15712011
sub-79,A+P-,Pz,gamma,0.004384033,0.1012753
sub-79,A+P-,Pz,theta,-0.12212266,0.17205513
sub-80,A+P-,C3,alpha,-0.0070716497,0.0864027
sub-80,A+P-,C3,beta,0.048428163,0.15257317
sub-80,A+P-,C3,delta,0.15918747,0.18425278
sub-80,A+P-,C3,gamma,-0.07174088,0.113895044
sub-80,A+P-,C3,theta,0.09298441,0.11140516
sub-80,A+P-,C4,alpha,-0.04076254,0.097100556
sub-80,A+P-,C4,beta,-0.05187842,0.12988064
sub-80,A+P-,C4,delta,-0.022219278,0.11179969
sub-80,A+P-,C4,gamma,-0.006646273,0.1616108
sub-80,A+P-,C4,theta,0.0767488,0.12720855
sub-80,A+P-,Cz,alpha,0.043207876,0.135236
sub-80,A+P-,Cz,beta,0.0696514,0.21815355
sub-80,A+P-,Cz,delta,0.024025775,0.115716495
sub-80,A+P-,Cz,gamma,0.025123537,0.13980597
sub-80,A+P-,Cz,theta,-0.046197146,0.1051332
sub-80,A+P-,F3,alpha,-0.04967926,0.09818626
sub-80,A+P-,F3,beta,0.04206449,0.1211953
sub-80,A+P-,F3,delta,-0.08041216,0.15554465
sub-80,A+P-,F3,gamma,-0.012115721,0.08904538
sub-80,A+P-,F3,theta,0.05241256,0.110684976
sub-80,A+P-,F4,alpha,0.012020381,0.0845516
sub-80,A+P-,F4,beta,-0.010552006,0.1271362
sub-80,A+P-,F4,delta,-0.06797389,0.13742548
sub-80,A+P-,F4,gamma,0.004489918,0.10406678
sub-80,A+P-,F4,theta,0.06797059,0.13380082
sub-80,A+P-,F7,alpha,-0.115250856,0.1766947
sub-80,A+P-,F7,beta,-0.26529026,0.28279048
sub-80,A+P-,F7,delta,-0.017103242,0.15567069
sub-80,A+P-,F7,gamma,-0.110479176,0.13152048
sub-80,A+P-,F7,theta,-0.18848516,0.33487448
sub-80,A+P-,F8,alpha,0.0011346319,0.08488842
sub-80,A+P-,F8,beta,-0.23225574,0.28097272
sub-80,A+P-,F8,delta,-0.09541543,0.14975472
sub-80,A+P-,F8,gamma,0.0024904176,0.10444914
sub-80,A+P-,F8,theta,-0.009307059,0.13126233
sub-80,A+P-,Fp1,alpha,-0.09651932,0.14816484
sub-80,A+P-,Fp1,beta,-0.077693835,0.18715468
sub-80,A+P-,Fp1,delta,0.11476539,0.15105309
sub-80,A+P-,Fp1,gamma,-0.100238286,0.14968666
sub-80,A+P-,Fp1,theta,0.035083007,0.10297439
sub-80,A+P-,Fp2,alpha,-0.115868285,0.15280725
sub-80,A+P-,Fp2,beta,0.020367714,0.20269087
sub-80,A+P-,Fp2,delta,0.11198093,0.15071358
sub-80,A+P-,Fp2,gamma,-0.06944079,0.13801351
sub-80,A+P-,Fp2,theta,-0.080333136,0.12113088
sub-80,A+P-,Fz,alpha,-0.040142648,0.100127235
sub-80,A+P-,Fz,beta,-0.028001156,0.19553678
sub-80,A+P-,Fz,delta,-0.07460323,0.14610705
sub-80,A+P-,Fz,gamma,-0.09737114,0.16585557
sub-80,A+P-,Fz,theta,0.08454841,0.1303368
sub-80,A+P-,O1,alpha,-0.14593093,0.1774167
sub-80,A+P-,O1,beta,-0.0037354904,0.1645339
sub-80,A+P-,O1,delta,0.10108274,0.14574869
sub-80,A+P-,O1,gamma,-0.25988305,0.2894235
sub-80,A+P-,O1,theta,0.034229413,0.10184288
sub-80,A+P-,O2,alpha,-0.15067145,0.1710868
sub-80,A+P-,O2,beta,-0.035157774,0.19348338
sub-80,A+P-,O2,delta,0.32572547,0.33907485
sub-80,A+P-,O2,gamma,-0.047228646,0.13727227
sub-80,A+P-,O2,theta,0.14065672,0.170998
sub-80,A+P-,P3,alpha,-0.07071283,0.11048561
sub-80,A+P-,P3,beta,-0.06632611,0.1578643
sub-80,A+P-,P3,delta,0.012643461,0.10911902
sub-80,A+P-,P3,gamma,0.061900783,0.14978737
sub-80,A+P-,P3,theta,-0.012517855,0.16410418
sub-80,A+P-,P4,alpha,-0.02558349,0.074089065
sub-80,A+P-,P4,beta,-0.320123,0.35596722
sub-80,A+P-,P4,delta,-0.008471936,0.13265297
sub-80,A+P-,P4,gamma,0.0716749,0.13849732
sub-80,A+P-,P4,theta,-0.01772013,0.1461051
sub-80,A+P-,Pz,alpha,-0.025204873,0.0934395
sub-80,A+P-,Pz,beta,-0.017391074,0.14987156
sub-80,A+P-,Pz,delta,-0.100244366,0.15973778
sub-80,A+P-,Pz,gamma,-0.017075462,0.12875171
sub-80,A+P-,Pz,theta,-0.11705879,0.17286819
