participant_id,group,channel,band,signed_relevance,absolute_relevance
sub-01,N,C3,alpha,0.018554201,0.26278877
sub-01,N,C3,beta,0.12027269,0.23730443
sub-01,N,C3,delta,0.3176333,0.3560051
sub-01,N,C3,gamma,-0.17267786,0.27851126
sub-01,N,C3,theta,0.15804373,0.20438583
sub-01,N,C4,alpha,-0.06510721,0.30418673
sub-01,N,C4,beta,-0.06427974,0.24443565
sub-01,N,C4,delta,-0.032766815,0.2314782
sub-01,N,C4,gamma,-0.063889526,0.338179
sub-01,N,C4,theta,0.1300526,0.2685716
sub-01,N,Cz,alpha,0.14762586,0.33881125
sub-01,N,Cz,beta,0.086846344,0.31406134
sub-01,N,Cz,delta,0.07935252,0.22246715
sub-01,N,Cz,gamma,0.122480914,0.28705153
sub-01,N,Cz,theta,-0.13193971,0.24437535
sub-01,N,F3,alpha,-0.13836746,0.27902815
sub-01,N,F3,beta,0.101434454,0.27782825
sub-01,N,F3,delta,-0.021118982,0.19106328
sub-01,N,F3,gamma,-0.06665598,0.28594923
sub-01,N,F3,theta,0.043147314,0.19264586
sub-01,N,F4,alpha,-0.04959042,0.27812788
sub-01,N,F4,beta,0.08066666,0.3107091
sub-01,N,F4,delta,-0.053785987,0.17984906
sub-01,N,F4,gamma,0.34192044,0.5285835
sub-01,N,F4,theta,0.035170633,0.19328135
sub-01,N,F7,alpha,-0.13632055,0.41695046
sub-01,N,F7,beta,-0.34716862,0.4088826
sub-01,N,F7,delta,0.028976703,0.3454661
sub-01,N,F7,gamma,-0.2559059,0.3161502
sub-01,N,F7,theta,-0.3114339,0.57916075
sub-01,N,F8,alpha,0.097750574,0.3109267
sub-01,N,F8,beta,-0.3164857,0.389041
sub-01,N,F8,delta,-0.16229016,0.30952272
sub-01,N,F8,gamma,-0.05313952,0.15464535
sub-01,N,F8,theta,-0.10275371,0.3024324
sub-01,N,Fp1,alpha,-0.15432595,0.31028688
sub-01,N,Fp1,beta,-0.17758077,0.4229053
sub-01,N,Fp1,delta,0.12459233,0.15385142
sub-01,N,Fp1,gamma,-0.16123676,0.42164603
sub-01,N,Fp1,theta,0.019917227,0.14098758
sub-01,N,Fp2,alpha,-0.25926897,0.38896993
sub-01,N,Fp2,beta,0.06277058,0.4231143
sub-01,N,Fp2,delta,0.16394426,0.2388445
sub-01,N,Fp2,gamma,-0.20228693,0.4114221
sub-01,N,Fp2,theta,-0.08607453,0.2106834
sub-01,N,Fz,alpha,-0.09415579,0.34522098
sub-01,N,Fz,beta,-0.035199404,0.29018068
sub-01,N,Fz,delta,-0.07735861,0.22184397
sub-01,N,Fz,gamma,-0.024615694,0.30843157
sub-01,N,Fz,theta,0.1271261,0.2575675
sub-01,N,O1,alpha,-0.26155975,0.41997182
sub-01,N,O1,beta,-0.06829676,0.21179156
sub-01,N,O1,delta,0.16968381,0.2544333
sub-01,N,O1,gamma,-0.38108116,0.4465296
sub-01,N,O1,theta,0.056924094,0.25625297
sub-01,N,O2,alpha,-0.34691098,0.488577
sub-01,N,O2,beta,-0.0845013,0.25940636
sub-01,N,O2,delta,0.4816908,0.5150709
sub-01,N,O2,gamma,-0.009007588,0.2527364
sub-01,N,O2,theta,0.25719687,0.34518555
sub-01,N,P3,alpha,-0.110735364,0.32552233
sub-01,N,P3,beta,-0.10382077,0.24449001
sub-01,N,P3,delta,-0.0038988076,0.21111117
sub-01,N,P3,gamma,0.16001505,0.30586943
sub-01,N,P3,theta,-0.03528354,0.32787955
sub-01,N,P4,alpha,0.0074908175,0.28367263
sub-01,N,P4,beta,-0.43695533,0.5208866
sub-01,N,P4,delta,0.06049831,0.21228342
sub-01,N,P4,gamma,0.12924406,0.22460179
sub-01,N,P4,theta,-0.065230355,0.32180652
sub-01,N,Pz,alpha,-0.039213184,0.3055425
sub-01,N,Pz,beta,-0.04171216,0.21010318
sub-01,N,Pz,delta,-0.18109538,0.27108154
sub-01,N,Pz,gamma,0.02026353,0.18157014
sub-01,N,Pz,theta,-0.27977654,0.35061938
sub-02,N,C3,alpha,0.021727407,0.18118006
sub-02,N,C3,beta,0.096368834,0.24954934
sub-02,N,C3,delta,0.20340197,0.24851944
sub-02,N,C3,gamma,-0.14788222,0.40776995
sub-02,N,C3,theta,0.111394614,0.14733125
sub-02,N,C4,alpha,-0.05149566,0.20385681
sub-02,N,C4,beta,-0.07142518,0.24804631
sub-02,N,C4,delta,-0.033412058,0.19973956
sub-02,N,C4,gamma,0.09834273,0.5784298
sub-02,N,C4,theta,0.03877064,0.16601428
sub-02,N,Cz,alpha,0.12267928,0.28596935
sub-02,N,Cz,beta,0.1468647,0.33572802
sub-02,N,Cz,delta,0.06111632,0.23655604
sub-02,N,Cz,gamma,0.10130221,0.3375399
sub-02,N,Cz,theta,-0.103887945,0.21865827
sub-02,N,F3,alpha,-0.1234275,0.22509116
sub-02,N,F3,beta,0.093984954,0.23728465
sub-02,N,F3,delta,-0.046892203,0.224942
sub-02,N,F3,gamma,-0.018302416,0.32206893
sub-02,N,F3,theta,0.013744445,0.17058216
sub-02,N,F4,alpha,0.059438843,0.14437507
sub-02,N,F4,beta,0.063414544,0.29974192
sub-02,N,F4,delta,-0.017227791,0.11484737
sub-02,N,F4,gamma,0.22369413,0.48367283
sub-02,N,F4,theta,-0.006820492,0.106661215
sub-02,N,F7,alpha,-0.1346494,0.31340536
sub-02,N,F7,beta,-0.46476597,0.5542251
sub-02,N,F7,delta,-0.027744744,0.2874614
sub-02,N,F7,gamma,-0.3231004,0.50101787
sub-02,N,F7,theta,-0.34903196,0.48142767
sub-02,N,F8,alpha,0.06828656,0.22791845
sub-02,N,F8,beta,-0.46307856,0.5961109
sub-02,N,F8,delta,-0.1476551,0.24153753
sub-02,N,F8,gamma,0.13365021,0.4441175
sub-02,N,F8,theta,-0.11909263,0.24504392
sub-02,N,Fp1,alpha,-0.16912122,0.31040522
sub-02,N,Fp1,beta,-0.113807395,0.31125993
sub-02,N,Fp1,delta,0.2200437,0.2940113
sub-02,N,Fp1,gamma,-0.19702522,0.32617465
sub-02,N,Fp1,theta,0.044310804,0.19526504
sub-02,N,Fp2,alpha,-0.14505507,0.2743681
sub-02,N,Fp2,beta,0.07074756,0.39031756
sub-02,N,Fp2,delta,0.11881166,0.20674783
sub-02,N,Fp2,gamma,-0.16453995,0.42400146
sub-02,N,Fp2,theta,-0.07495631,0.15537815
sub-02,N,Fz,alpha,-0.0011392572,0.27536583
sub-02,N,Fz,beta,-0.005701579,0.30657423
sub-02,N,Fz,delta,-0.11407652,0.2571895
sub-02,N,Fz,gamma,-0.16916299,0.3781877
sub-02,N,Fz,theta,0.09005515,0.23598517
sub-02,N,O1,alpha,-0.22208802,0.33482003
sub-02,N,O1,beta,0.054464657,0.35548356
sub-02,N,O1,delta,0.13429429,0.17755441
sub-02,N,O1,gamma,-0.5023733,0.68647814
sub-02,N,O1,theta,0.07684964,0.18001795
sub-02,N,O2,alpha,-0.19561566,0.33876228
sub-02,N,O2,beta,-0.010615141,0.29036415
sub-02,N,O2,delta,0.564261,0.58893406
sub-02,N,O2,gamma,-0.12173781,0.34095013
sub-02,N,O2,theta,0.31184182,0.3950567
sub-02,N,P3,alpha,-0.040533762,0.27023494
sub-02,N,P3,beta,-0.058298543,0.22966439
sub-02,N,P3,delta,-0.024955131,0.21078555
sub-02,N,P3,gamma,0.21351676,0.39601615
sub-02,N,P3,theta,-0.05570191,0.25612935
sub-02,N,P4,alpha,0.03356591,0.28271678
sub-02,N,P4,beta,-0.25493428,0.33727717
sub-02,N,P4,delta,0.018637393,0.20806955
sub-02,N,P4,gamma,0.1594114,0.29292274
sub-02,N,P4,theta,-0.06054212,0.25001958
sub-02,N,Pz,alpha,-0.029867595,0.2678801
sub-02,N,Pz,beta,0.013466928,0.20690893
sub-02,N,Pz,delta,-0.16807666,0.2889134
sub-02,N,Pz,gamma,0.029952867,0.39129692
sub-02,N,Pz,theta,-0.23741393,0.29902297
sub-03,N,C3,alpha,-0.09943174,0.32751662
sub-03,N,C3,beta,0.09248408,0.18921545
sub-03,N,C3,delta,0.18928266,0.21400179
sub-03,N,C3,gamma,-0.05021803,0.1810983
sub-03,N,C3,theta,0.084915556,0.12674634
sub-03,N,C4,alpha,-0.113201566,0.31302223
sub-03,N,C4,beta,-0.046728674,0.20530559
sub-03,N,C4,delta,0.0057347785,0.13810433
sub-03,N,C4,gamma,-0.028305782,0.16933902
sub-03,N,C4,theta,0.017859567,0.119493775
sub-03,N,Cz,alpha,0.12991819,0.34025836
sub-03,N,Cz,beta,0.040040687,0.27809745
sub-03,N,Cz,delta,0.04589487,0.17444205
sub-03,N,Cz,gamma,0.16918643,0.2773864
sub-03,N,Cz,theta,-0.08893757,0.17013358
sub-03,N,F3,alpha,-0.07239244,0.3153156
sub-03,N,F3,beta,0.030456703,0.16907854
sub-03,N,F3,delta,-0.06299269,0.1600403
sub-03,N,F3,gamma,0.010139974,0.16427684
sub-03,N,F3,theta,0.014303664,0.12158979
sub-03,N,F4,alpha,-0.17188072,0.38050073
sub-03,N,F4,beta,-0.0024721439,0.19303246
sub-03,N,F4,delta,-0.042404152,0.16645373
sub-03,N,F4,gamma,0.03643772,0.14739713
sub-03,N,F4,theta,-0.00900081,0.15674645
sub-03,N,F7,alpha,-0.17834401,0.44479147
sub-03,N,F7,beta,-0.28711894,0.36111334
sub-03,N,F7,delta,-0.05354916,0.22331642
sub-03,N,F7,gamma,-0.22100376,0.31295478
sub-03,N,F7,theta,-0.36717913,0.4438186
sub-03,N,F8,alpha,-0.016246863,0.30955347
sub-03,N,F8,beta,-0.23068511,0.33460012
sub-03,N,F8,delta,-0.112824194,0.19541232
sub-03,N,F8,gamma,0.07628637,0.25426576
sub-03,N,F8,theta,-0.1266823,0.18994059
sub-03,N,Fp1,alpha,-0.07564195,0.37355664
sub-03,N,Fp1,beta,-0.018845035,0.19926672
sub-03,N,Fp1,delta,0.11992036,0.16196172
sub-03,N,Fp1,gamma,-0.16699563,0.24383348
sub-03,N,Fp1,theta,-0.007679137,0.122459516
sub-03,N,Fp2,alpha,-0.2199134,0.43442187
sub-03,N,Fp2,beta,0.05367533,0.25476968
sub-03,N,Fp2,delta,0.12748264,0.17262466
sub-03,N,Fp2,gamma,-0.05871635,0.11735247
sub-03,N,Fp2,theta,-0.038397554,0.12093233
sub-03,N,Fz,alpha,-0.15305421,0.3496701
sub-03,N,Fz,beta,-0.04037284,0.23264696
sub-03,N,Fz,delta,-0.086845025,0.192564
sub-03,N,Fz,gamma,0.033196818,0.19952679
sub-03,N,Fz,theta,-0.0042457683,0.12445176
sub-03,N,O1,alpha,-0.20988306,0.4319636
sub-03,N,O1,beta,-0.045939013,0.22696392
sub-03,N,O1,delta,0.09037334,0.17904574
sub-03,N,O1,gamma,-0.16810353,0.2501065
sub-03,N,O1,theta,-0.04787589,0.19275661
sub-03,N,O2,alpha,-0.34204316,0.46991074
sub-03,N,O2,beta,-0.06867409,0.26629966
sub-03,N,O2,delta,0.3664472,0.39381048
sub-03,N,O2,gamma,-0.0055706766,0.17019911
sub-03,N,O2,theta,0.10512974,0.19979265
sub-03,N,P3,alpha,-0.13093251,0.359363
sub-03,N,P3,beta,-0.0030825809,0.14800902
sub-03,N,P3,delta,0.03409393,0.12739187
sub-03,N,P3,gamma,0.156002,0.21339563
sub-03,N,P3,theta,-0.13224004,0.15911496
sub-03,N,P4,alpha,-0.0040448844,0.30874276
sub-03,N,P4,beta,-0.21591029,0.28940234
sub-03,N,P4,delta,0.039807133,0.11671395
sub-03,N,P4,gamma,0.04611582,0.124759845
sub-03,N,P4,theta,-0.100570336,0.15068616
sub-03,N,Pz,alpha,-0.051051114,0.3228489
sub-03,N,Pz,beta,-0.026803399,0.1754857
sub-03,N,Pz,delta,-0.12337584,0.18580768
sub-03,N,Pz,gamma,0.03724868,0.12419607
sub-03,N,Pz,theta,-0.19895335,0.21336783
sub-04,N,C3,alpha,-0.004040839,0.29153407
sub-04,N,C3,beta,0.08661995,0.2061822
sub-04,N,C3,delta,0.28141007,0.32715812
sub-04,N,C3,gamma,-0.15981247,0.28572586
sub-04,N,C3,theta,0.12761365,0.1736581
sub-04,N,C4,alpha,-0.083939806,0.24451785
sub-04,N,C4,beta,-0.07824397,0.23868711
sub-04,N,C4,delta,-0.073151596,0.28382033
sub-04,N,C4,gamma,0.070488125,0.469216
sub-04,N,C4,theta,0.09243041,0.2485905
sub-04,N,Cz,alpha,0.1652827,0.35762322
sub-04,N,Cz,beta,0.10872821,0.29063553
sub-04,N,Cz,delta,0.035256203,0.23303933
sub-04,N,Cz,gamma,0.096077494,0.28469664
sub-04,N,Cz,theta,-0.14985688,0.2460136
sub-04,N,F3,alpha,-0.13383311,0.28253603
sub-04,N,F3,beta,0.064584926,0.21155702
sub-04,N,F3,delta,-0.15045944,0.33431223
sub-04,N,F3,gamma,-0.03437457,0.22685096
sub-04,N,F3,theta,0.0059039393,0.20903482
sub-04,N,F4,alpha,-0.07773066,0.2867622
sub-04,N,F4,beta,0.01631075,0.23082434
sub-04,N,F4,delta,-0.1267462,0.26049998
sub-04,N,F4,gamma,0.134305,0.32003424
sub-04,N,F4,theta,0.047053315,0.23248316
sub-04,N,F7,alpha,-0.13802408,0.3578817
sub-04,N,F7,beta,-0.44911814,0.52479273
sub-04,N,F7,delta,-0.0381618,0.3240654
sub-04,N,F7,gamma,-0.25753966,0.40887934
sub-04,N,F7,theta,-0.4150484,0.5156796
sub-04,N,F8,alpha,0.061252,0.26363477
sub-04,N,F8,beta,-0.30276057,0.38075757
sub-04,N,F8,delta,-0.19590642,0.33244208
sub-04,N,F8,gamma,0.026329402,0.28754357
sub-04,N,F8,theta,-0.13792418,0.23447
sub-04,N,Fp1,alpha,-0.1752053,0.3436434
sub-04,N,Fp1,beta,-0.123662055,0.32716155
sub-04,N,Fp1,delta,0.19373184,0.27146682
sub-04,N,Fp1,gamma,-0.17846093,0.37111068
sub-04,N,Fp1,theta,0.022328006,0.17078002
sub-04,N,Fp2,alpha,-0.27881327,0.41569242
sub-04,N,Fp2,beta,0.023901226,0.33179024
sub-04,N,Fp2,delta,0.14018017,0.2395853
sub-04,N,Fp2,gamma,-0.19905296,0.33501068
sub-04,N,Fp2,theta,-0.123065665,0.21307123
sub-04,N,Fz,alpha,-0.03692907,0.25253198
sub-04,N,Fz,beta,-0.03796358,0.31661034
sub-04,N,Fz,delta,-0.15058757,0.30532613
sub-04,N,Fz,gamma,-0.06887914,0.31435284
sub-04,N,Fz,theta,0.09385086,0.25710616
sub-04,N,O1,alpha,-0.25441074,0.3981468
sub-04,N,O1,beta,-0.019597769,0.32921615
sub-04,N,O1,delta,0.14917503,0.24176715
sub-04,N,O1,gamma,-0.53532594,0.6153222
sub-04,N,O1,theta,0.03123018,0.21047644
sub-04,N,O2,alpha,-0.25825766,0.38770223
sub-04,N,O2,beta,0.019186791,0.4216584
sub-04,N,O2,delta,0.49595195,0.52505136
sub-04,N,O2,gamma,-0.07191765,0.34496203
sub-04,N,O2,theta,0.1989552,0.25692225
sub-04,N,P3,alpha,-0.11215228,0.3519249
sub-04,N,P3,beta,-0.076344535,0.20487228
sub-04,N,P3,delta,0.004301696,0.16219157
sub-04,N,P3,gamma,0.13750723,0.27113298
sub-04,N,P3,theta,-0.11144319,0.18881877
sub-04,N,P4,alpha,0.014651775,0.26501825
sub-04,N,P4,beta,-0.48035023,0.5758605
sub-04,N,P4,delta,0.010875095,0.22284558
sub-04,N,P4,gamma,0.25686574,0.3745636
sub-04,N,P4,theta,-0.13884784,0.24481353
sub-04,N,Pz,alpha,-0.026977861,0.31488937
sub-04,N,Pz,beta,-0.049507115,0.20055296
sub-04,N,Pz,delta,-0.17456178,0.2536821
sub-04,N,Pz,gamma,-7.955616e-05,0.2007064
sub-04,N,Pz,theta,-0.22759703,0.26192814
sub-05,N,C3,alpha,-0.041449837,0.255708
sub-05,N,C3,beta,0.087140545,0.19157098
sub-05,N,C3,delta,0.2274945,0.2921949
sub-05,N,C3,gamma,-0.055664103,0.14823744
sub-05,N,C3,theta,0.24266358,0.30072492
sub-05,N,C4,alpha,-0.059070755,0.26185456
sub-05,N,C4,beta,-0.075341135,0.21121477
sub-05,N,C4,delta,0.006289758,0.21649519
sub-05,N,C4,gamma,-0.02919506,0.16783606
sub-05,N,C4,theta,0.25139824,0.36918935
sub-05,N,Cz,alpha,0.14753123,0.30799493
sub-05,N,Cz,beta,0.108360074,0.25332248
sub-05,N,Cz,delta,0.034304727,0.24819171
sub-05,N,Cz,gamma,0.016930163,0.11660262
sub-05,N,Cz,theta,-0.12896766,0.29401204
sub-05,N,F3,alpha,-0.0830999,0.25226516
sub-05,N,F3,beta,0.027294457,0.16574778
sub-05,N,F3,delta,-0.08940736,0.2982264
sub-05,N,F3,gamma,-0.0030946115,0.10899893
sub-05,N,F3,theta,0.17753501,0.3127272
sub-05,N,F4,alpha,-0.100973465,0.3236646
sub-05,N,F4,beta,0.0036423986,0.17190371
sub-05,N,F4,delta,-0.06961708,0.22173084
sub-05,N,F4,gamma,-3.831975e-05,0.08625152
sub-05,N,F4,theta,0.15264855,0.32835656
sub-05,N,F7,alpha,-0.2190948,0.40162373
sub-05,N,F7,beta,-0.2661684,0.3052698
sub-05,N,F7,delta,0.08286016,0.30149
sub-05,N,F7,gamma,-0.09862393,0.1377121
sub-05,N,F7,theta,-0.029256487,0.7081645
sub-05,N,F8,alpha,0.045322727,0.23122215
sub-05,N,F8,beta,-0.18676504,0.27074632
sub-05,N,F8,delta,-0.083058186,0.24997355
sub-05,N,F8,gamma,0.02792469,0.19481893
sub-05,N,F8,theta,0.1353953,0.42624283
sub-05,N,Fp1,alpha,-0.17450869,0.33235705
sub-05,N,Fp1,beta,0.017305683,0.22882454
sub-05,N,Fp1,delta,0.1689243,0.25216123
sub-05,N,Fp1,gamma,-0.1088484,0.17463598
sub-05,N,Fp1,theta,0.06833437,0.23598953
sub-05,N,Fp2,alpha,-0.2746276,0.39005017
sub-05,N,Fp2,beta,0.07112557,0.29553494
sub-05,N,Fp2,delta,0.17383687,0.25896147
sub-05,N,Fp2,gamma,-0.050299924,0.12817019
sub-05,N,Fp2,theta,-0.11123307,0.28445715
sub-05,N,Fz,alpha,-0.057879146,0.2465085
sub-05,N,Fz,beta,-0.056294516,0.20829391
sub-05,N,Fz,delta,-0.07124944,0.27315775
sub-05,N,Fz,gamma,0.0035166417,0.1452189
sub-05,N,Fz,theta,0.22188386,0.3592331
sub-05,N,O1,alpha,-0.21118696,0.37683874
sub-05,N,O1,beta,-0.06130594,0.19235821
sub-05,N,O1,delta,0.16938856,0.27270994
sub-05,N,O1,gamma,-0.1293619,0.19053634
sub-05,N,O1,theta,0.026272228,0.26676518
sub-05,N,O2,alpha,-0.26733923,0.36310214
sub-05,N,O2,beta,-0.08374441,0.21562216
sub-05,N,O2,delta,0.48454955,0.52171904
sub-05,N,O2,gamma,-0.061037026,0.13070863
sub-05,N,O2,theta,0.18822661,0.34197345
sub-05,N,P3,alpha,-0.17183748,0.3086712
sub-05,N,P3,beta,-0.06433665,0.16431506
sub-05,N,P3,delta,0.08105419,0.21328698
sub-05,N,P3,gamma,0.12582774,0.17792603
sub-05,N,P3,theta,0.13286734,0.44369492
sub-05,N,P4,alpha,-0.055047214,0.2368734
sub-05,N,P4,beta,-0.2554901,0.3247788
sub-05,N,P4,delta,0.05600769,0.2528846
sub-05,N,P4,gamma,0.04855236,0.12554064
sub-05,N,P4,theta,0.055297807,0.43141997
sub-05,N,Pz,alpha,-0.046115268,0.25681415
sub-05,N,Pz,beta,-0.052919164,0.18369178
sub-05,N,Pz,delta,-0.09759201,0.26039433
sub-05,N,Pz,gamma,0.04414521,0.13354062
sub-05,N,Pz,theta,-0.16826564,0.3746548
sub-06,N,C3,alpha,0.020007718,0.21111906
sub-06,N,C3,beta,0.075706586,0.2801041
sub-06,N,C3,delta,0.2612029,0.3097031
sub-06,N,C3,gamma,-0.17396049,0.39069623
sub-06,N,C3,theta,0.12892376,0.17066611
sub-06,N,C4,alpha,-0.07075042,0.24647716
sub-06,N,C4,beta,-0.09098176,0.25799942
sub-06,N,C4,delta,-0.037554406,0.20646027
sub-06,N,C4,gamma,0.06537774,0.53388786
sub-06,N,C4,theta,0.052808855,0.20124711
sub-06,N,Cz,alpha,0.17367765,0.34790754
sub-06,N,Cz,beta,0.107999615,0.33393478
sub-06,N,Cz,delta,0.07470793,0.20074946
sub-06,N,Cz,gamma,0.07028271,0.2858804
sub-06,N,Cz,theta,-0.13040262,0.24001169
sub-06,N,F3,alpha,-0.1291703,0.24324553
sub-06,N,F3,beta,0.08308068,0.23923148
sub-06,N,F3,delta,-0.05186068,0.24525209
sub-06,N,F3,gamma,-0.053284124,0.2719726
sub-06,N,F3,theta,0.06789664,0.27689
sub-06,N,F4,alpha,0.011878629,0.24878508
sub-06,N,F4,beta,0.043403227,0.24046192
sub-06,N,F4,delta,-0.09938496,0.22869864
sub-06,N,F4,gamma,0.20800318,0.3980867
sub-06,N,F4,theta,0.08477053,0.27754498
sub-06,N,F7,alpha,-0.16667986,0.3426486
sub-06,N,F7,beta,-0.46189603,0.5451572
sub-06,N,F7,delta,-0.0332171,0.32349992
sub-06,N,F7,gamma,-0.3373613,0.45623478
sub-06,N,F7,theta,-0.35248187,0.56155145
sub-06,N,F8,alpha,0.024518881,0.1740748
sub-06,N,F8,beta,-0.4534451,0.5631516
sub-06,N,F8,delta,-0.19654329,0.301745
sub-06,N,F8,gamma,0.18593915,0.47407275
sub-06,N,F8,theta,-0.119250566,0.22212532
sub-06,N,Fp1,alpha,-0.19553459,0.31782633
sub-06,N,Fp1,beta,-0.18232113,0.38129264
sub-06,N,Fp1,delta,0.19840086,0.26279444
sub-06,N,Fp1,gamma,-0.20307378,0.35439724
sub-06,N,Fp1,theta,0.04140959,0.22170162
sub-06,N,Fp2,alpha,-0.16937526,0.28060243
sub-06,N,Fp2,beta,0.034735177,0.35716143
sub-06,N,Fp2,delta,0.1419916,0.24532959
sub-06,N,Fp2,gamma,-0.16467623,0.35523427
sub-06,N,Fp2,theta,-0.14170003,0.24472223
sub-06,N,Fz,alpha,-0.024594953,0.2802069
sub-06,N,Fz,beta,-0.0143833775,0.27445108
sub-06,N,Fz,delta,-0.05941736,0.19771264
sub-06,N,Fz,gamma,-0.030960862,0.21798459
sub-06,N,Fz,theta,0.23925498,0.40321136
sub-06,N,O1,alpha,-0.2843312,0.4314623
sub-06,N,O1,beta,-0.051475465,0.22237706
sub-06,N,O1,delta,0.14301544,0.19504255
sub-06,N,O1,gamma,-0.35626966,0.42961517
sub-06,N,O1,theta,0.057831742,0.19240674
sub-06,N,O2,alpha,-0.2683556,0.40931642
sub-06,N,O2,beta,-0.033483762,0.31897417
sub-06,N,O2,delta,0.49353683,0.5238603
sub-06,N,O2,gamma,-0.07701154,0.2655319
sub-06,N,O2,theta,0.25806347,0.32822442
sub-06,N,P3,alpha,-0.08696094,0.29100978
sub-06,N,P3,beta,-0.10325458,0.26131523
sub-06,N,P3,delta,-0.004847578,0.19470802
sub-06,N,P3,gamma,0.12163835,0.33806542
sub-06,N,P3,theta,-0.02261085,0.30057934
sub-06,N,P4,alpha,0.012417092,0.2118858
sub-06,N,P4,beta,-0.44257915,0.5508967
sub-06,N,P4,delta,-0.00082537165,0.25299937
sub-06,N,P4,gamma,0.35121867,0.48787647
sub-06,N,P4,theta,-0.059302513,0.33542746
sub-06,N,Pz,alpha,-0.025996268,0.21445325
sub-06,N,Pz,beta,-0.00635321,0.24212793
sub-06,N,Pz,delta,-0.2141526,0.3313789
sub-06,N,Pz,gamma,-0.0631613,0.31428257
sub-06,N,Pz,theta,-0.24028829,0.3580155
sub-07,N,C3,alpha,-0.012492366,0.14394926
sub-07,N,C3,beta,-0.026216283,0.31146455
sub-07,N,C3,delta,0.17604752,0.23129529
sub-07,N,C3,gamma,-0.18507369,0.36753494
sub-07,N,C3,theta,0.105292425,0.15276505
sub-07,N,C4,alpha,-0.06896616,0.18495527
sub-07,N,C4,beta,-0.10219584,0.28321186
sub-07,N,C4,delta,-0.07078743,0.20819667
sub-07,N,C4,gamma,-0.013704538,0.44343838
sub-07,N,C4,theta,0.028665733,0.17479196
sub-07,N,Cz,alpha,0.07464927,0.23063108
sub-07,N,Cz,beta,0.0148877,0.39174187
sub-07,N,Cz,delta,0.08033631,0.19477281
sub-07,N,Cz,gamma,0.01235989,0.3038133
sub-07,N,Cz,theta,-0.111459665,0.21546212
sub-07,N,F3,alpha,-0.039576013,0.10694153
sub-07,N,F3,beta,0.016365841,0.30143157
sub-07,N,F3,delta,-0.0014480419,0.05780126
sub-07,N,F3,gamma,0.025562948,0.37291056
sub-07,N,F3,theta,0.0023250321,0.09279931
sub-07,N,F4,alpha,0.046528317,0.14586662
sub-07,N,F4,beta,-0.0029932943,0.26020202
sub-07,N,F4,delta,-0.08241124,0.1581472
sub-07,N,F4,gamma,0.12835175,0.42309058
sub-07,N,F4,theta,0.026812544,0.19839267
sub-07,N,F7,alpha,-0.1203147,0.23228262
sub-07,N,F7,beta,-0.5961174,0.69698006
sub-07,N,F7,delta,-0.05998417,0.16520445
sub-07,N,F7,gamma,-0.324929,0.5641434
sub-07,N,F7,theta,-0.29687867,0.3477632
sub-07,N,F8,alpha,0.02681423,0.20147777
sub-07,N,F8,beta,-0.47073838,0.5912989
sub-07,N,F8,delta,-0.16723406,0.26037398
sub-07,N,F8,gamma,0.035635028,0.39411443
sub-07,N,F8,theta,-0.10374861,0.22270429
sub-07,N,Fp1,alpha,-0.11977324,0.21535061
sub-07,N,Fp1,beta,-0.3047297,0.4631164
sub-07,N,Fp1,delta,0.078766935,0.12501115
sub-07,N,Fp1,gamma,-0.2302329,0.375013
sub-07,N,Fp1,theta,0.011445669,0.111643836
sub-07,N,Fp2,alpha,-0.11609755,0.25521594
sub-07,N,Fp2,beta,-0.0043092244,0.35835946
sub-07,N,Fp2,delta,0.090045705,0.19639651
sub-07,N,Fp2,gamma,-0.16036685,0.36491594
sub-07,N,Fp2,theta,-0.09340364,0.17830281
sub-07,N,Fz,alpha,-0.006920234,0.21362384
sub-07,N,Fz,beta,0.03242669,0.37649748
sub-07,N,Fz,delta,-0.09861574,0.19605352
sub-07,N,Fz,gamma,-0.23130196,0.40111443
sub-07,N,Fz,theta,0.12857464,0.27225313
sub-07,N,O1,alpha,-0.15548037,0.22963433
sub-07,N,O1,beta,0.025775127,0.36748603
sub-07,N,O1,delta,0.13720636,0.2021848
sub-07,N,O1,gamma,-0.5009259,0.64880216
sub-07,N,O1,theta,0.08289797,0.21338914
sub-07,N,O2,alpha,-0.13435337,0.20578048
sub-07,N,O2,beta,0.0048008217,0.3911637
sub-07,N,O2,delta,0.45775422,0.49891213
sub-07,N,O2,gamma,-0.23719965,0.44837877
sub-07,N,O2,theta,0.303366,0.35030916
sub-07,N,P3,alpha,-0.028775163,0.23624162
sub-07,N,P3,beta,-0.1101424,0.30228397
sub-07,N,P3,delta,-0.042472925,0.2045801
sub-07,N,P3,gamma,0.08071218,0.2862389
sub-07,N,P3,theta,-0.052280743,0.24966887
sub-07,N,P4,alpha,0.02059305,0.19718231
sub-07,N,P4,beta,-0.41104373,0.5400854
sub-07,N,P4,delta,-0.0076229796,0.22433136
sub-07,N,P4,gamma,0.1942776,0.34528756
sub-07,N,P4,theta,-0.049722623,0.23732111
sub-07,N,Pz,alpha,-0.038532943,0.24547255
sub-07,N,Pz,beta,0.025327114,0.27087265
sub-07,N,Pz,delta,-0.15146956,0.2732232
sub-07,N,Pz,gamma,-0.082426585,0.256231
sub-07,N,Pz,theta,-0.19249484,0.26787588
sub-08,N,C3,alpha,-0.013257174,0.20548968
sub-08,N,C3,beta,0.11407984,0.28277612
sub-08,N,C3,delta,0.22966343,0.286259
sub-08,N,C3,gamma,-0.13758743,0.36623338
sub-08,N,C3,theta,0.08749182,0.13454449
sub-08,N,C4,alpha,-0.0736392,0.2761106
sub-08,N,C4,beta,-0.09539943,0.25701106
sub-08,N,C4,delta,-0.09158018,0.26226628
sub-08,N,C4,gamma,-0.0761776,0.29099894
sub-08,N,C4,theta,0.056724798,0.21016839
sub-08,N,Cz,alpha,0.12532514,0.31510016
sub-08,N,Cz,beta,0.14898734,0.3691358
sub-08,N,Cz,delta,-0.0029702662,0.25527248
sub-08,N,Cz,gamma,0.076460354,0.2679166
sub-08,N,Cz,theta,-0.16024129,0.25803337
sub-08,N,F3,alpha,-0.14399883,0.2659749
sub-08,N,F3,beta,0.095739,0.2527371
sub-08,N,F3,delta,-0.12724444,0.29372543
sub-08,N,F3,gamma,-0.024003992,0.28297803
sub-08,N,F3,theta,-0.0057843444,0.19589171
sub-08,N,F4,alpha,-0.056499954,0.27956498
sub-08,N,F4,beta,0.02472044,0.25701565
sub-08,N,F4,delta,-0.16320553,0.2872185
sub-08,N,F4,gamma,0.001784477,0.19257244
sub-08,N,F4,theta,0.0658004,0.26496273
sub-08,N,F7,alpha,-0.19838893,0.36479712
sub-08,N,F7,beta,-0.45144323,0.5095841
sub-08,N,F7,delta,-0.048145033,0.35013947
sub-08,N,F7,gamma,-0.30574405,0.44033584
sub-08,N,F7,theta,-0.42315975,0.5618835
sub-08,N,F8,alpha,0.030359711,0.21992381
sub-08,N,F8,beta,-0.30618864,0.3760116
sub-08,N,F8,delta,-0.22025473,0.3682174
sub-08,N,F8,gamma,-0.038839627,0.18537594
sub-08,N,F8,theta,-0.12814681,0.25164402
sub-08,N,Fp1,alpha,-0.14622019,0.2606525
sub-08,N,Fp1,beta,-0.040716868,0.25136638
sub-08,N,Fp1,delta,0.23576385,0.33911136
sub-08,N,Fp1,gamma,-0.18013275,0.29580456
sub-08,N,Fp1,theta,0.010674303,0.21075329
sub-08,N,Fp2,alpha,-0.18694018,0.28698954
sub-08,N,Fp2,beta,0.084278226,0.2533156
sub-08,N,Fp2,delta,0.14007826,0.30251333
sub-08,N,Fp2,gamma,-0.098822415,0.19576612
sub-08,N,Fp2,theta,-0.15039806,0.23696782
sub-08,N,Fz,alpha,-0.041717913,0.2638668
sub-08,N,Fz,beta,-0.0038219802,0.35785562
sub-08,N,Fz,delta,-0.14662199,0.2968071
sub-08,N,Fz,gamma,-0.08240739,0.29252204
sub-08,N,Fz,theta,0.11265321,0.30003616
sub-08,N,O1,alpha,-0.28942057,0.40483904
sub-08,N,O1,beta,-0.053095836,0.2916134
sub-08,N,O1,delta,0.17277664,0.274981
sub-08,N,O1,gamma,-0.36671156,0.42489102
sub-08,N,O1,theta,0.033685245,0.22478904
sub-08,N,O2,alpha,-0.29134187,0.4012723
sub-08,N,O2,beta,0.013401439,0.40250885
sub-08,N,O2,delta,0.4664236,0.49879637
sub-08,N,O2,gamma,-0.10846517,0.39186916
sub-08,N,O2,theta,0.20624079,0.27650085
sub-08,N,P3,alpha,-0.12403286,0.32475173
sub-08,N,P3,beta,-0.09172369,0.2408255
sub-08,N,P3,delta,-0.010422681,0.21596988
sub-08,N,P3,gamma,0.102234416,0.24437268
sub-08,N,P3,theta,-0.08451477,0.2911881
sub-08,N,P4,alpha,0.011105072,0.29084468
sub-08,N,P4,beta,-0.43700397,0.51981795
sub-08,N,P4,delta,-0.021792768,0.224573
sub-08,N,P4,gamma,0.16412754,0.29001048
sub-08,N,P4,theta,-0.14601415,0.27163258
sub-08,N,Pz,alpha,-0.047741592,0.2756077
sub-08,N,Pz,beta,-0.047511905,0.22689262
sub-08,N,Pz,delta,-0.25015113,0.3601193
sub-08,N,Pz,gamma,-0.018185044,0.21536696
sub-08,N,Pz,theta,-0.29362866,0.34645304
sub-09,N,C3,alpha,-0.020154022,0.22945087
sub-09,N,C3,beta,0.11707557,0.2679003
sub-09,N,C3,delta,0.25411355,0.30200773
sub-09,N,C3,gamma,-0.09641678,0.36576092
sub-09,N,C3,theta,0.12158992,0.1827834
sub-09,N,C4,alpha,-0.08100528,0.26503336
sub-09,N,C4,beta,-0.103073105,0.24257281
sub-09,N,C4,delta,-0.068855144,0.261067
sub-09,N,C4,gamma,-0.002311202,0.32377526
sub-09,N,C4,theta,0.124405146,0.27515116
sub-09,N,Cz,alpha,0.14986388,0.3526306
sub-09,N,Cz,beta,0.11593252,0.29210696
sub-09,N,Cz,delta,0.015417362,0.23520187
sub-09,N,Cz,gamma,0.04569817,0.22561646
sub-09,N,Cz,theta,-0.15441394,0.25997514
sub-09,N,F3,alpha,-0.12735459,0.28510153
sub-09,N,F3,beta,0.045471378,0.17982545
sub-09,N,F3,delta,-0.1652346,0.3269113
sub-09,N,F3,gamma,-0.041104566,0.17887859
sub-09,N,F3,theta,0.055967428,0.24034844
sub-09,N,F4,alpha,-0.082498856,0.3022634
sub-09,N,F4,beta,-0.015688412,0.20530388
sub-09,N,F4,delta,-0.13661653,0.26031065
sub-09,N,F4,gamma,0.114614904,0.2975858
sub-09,N,F4,theta,0.05782168,0.25215214
sub-09,N,F7,alpha,-0.1968488,0.39374578
sub-09,N,F7,beta,-0.3733463,0.42704603
sub-09,N,F7,delta,-0.04746825,0.34265083
sub-09,N,F7,gamma,-0.22888687,0.2974252
sub-09,N,F7,theta,-0.34906742,0.58884937
sub-09,N,F8,alpha,0.04420752,0.26053518
sub-09,N,F8,beta,-0.3192879,0.3915779
sub-09,N,F8,delta,-0.18665293,0.32400712
sub-09,N,F8,gamma,-0.021533474,0.20697273
sub-09,N,F8,theta,-0.10208787,0.27694738
sub-09,N,Fp1,alpha,-0.1919791,0.34846637
sub-09,N,Fp1,beta,-0.062462546,0.26952705
sub-09,N,Fp1,delta,0.18596037,0.28995886
sub-09,N,Fp1,gamma,-0.17629491,0.28954372
sub-09,N,Fp1,theta,0.022734739,0.20051605
sub-09,N,Fp2,alpha,-0.24852803,0.35568216
sub-09,N,Fp2,beta,0.052557413,0.3369916
sub-09,N,Fp2,delta,0.12787977,0.25749317
sub-09,N,Fp2,gamma,-0.14661205,0.3297039
sub-09,N,Fp2,theta,-0.15850691,0.24857861
sub-09,N,Fz,alpha,-0.055204976,0.2847382
sub-09,N,Fz,beta,-0.08290203,0.2676047
sub-09,N,Fz,delta,-0.15431252,0.2971146
sub-09,N,Fz,gamma,-0.08772096,0.2858802
sub-09,N,Fz,theta,0.12808761,0.2752912
sub-09,N,O1,alpha,-0.26540577,0.40596738
sub-09,N,O1,beta,-0.06557604,0.2713005
sub-09,N,O1,delta,0.15620874,0.25190136
sub-09,N,O1,gamma,-0.3814329,0.4460463
sub-09,N,O1,theta,0.0399149,0.20389044
sub-09,N,O2,alpha,-0.2911921,0.39845422
sub-09,N,O2,beta,-0.06589121,0.31485918
sub-09,N,O2,delta,0.46010846,0.4991366
sub-09,N,O2,gamma,-0.09657323,0.25650075
sub-09,N,O2,theta,0.21053068,0.29233897
sub-09,N,P3,alpha,-0.13526665,0.3029893
sub-09,N,P3,beta,-0.10702131,0.24084616
sub-09,N,P3,delta,0.0037343202,0.2213521
sub-09,N,P3,gamma,0.10430531,0.28200325
sub-09,N,P3,theta,-0.059650898,0.29572144
sub-09,N,P4,alpha,-0.018663837,0.26051867
sub-09,N,P4,beta,-0.41436172,0.49145913
sub-09,N,P4,delta,-0.021924647,0.25030112
sub-09,N,P4,gamma,0.109361514,0.24045566
sub-09,N,P4,theta,-0.0956441,0.27026916
sub-09,N,Pz,alpha,-0.03839386,0.28287655
sub-09,N,Pz,beta,-0.07018203,0.20300771
sub-09,N,Pz,delta,-0.18871263,0.2992544
sub-09,N,Pz,gamma,-0.02625205,0.20442969
sub-09,N,Pz,theta,-0.2525704,0.30915835
sub-10,N,C3,alpha,0.003061306,0.25845957
sub-10,N,C3,beta,0.111561604,0.25218228
sub-10,N,C3,delta,0.23430562,0.28826535
sub-10,N,C3,gamma,-0.11762332,0.17577305
sub-10,N,C3,theta,0.1640006,0.22731632
sub-10,N,C4,alpha,-0.059347395,0.2577609
sub-10,N,C4,beta,-0.049333494,0.2506547
sub-10,N,C4,delta,-0.08298985,0.26081064
sub-10,N,C4,gamma,-0.11619727,0.2285868
sub-10,N,C4,theta,0.09199435,0.24718845
sub-10,N,Cz,alpha,0.1373449,0.32949504
sub-10,N,Cz,beta,0.123013705,0.3565806
sub-10,N,Cz,delta,0.024426302,0.25212622
sub-10,N,Cz,gamma,0.0661491,0.20149352
sub-10,N,Cz,theta,-0.11764333,0.22234946
sub-10,N,F3,alpha,-0.1232801,0.27672058
sub-10,N,F3,beta,0.1060318,0.2710456
sub-10,N,F3,delta,-0.07456583,0.23108545
sub-10,N,F3,gamma,-0.046744123,0.24034204
sub-10,N,F3,theta,0.012986384,0.16480274
sub-10,N,F4,alpha,-0.13939506,0.36068985
sub-10,N,F4,beta,0.08237373,0.29204476
sub-10,N,F4,delta,-0.06859621,0.17393044
sub-10,N,F4,gamma,-0.008139141,0.15897894
sub-10,N,F4,theta,0.046986464,0.23063909
sub-10,N,F7,alpha,-0.12641121,0.4366788
sub-10,N,F7,beta,-0.45372543,0.51544565
sub-10,N,F7,delta,-0.014174366,0.30787614
sub-10,N,F7,gamma,-0.21219574,0.2732008
sub-10,N,F7,theta,-0.38413092,0.5567366
sub-10,N,F8,alpha,0.10510583,0.30700055
sub-10,N,F8,beta,-0.3484869,0.47148535
sub-10,N,F8,delta,-0.14621702,0.26380083
sub-10,N,F8,gamma,-0.040352117,0.17968339
sub-10,N,F8,theta,-0.10671719,0.32411882
sub-10,N,Fp1,alpha,-0.11279688,0.26626486
sub-10,N,Fp1,beta,-0.028717672,0.23302987
sub-10,N,Fp1,delta,0.2292711,0.32460067
sub-10,N,Fp1,gamma,-0.16558912,0.2676854
sub-10,N,Fp1,theta,0.018552449,0.17296997
sub-10,N,Fp2,alpha,-0.19322926,0.3203304
sub-10,N,Fp2,beta,0.06964546,0.2931044
sub-10,N,Fp2,delta,0.17116001,0.29469448
sub-10,N,Fp2,gamma,-0.07750894,0.15700844
sub-10,N,Fp2,theta,-0.10075441,0.215442
sub-10,N,Fz,alpha,-0.110831596,0.34477788
sub-10,N,Fz,beta,0.049139827,0.39029717
sub-10,N,Fz,delta,-0.060426597,0.18807557
sub-10,N,Fz,gamma,0.019965325,0.21582113
sub-10,N,Fz,theta,0.039201897,0.19418655
sub-10,N,O1,alpha,-0.24092366,0.39990625
sub-10,N,O1,beta,0.016820937,0.3374149
sub-10,N,O1,delta,0.14935201,0.23059256
sub-10,N,O1,gamma,-0.3850227,0.43778297
sub-10,N,O1,theta,0.03415284,0.23832326
sub-10,N,O2,alpha,-0.29306412,0.40567127
sub-10,N,O2,beta,0.030246722,0.39754185
sub-10,N,O2,delta,0.4871627,0.5155447
sub-10,N,O2,gamma,-0.005243173,0.25413
sub-10,N,O2,theta,0.19375318,0.27260658
sub-10,N,P3,alpha,-0.09895703,0.31974858
sub-10,N,P3,beta,-0.058808625,0.28122243
sub-10,N,P3,delta,-0.005276956,0.19798517
sub-10,N,P3,gamma,0.12985323,0.22885606
sub-10,N,P3,theta,-0.07946604,0.28663972
sub-10,N,P4,alpha,0.009792964,0.2757103
sub-10,N,P4,beta,-0.44219747,0.54423994
sub-10,N,P4,delta,-0.00013671741,0.2495678
sub-10,N,P4,gamma,0.10109876,0.1959062
sub-10,N,P4,theta,-0.12717508,0.2228859
sub-10,N,Pz,alpha,-0.041659378,0.26979873
sub-10,N,Pz,beta,0.009258941,0.29026437
sub-10,N,Pz,delta,-0.21258672,0.3158265
sub-10,N,Pz,gamma,0.018455667,0.1601598
sub-10,N,Pz,theta,-0.27148572,0.3197866
sub-11,N,C3,alpha,0.014386452,0.26207548
sub-11,N,C3,beta,0.104433395,0.23843704
sub-11,N,C3,delta,0.27757934,0.33439103
sub-11,N,C3,gamma,-0.1800647,0.28667572
sub-11,N,C3,theta,0.15178585,0.20748664
sub-11,N,C4,alpha,-0.0632513,0.28738835
sub-11,N,C4,beta,-0.08990384,0.24656543
sub-11,N,C4,delta,-0.072678015,0.2434911
sub-11,N,C4,gamma,-0.06376887,0.30885124
sub-11,N,C4,theta,0.097044356,0.24541195
sub-11,N,Cz,alpha,0.16377011,0.33694485
sub-11,N,Cz,beta,0.1701257,0.36890098
sub-11,N,Cz,delta,0.06647014,0.2339327
sub-11,N,Cz,gamma,0.07742867,0.303024
sub-11,N,Cz,theta,-0.1534964,0.2722335
sub-11,N,F3,alpha,-0.14308606,0.2800576
sub-11,N,F3,beta,0.10666846,0.26370996
sub-11,N,F3,delta,-0.03787133,0.23587532
sub-11,N,F3,gamma,-0.045950755,0.2475789
sub-11,N,F3,theta,0.05687767,0.2578424
sub-11,N,F4,alpha,-0.01713822,0.25498682
sub-11,N,F4,beta,0.065714814,0.29418144
sub-11,N,F4,delta,-0.09837543,0.21808107
sub-11,N,F4,gamma,0.23138267,0.42657545
sub-11,N,F4,theta,0.0938832,0.277697
sub-11,N,F7,alpha,-0.19604623,0.36929277
sub-11,N,F7,beta,-0.47453955,0.53672165
sub-11,N,F7,delta,0.00050845323,0.34137338
sub-11,N,F7,gamma,-0.3053879,0.40051323
sub-11,N,F7,theta,-0.29608253,0.58515036
sub-11,N,F8,alpha,0.07978912,0.25447884
sub-11,N,F8,beta,-0.44191036,0.5260768
sub-11,N,F8,delta,-0.17780615,0.32261857
sub-11,N,F8,gamma,-0.016239969,0.24887998
sub-11,N,F8,theta,-0.09162215,0.29956222
sub-11,N,Fp1,alpha,-0.2097225,0.3266533
sub-11,N,Fp1,beta,-0.055459928,0.2677249
sub-11,N,Fp1,delta,0.24924257,0.34057355
sub-11,N,Fp1,gamma,-0.16136055,0.27911672
sub-11,N,Fp1,theta,0.051801287,0.22080475
sub-11,N,Fp2,alpha,-0.19272208,0.30190316
sub-11,N,Fp2,beta,0.074104965,0.32496166
sub-11,N,Fp2,delta,0.14022502,0.28088412
sub-11,N,Fp2,gamma,-0.122808136,0.32150152
sub-11,N,Fp2,theta,-0.14841492,0.2423044
sub-11,N,Fz,alpha,0.0022449542,0.28649113
sub-11,N,Fz,beta,0.006220952,0.35910898
sub-11,N,Fz,delta,-0.07939087,0.21871941
sub-11,N,Fz,gamma,-0.19355299,0.42160904
sub-11,N,Fz,theta,0.16757211,0.31747836
sub-11,N,O1,alpha,-0.23855479,0.3416966
sub-11,N,O1,beta,-0.038171146,0.28669474
sub-11,N,O1,delta,0.1943649,0.30518743
sub-11,N,O1,gamma,-0.5008153,0.5660139
sub-11,N,O1,theta,0.058663383,0.26732993
sub-11,N,O2,alpha,-0.16940612,0.27824324
sub-11,N,O2,beta,-0.026015814,0.336113
sub-11,N,O2,delta,0.64248246,0.67866117
sub-11,N,O2,gamma,-0.092574455,0.31139365
sub-11,N,O2,theta,0.29800782,0.41084704
sub-11,N,P3,alpha,-0.10976663,0.31425425
sub-11,N,P3,beta,-0.11828599,0.24874857
sub-11,N,P3,delta,0.016086463,0.21864168
sub-11,N,P3,gamma,0.09629962,0.28894317
sub-11,N,P3,theta,-0.026903836,0.29994562
sub-11,N,P4,alpha,0.010846454,0.25544468
sub-11,N,P4,beta,-0.43585426,0.5344613
sub-11,N,P4,delta,-0.0004018628,0.25519618
sub-11,N,P4,gamma,0.20817429,0.34037963
sub-11,N,P4,theta,-0.03907836,0.33376718
sub-11,N,Pz,alpha,-0.027319456,0.2719677
sub-11,N,Pz,beta,-0.03260288,0.22705796
sub-11,N,Pz,delta,-0.17813028,0.3147304
sub-11,N,Pz,gamma,-0.023470191,0.30052513
sub-11,N,Pz,theta,-0.24760142,0.3219015
sub-12,N,C3,alpha,0.0016825622,0.23847412
sub-12,N,C3,beta,0.096238084,0.34414017
sub-12,N,C3,delta,0.20870234,0.23824413
sub-12,N,C3,gamma,-0.11266301,0.2013009
sub-12,N,C3,theta,0.08682091,0.13363771
sub-12,N,C4,alpha,-0.080508515,0.24815144
sub-12,N,C4,beta,-0.041142203,0.27094927
sub-12,N,C4,delta,-0.04143255,0.21719602
sub-12,N,C4,gamma,-0.052176625,0.29648554
sub-12,N,C4,theta,0.029333133,0.1638413
sub-12,N,Cz,alpha,0.07360926,0.27404875
sub-12,N,Cz,beta,-0.02239649,0.4075167
sub-12,N,Cz,delta,0.050531622,0.15496138
sub-12,N,Cz,gamma,0.15568592,0.31563547
sub-12,N,Cz,theta,-0.08830312,0.16918881
sub-12,N,F3,alpha,-0.09189462,0.27762854
sub-12,N,F3,beta,0.029844992,0.17075041
sub-12,N,F3,delta,-0.2666192,0.3862809
sub-12,N,F3,gamma,-0.016510617,0.12711035
sub-12,N,F3,theta,0.0035009608,0.10602964
sub-12,N,F4,alpha,-0.14599386,0.3510587
sub-12,N,F4,beta,0.023338243,0.24761382
sub-12,N,F4,delta,-0.12398505,0.22074108
sub-12,N,F4,gamma,-0.013846647,0.14843398
sub-12,N,F4,theta,-0.017209047,0.13547482
sub-12,N,F7,alpha,-0.11341743,0.43649656
sub-12,N,F7,beta,-0.34265506,0.4167386
sub-12,N,F7,delta,-0.0739474,0.2977152
sub-12,N,F7,gamma,-0.12237929,0.19122571
sub-12,N,F7,theta,-0.4041502,0.45121396
sub-12,N,F8,alpha,0.028537478,0.20902169
sub-12,N,F8,beta,-0.11881721,0.20815
sub-12,N,F8,delta,-0.24122398,0.38273224
sub-12,N,F8,gamma,-0.03807573,0.11442651
sub-12,N,F8,theta,-0.07488835,0.13649274
sub-12,N,Fp1,alpha,-0.14031577,0.36013898
sub-12,N,Fp1,beta,-0.095841005,0.28470448
sub-12,N,Fp1,delta,0.16910034,0.2365826
sub-12,N,Fp1,gamma,-0.19390234,0.2688407
sub-12,N,Fp1,theta,-0.004318963,0.13093542
sub-12,N,Fp2,alpha,-0.2597212,0.41266897
sub-12,N,Fp2,beta,-0.021039918,0.37929702
sub-12,N,Fp2,delta,0.15200399,0.22450212
sub-12,N,Fp2,gamma,-0.20078346,0.2803585
sub-12,N,Fp2,theta,-0.050875854,0.13857783
sub-12,N,Fz,alpha,-0.11590804,0.32732493
sub-12,N,Fz,beta,0.0069058244,0.34449136
sub-12,N,Fz,delta,-0.099097796,0.20564315
sub-12,N,Fz,gamma,0.020798093,0.2412834
sub-12,N,Fz,theta,-0.005981608,0.12887384
sub-12,N,O1,alpha,-0.21590555,0.40906772
sub-12,N,O1,beta,-0.06846826,0.263077
sub-12,N,O1,delta,0.08751675,0.23250262
sub-12,N,O1,gamma,-0.16782127,0.24877849
sub-12,N,O1,theta,0.0012772266,0.13256335
sub-12,N,O2,alpha,-0.3387062,0.46617585
sub-12,N,O2,beta,-0.07418634,0.28998622
sub-12,N,O2,delta,0.4574476,0.48351595
sub-12,N,O2,gamma,-0.030335085,0.17878975
sub-12,N,O2,theta,0.064938225,0.09945373
sub-12,N,P3,alpha,-0.10999641,0.35632437
sub-12,N,P3,beta,-0.040168975,0.23917827
sub-12,N,P3,delta,-0.0009712783,0.14933957
sub-12,N,P3,gamma,0.15426841,0.23059028
sub-12,N,P3,theta,-0.15132006,0.18794122
sub-12,N,P4,alpha,-0.0015963749,0.29737335
sub-12,N,P4,beta,-0.47831896,0.559702
sub-12,N,P4,delta,0.04093007,0.14305274
sub-12,N,P4,gamma,0.107639834,0.20725589
sub-12,N,P4,theta,-0.11165819,0.15158696
sub-12,N,Pz,alpha,-0.0265792,0.31076273
sub-12,N,Pz,beta,-0.06536114,0.23332173
sub-12,N,Pz,delta,-0.15462413,0.21436766
sub-12,N,Pz,gamma,0.01141765,0.16126774
sub-12,N,Pz,theta,-0.23823316,0.25631246
sub-13,N,C3,alpha,-0.024151562,0.24994221
sub-13,N,C3,beta,0.10457746,0.2095473
sub-13,N,C3,delta,0.3106478,0.3847302
sub-13,N,C3,gamma,-0.12170628,0.20886539
sub-13,N,C3,theta,0.10782976,0.15629874
sub-13,N,C4,alpha,-0.08837269,0.32621178
sub-13,N,C4,beta,-0.083531514,0.23046045
sub-13,N,C4,delta,-0.039975263,0.2215907
sub-13,N,C4,gamma,-0.08832661,0.19464299
sub-13,N,C4,theta,0.024965214,0.14885563
sub-13,N,Cz,alpha,0.14579616,0.34107098
sub-13,N,Cz,beta,0.12904096,0.32774675
sub-13,N,Cz,delta,0.010638057,0.24596722
sub-13,N,Cz,gamma,0.11365061,0.26082516
sub-13,N,Cz,theta,-0.12719792,0.220796
sub-13,N,F3,alpha,-0.1222238,0.30465317
sub-13,N,F3,beta,0.052959807,0.19888303
sub-13,N,F3,delta,-0.18213537,0.3357379
sub-13,N,F3,gamma,-0.026541123,0.12682325
sub-13,N,F3,theta,0.05196526,0.2130059
sub-13,N,F4,alpha,-0.16095634,0.36859465
sub-13,N,F4,beta,0.015669102,0.23462243
sub-13,N,F4,delta,-0.13792494,0.27237028
sub-13,N,F4,gamma,-0.013132599,0.13881117
sub-13,N,F4,theta,0.049652517,0.23205784
sub-13,N,F7,alpha,-0.18648876,0.42055166
sub-13,N,F7,beta,-0.2740923,0.32055804
sub-13,N,F7,delta,-0.043217797,0.39142507
sub-13,N,F7,gamma,-0.18110646,0.2358345
sub-13,N,F7,theta,-0.40230837,0.5558829
sub-13,N,F8,alpha,0.077655636,0.2879649
sub-13,N,F8,beta,-0.2664176,0.34904796
sub-13,N,F8,delta,-0.20674509,0.33488888
sub-13,N,F8,gamma,-0.009434419,0.22397432
sub-13,N,F8,theta,-0.12693574,0.25834623
sub-13,N,Fp1,alpha,-0.16379216,0.35041118
sub-13,N,Fp1,beta,-0.020101275,0.2299653
sub-13,N,Fp1,delta,0.18018652,0.29250705
sub-13,N,Fp1,gamma,-0.17197435,0.2692647
sub-13,N,Fp1,theta,0.017635,0.18345435
sub-13,N,Fp2,alpha,-0.2596639,0.3752083
sub-13,N,Fp2,beta,0.07352146,0.28808522
sub-13,N,Fp2,delta,0.16564976,0.29272822
sub-13,N,Fp2,gamma,-0.12795891,0.23137683
sub-13,N,Fp2,theta,-0.089217514,0.19694361
sub-13,N,Fz,alpha,-0.14859769,0.36987457
sub-13,N,Fz,beta,-0.04028412,0.27976787
sub-13,N,Fz,delta,-0.09504302,0.23291086
sub-13,N,Fz,gamma,0.0018213345,0.18172598
sub-13,N,Fz,theta,0.07454867,0.23204029
sub-13,N,O1,alpha,-0.31086838,0.47224784
sub-13,N,O1,beta,-0.067442976,0.21229815
sub-13,N,O1,delta,0.13549787,0.24420917
sub-13,N,O1,gamma,-0.26707688,0.32755923
sub-13,N,O1,theta,0.0021315275,0.22433962
sub-13,N,O2,alpha,-0.35977414,0.4492053
sub-13,N,O2,beta,-0.07252783,0.3028718
sub-13,N,O2,delta,0.52779067,0.5641063
sub-13,N,O2,gamma,-0.012720965,0.30129132
sub-13,N,O2,theta,0.18772314,0.28959146
sub-13,N,P3,alpha,-0.16656053,0.37493393
sub-13,N,P3,beta,-0.04859841,0.16460787
sub-13,N,P3,delta,-0.0074080904,0.20310879
sub-13,N,P3,gamma,0.14303386,0.2286028
sub-13,N,P3,theta,-0.1139877,0.307637
sub-13,N,P4,alpha,-0.021530308,0.32261837
sub-13,N,P4,beta,-0.25736043,0.33372122
sub-13,N,P4,delta,0.026537716,0.19059528
sub-13,N,P4,gamma,0.09241893,0.20113617
sub-13,N,P4,theta,-0.14380816,0.23393556
sub-13,N,Pz,alpha,-0.055299185,0.2720842
sub-13,N,Pz,beta,-0.0461912,0.2500366
sub-13,N,Pz,delta,-0.2879912,0.37969196
sub-13,N,Pz,gamma,0.015164073,0.26970193
sub-13,N,Pz,theta,-0.3110864,0.3786739
sub-14,N,C3,alpha,-0.02070667,0.24910855
sub-14,N,C3,beta,0.08916837,0.22973283
sub-14,N,C3,delta,0.23873827,0.2991511
sub-14,N,C3,gamma,-0.14979783,0.281206
sub-14,N,C3,theta,0.16468003,0.22062168
sub-14,N,C4,alpha,-0.07392331,0.2662824
sub-14,N,C4,beta,-0.095722295,0.24924423
sub-14,N,C4,delta,-0.05267199,0.21468423
sub-14,N,C4,gamma,-0.0002575369,0.37636584
sub-14,N,C4,theta,0.09788903,0.22683848
sub-14,N,Cz,alpha,0.121884316,0.30212185
sub-14,N,Cz,beta,0.09160639,0.34113845
sub-14,N,Cz,delta,0.040336963,0.23740669
sub-14,N,Cz,gamma,0.095266454,0.31881562
sub-14,N,Cz,theta,-0.124361224,0.236125
sub-14,N,F3,alpha,-0.10258378,0.27588615
sub-14,N,F3,beta,0.042952858,0.19906835
sub-14,N,F3,delta,-0.09787385,0.27254078
sub-14,N,F3,gamma,-0.038912546,0.16568668
sub-14,N,F3,theta,0.06968708,0.25315428
sub-14,N,F4,alpha,-0.06719265,0.28532985
sub-14,N,F4,beta,0.021066234,0.2430125
sub-14,N,F4,delta,-0.09240697,0.21580692
sub-14,N,F4,gamma,0.09120139,0.2738722
sub-14,N,F4,theta,0.07965737,0.26115817
sub-14,N,F7,alpha,-0.17206481,0.36813614
sub-14,N,F7,beta,-0.45469666,0.5156922
sub-14,N,F7,delta,-0.023349585,0.31609225
sub-14,N,F7,gamma,-0.2917037,0.37914044
sub-14,N,F7,theta,-0.34483665,0.5403929
sub-14,N,F8,alpha,0.03731009,0.2244554
sub-14,N,F8,beta,-0.38536897,0.4801784
sub-14,N,F8,delta,-0.18797621,0.30679098
sub-14,N,F8,gamma,0.054489348,0.31628242
sub-14,N,F8,theta,-0.08959249,0.30477884
sub-14,N,Fp1,alpha,-0.17596468,0.3459805
sub-14,N,Fp1,beta,-0.103956655,0.309788
sub-14,N,Fp1,delta,0.18635488,0.25742605
sub-14,N,Fp1,gamma,-0.16742076,0.29303446
sub-14,N,Fp1,theta,0.024878616,0.19762453
sub-14,N,Fp2,alpha,-0.2469754,0.37840074
sub-14,N,Fp2,beta,0.025653372,0.34564358
sub-14,N,Fp2,delta,0.14260015,0.23806386
sub-14,N,Fp2,gamma,-0.13276416,0.27589116
sub-14,N,Fp2,theta,-0.14029822,0.25025243
sub-14,N,Fz,alpha,-0.07525039,0.29531467
sub-14,N,Fz,beta,-0.049321506,0.2818868
sub-14,N,Fz,delta,-0.12017458,0.26771313
sub-14,N,Fz,gamma,-0.03676026,0.22093193
sub-14,N,Fz,theta,0.13844804,0.29225254
sub-14,N,O1,alpha,-0.21961643,0.36161947
sub-14,N,O1,beta,-0.06222469,0.25609404
sub-14,N,O1,delta,0.16767311,0.24739164
sub-14,N,O1,gamma,-0.3808502,0.44923756
sub-14,N,O1,theta,0.029766709,0.26052248
sub-14,N,O2,alpha,-0.24401888,0.35238862
sub-14,N,O2,beta,-0.04943553,0.3106004
sub-14,N,O2,delta,0.5001079,0.5361891
sub-14,N,O2,gamma,-0.059680976,0.26747173
sub-14,N,O2,theta,0.22772487,0.34780303
sub-14,N,P3,alpha,-0.12791441,0.30906528
sub-14,N,P3,beta,-0.09568795,0.23366891
sub-14,N,P3,delta,0.014670426,0.19311811
sub-14,N,P3,gamma,0.102249846,0.2680781
sub-14,N,P3,theta,-0.007102711,0.32858115
sub-14,N,P4,alpha,-0.002805685,0.253971
sub-14,N,P4,beta,-0.405399,0.48800257
sub-14,N,P4,delta,0.023064435,0.21187983
sub-14,N,P4,gamma,0.14474496,0.27356273
sub-14,N,P4,theta,-0.035251968,0.31281945
sub-14,N,Pz,alpha,-0.033282768,0.24715391
sub-14,N,Pz,beta,-0.03563166,0.23273306
sub-14,N,Pz,delta,-0.18835922,0.31013137
sub-14,N,Pz,gamma,-0.026190767,0.2614084
sub-14,N,Pz,theta,-0.24173148,0.35627568
sub-15,N,C3,alpha,0.037221067,0.1980788
sub-15,N,C3,beta,-0.031195927,0.3275413
sub-15,N,C3,delta,0.18523353,0.24376433
sub-15,N,C3,gamma,-0.19659118,0.2560661
sub-15,N,C3,theta,0.12981357,0.17723487
sub-15,N,C4,alpha,-0.055072047,0.21235421
sub-15,N,C4,beta,-0.08761877,0.2821425
sub-15,N,C4,delta,-0.09007389,0.21615416
sub-15,N,C4,gamma,-0.11079372,0.3135208
sub-15,N,C4,theta,0.054541685,0.18118826
sub-15,N,Cz,alpha,0.088960454,0.23461199
sub-15,N,Cz,beta,0.026294526,0.43694732
sub-15,N,Cz,delta,0.081517465,0.20951317
sub-15,N,Cz,gamma,-0.01028547,0.25210676
sub-15,N,Cz,theta,-0.084815115,0.19070931
sub-15,N,F3,alpha,-0.050193887,0.13970152
sub-15,N,F3,beta,0.049907647,0.30378133
sub-15,N,F3,delta,-0.0302197,0.16109115
sub-15,N,F3,gamma,-0.051933747,0.2649428
sub-15,N,F3,theta,0.021723118,0.13637246
sub-15,N,F4,alpha,0.03287887,0.132332
sub-15,N,F4,beta,0.023927787,0.3051052
sub-15,N,F4,delta,-0.039407313,0.11232835
sub-15,N,F4,gamma,0.13252565,0.42478123
sub-15,N,F4,theta,0.012208693,0.14292778
sub-15,N,F7,alpha,-0.11039789,0.24727052
sub-15,N,F7,beta,-0.5194762,0.5980219
sub-15,N,F7,delta,-0.05923878,0.2933246
sub-15,N,F7,gamma,-0.2816208,0.38011527
sub-15,N,F7,theta,-0.29104853,0.4819689
sub-15,N,F8,alpha,-0.006900248,0.12507306
sub-15,N,F8,beta,-0.43898186,0.6335383
sub-15,N,F8,delta,-0.14764144,0.23812303
sub-15,N,F8,gamma,0.08139975,0.43041974
sub-15,N,F8,theta,-0.070664346,0.1775696
sub-15,N,Fp1,alpha,-0.08393931,0.16945042
sub-15,N,Fp1,beta,-0.25384757,0.4318291
sub-15,N,Fp1,delta,0.13944153,0.19387113
sub-15,N,Fp1,gamma,-0.22179122,0.36841458
sub-15,N,Fp1,theta,0.0041296408,0.11368686
sub-15,N,Fp2,alpha,-0.023281889,0.12609099
sub-15,N,Fp2,beta,0.081192344,0.41674578
sub-15,N,Fp2,delta,0.07092354,0.14160913
sub-15,N,Fp2,gamma,-0.10705412,0.41379088
sub-15,N,Fp2,theta,-0.05635786,0.11379969
sub-15,N,Fz,alpha,-0.010361431,0.20756532
sub-15,N,Fz,beta,0.057366874,0.42840108
sub-15,N,Fz,delta,-0.081729814,0.17735904
sub-15,N,Fz,gamma,-0.20417345,0.36003533
sub-15,N,Fz,theta,0.07558204,0.18810095
sub-15,N,O1,alpha,-0.18110205,0.27944794
sub-15,N,O1,beta,-0.005914174,0.3329592
sub-15,N,O1,delta,0.16323946,0.25490522
sub-15,N,O1,gamma,-0.3685274,0.433495
sub-15,N,O1,theta,0.082254946,0.26783988
sub-15,N,O2,alpha,-0.12951432,0.24259485
sub-15,N,O2,beta,0.015340552,0.35898465
sub-15,N,O2,delta,0.5665932,0.60910964
sub-15,N,O2,gamma,-0.08477314,0.25435886
sub-15,N,O2,theta,0.3293327,0.39028287
sub-15,N,P3,alpha,-0.039780367,0.21189609
sub-15,N,P3,beta,-0.11224938,0.31156072
sub-15,N,P3,delta,-0.026657065,0.20963176
sub-15,N,P3,gamma,0.051791534,0.23975481
sub-15,N,P3,theta,-0.012992304,0.30050293
sub-15,N,P4,alpha,0.020947026,0.19538395
sub-15,N,P4,beta,-0.44208282,0.5538953
sub-15,N,P4,delta,-0.011503117,0.25395048
sub-15,N,P4,gamma,0.11524832,0.25149667
sub-15,N,P4,theta,-0.015680872,0.25499332
sub-15,N,Pz,alpha,-0.007355524,0.18928292
sub-15,N,Pz,beta,0.026677897,0.29727662
sub-15,N,Pz,delta,-0.17322034,0.30613264
sub-15,N,Pz,gamma,-0.106730506,0.280822
sub-15,N,Pz,theta,-0.19085777,0.2816598
sub-16,N,C3,alpha,-0.06579206,0.24749598
sub-16,N,C3,beta,0.118915424,0.22080149
sub-16,N,C3,delta,0.14504468,0.1758955
sub-16,N,C3,gamma,0.0662053,0.3349701
sub-16,N,C3,theta,0.04802023,0.08986316
sub-16,N,C4,alpha,-0.121245876,0.2866246
sub-16,N,C4,beta,-0.040932145,0.1930003
sub-16,N,C4,delta,0.037307475,0.18093468
sub-16,N,C4,gamma,-0.019028058,0.16257657
sub-16,N,C4,theta,0.032103233,0.13495688
sub-16,N,Cz,alpha,0.13227385,0.36352763
sub-16,N,Cz,beta,0.023901008,0.24699947
sub-16,N,Cz,delta,0.04347644,0.107974574
sub-16,N,Cz,gamma,0.05469095,0.16245797
sub-16,N,Cz,theta,-0.061464626,0.12457579
sub-16,N,F3,alpha,-0.06433533,0.3176428
sub-16,N,F3,beta,0.014522181,0.13869405
sub-16,N,F3,delta,-0.08353919,0.14841172
sub-16,N,F3,gamma,0.030718224,0.19445886
sub-16,N,F3,theta,0.010358613,0.106583335
sub-16,N,F4,alpha,-0.18302885,0.39993793
sub-16,N,F4,beta,-0.043534454,0.12948543
sub-16,N,F4,delta,-0.019658042,0.11954845
sub-16,N,F4,gamma,-0.004425338,0.07767185
sub-16,N,F4,theta,-0.029884296,0.12465397
sub-16,N,F7,alpha,-0.2095848,0.4160536
sub-16,N,F7,beta,-0.21629907,0.27307886
sub-16,N,F7,delta,-0.062266096,0.2892091
sub-16,N,F7,gamma,-0.19289538,0.29976514
sub-16,N,F7,theta,-0.40774682,0.45425636
sub-16,N,F8,alpha,-0.036709577,0.28610495
sub-16,N,F8,beta,-0.08852166,0.17989595
sub-16,N,F8,delta,-0.13708939,0.2559727
sub-16,N,F8,gamma,-0.018827746,0.096823625
sub-16,N,F8,theta,-0.12229029,0.19596684
sub-16,N,Fp1,alpha,-0.07342179,0.35433796
sub-16,N,Fp1,beta,-0.016083106,0.17339431
sub-16,N,Fp1,delta,0.12263894,0.20112397
sub-16,N,Fp1,gamma,-0.14290738,0.18697949
sub-16,N,Fp1,theta,-0.008245634,0.14387375
sub-16,N,Fp2,alpha,-0.1938559,0.43163505
sub-16,N,Fp2,beta,0.05749422,0.23120728
sub-16,N,Fp2,delta,0.13598602,0.17696312
sub-16,N,Fp2,gamma,-0.067589834,0.107736446
sub-16,N,Fp2,theta,-0.033778053,0.13623405
sub-16,N,Fz,alpha,-0.20036109,0.3644292
sub-16,N,Fz,beta,-0.049500566,0.15927629
sub-16,N,Fz,delta,-0.057076875,0.11062108
sub-16,N,Fz,gamma,-0.0054935794,0.1200054
sub-16,N,Fz,theta,-0.023434954,0.08692829
sub-16,N,O1,alpha,-0.21265216,0.44329035
sub-16,N,O1,beta,-0.044113502,0.15606931
sub-16,N,O1,delta,0.03391491,0.09296016
sub-16,N,O1,gamma,-0.015272931,0.08307495
sub-16,N,O1,theta,-0.025579495,0.12834662
sub-16,N,O2,alpha,-0.3724189,0.506483
sub-16,N,O2,beta,-0.06571583,0.13542476
sub-16,N,O2,delta,0.08760489,0.113167696
sub-16,N,O2,gamma,-0.02439336,0.05577193
sub-16,N,O2,theta,0.040627364,0.07251311
sub-16,N,P3,alpha,-0.14499903,0.36975247
sub-16,N,P3,beta,0.017962344,0.13481188
sub-16,N,P3,delta,0.046361174,0.09438582
sub-16,N,P3,gamma,0.07852346,0.113583595
sub-16,N,P3,theta,-0.17029203,0.18851572
sub-16,N,P4,alpha,-0.027497692,0.322045
sub-16,N,P4,beta,-0.23259735,0.30399406
sub-16,N,P4,delta,0.030302916,0.103255466
sub-16,N,P4,gamma,0.014348247,0.075447276
sub-16,N,P4,theta,-0.15128198,0.19305956
sub-16,N,Pz,alpha,-0.0685603,0.31600243
sub-16,N,Pz,beta,-0.034734435,0.1590568
sub-16,N,Pz,delta,-0.102010846,0.16625604
sub-16,N,Pz,gamma,0.018764067,0.090013385
sub-16,N,Pz,theta,-0.25074083,0.2690979
sub-17,N,C3,alpha,-0.0066130497,0.19446433
sub-17,N,C3,beta,0.074757114,0.20806427
sub-17,N,C3,delta,0.23470305,0.34514633
sub-17,N,C3,gamma,-0.16279103,0.29192403
sub-17,N,C3,theta,0.17125179,0.2467942
sub-17,N,C4,alpha,-0.067544915,0.20553756
sub-17,N,C4,beta,-0.10458852,0.254158
sub-17,N,C4,delta,-0.09424237,0.2703813
sub-17,N,C4,gamma,0.039104927,0.44351885
sub-17,N,C4,theta,0.10112318,0.24985105
sub-17,N,Cz,alpha,0.11431348,0.2706021
sub-17,N,Cz,beta,0.14921632,0.31819227
sub-17,N,Cz,delta,-0.002922347,0.288407
sub-17,N,Cz,gamma,0.025514966,0.22635795
sub-17,N,Cz,theta,-0.15469824,0.28107077
sub-17,N,F3,alpha,-0.09836705,0.20451872
sub-17,N,F3,beta,0.0633322,0.19258024
sub-17,N,F3,delta,-0.17173521,0.3678798
sub-17,N,F3,gamma,-0.041892547,0.1701197
sub-17,N,F3,theta,0.111076444,0.29640618
sub-17,N,F4,alpha,0.029868383,0.18803245
sub-17,N,F4,beta,0.0012511456,0.21494411
sub-17,N,F4,delta,-0.16811791,0.30670884
sub-17,N,F4,gamma,0.05086539,0.25963998
sub-17,N,F4,theta,0.09825666,0.28767583
sub-17,N,F7,alpha,-0.16098824,0.37630704
sub-17,N,F7,beta,-0.34126055,0.39098394
sub-17,N,F7,delta,-0.027307121,0.33823863
sub-17,N,F7,gamma,-0.17191215,0.24995157
sub-17,N,F7,theta,-0.2919423,0.50774705
sub-17,N,F8,alpha,0.06826166,0.23501778
sub-17,N,F8,beta,-0.37311763,0.45557648
sub-17,N,F8,delta,-0.1770073,0.31625995
sub-17,N,F8,gamma,0.014640448,0.2511136
sub-17,N,F8,theta,-0.048952777,0.23192488
sub-17,N,Fp1,alpha,-0.18348482,0.29782426
sub-17,N,Fp1,beta,-0.057947055,0.2833684
sub-17,N,Fp1,delta,0.2028007,0.3160653
sub-17,N,Fp1,gamma,-0.12994212,0.23025593
sub-17,N,Fp1,theta,0.027784,0.2063042
sub-17,N,Fp2,alpha,-0.17903812,0.26615518
sub-17,N,Fp2,beta,0.090362735,0.29655597
sub-17,N,Fp2,delta,0.1267328,0.27974266
sub-17,N,Fp2,gamma,-0.061996363,0.2397176
sub-17,N,Fp2,theta,-0.1663409,0.24407856
sub-17,N,Fz,alpha,0.003628861,0.18726507
sub-17,N,Fz,beta,-0.044722382,0.29728252
sub-17,N,Fz,delta,-0.15549831,0.32737133
sub-17,N,Fz,gamma,-0.09646972,0.24205221
sub-17,N,Fz,theta,0.27395654,0.42293665
sub-17,N,O1,alpha,-0.23942913,0.32993373
sub-17,N,O1,beta,-0.01582108,0.3115937
sub-17,N,O1,delta,0.19997934,0.2921236
sub-17,N,O1,gamma,-0.49046358,0.5613542
sub-17,N,O1,theta,0.065030396,0.24254306
sub-17,N,O2,alpha,-0.18063113,0.25889522
sub-17,N,O2,beta,-0.0351878,0.3305069
sub-17,N,O2,delta,0.55963206,0.60613364
sub-17,N,O2,gamma,-0.104982376,0.27366546
sub-17,N,O2,theta,0.28109676,0.39230782
sub-17,N,P3,alpha,-0.11557768,0.24269414
sub-17,N,P3,beta,-0.15041351,0.2978939
sub-17,N,P3,delta,0.007171511,0.23071763
sub-17,N,P3,gamma,0.06939034,0.2807261
sub-17,N,P3,theta,0.018403895,0.32497984
sub-17,N,P4,alpha,-0.019051725,0.20637903
sub-17,N,P4,beta,-0.4203452,0.5044886
sub-17,N,P4,delta,-0.035397924,0.2834277
sub-17,N,P4,gamma,0.10064868,0.24682328
sub-17,N,P4,theta,-0.025618382,0.33693978
sub-17,N,Pz,alpha,-0.021289114,0.19943218
sub-17,N,Pz,beta,-0.03758636,0.24841778
sub-17,N,Pz,delta,-0.18716738,0.34141862
sub-17,N,Pz,gamma,-0.043061025,0.24615808
sub-17,N,Pz,theta,-0.20725,0.32787433
sub-18,N,C3,alpha,-0.044150103,0.27024502
sub-18,N,C3,beta,0.08106893,0.19209473
sub-18,N,C3,delta,0.24828756,0.30746236
sub-18,N,C3,gamma,-0.10305629,0.22057591
sub-18,N,C3,theta,0.14849772,0.20927186
sub-18,N,C4,alpha,-0.080518425,0.2726363
sub-18,N,C4,beta,-0.08153125,0.21961057
sub-18,N,C4,delta,-0.042505816,0.24276127
sub-18,N,C4,gamma,0.083963975,0.3940675
sub-18,N,C4,theta,0.1580386,0.2898581
sub-18,N,Cz,alpha,0.15222006,0.34640107
sub-18,N,Cz,beta,0.1042151,0.28846917
sub-18,N,Cz,delta,0.0073648077,0.23032507
sub-18,N,Cz,gamma,0.108882375,0.2730001
sub-18,N,Cz,theta,-0.12310093,0.22333695
sub-18,N,F3,alpha,-0.10673915,0.27970293
sub-18,N,F3,beta,0.019273423,0.1427945
sub-18,N,F3,delta,-0.18370472,0.34932065
sub-18,N,F3,gamma,-0.029704925,0.14641675
sub-18,N,F3,theta,0.043052986,0.19732052
sub-18,N,F4,alpha,-0.1256558,0.331978
sub-18,N,F4,beta,-0.020778999,0.17494944
sub-18,N,F4,delta,-0.10913658,0.24023756
sub-18,N,F4,gamma,0.007273364,0.16220318
sub-18,N,F4,theta,0.06031801,0.2422817
sub-18,N,F7,alpha,-0.16487859,0.41717044
sub-18,N,F7,beta,-0.28456563,0.33607525
sub-18,N,F7,delta,-0.014590973,0.31466633
sub-18,N,F7,gamma,-0.18922071,0.24553151
sub-18,N,F7,theta,-0.3550464,0.52258646
sub-18,N,F8,alpha,0.036334656,0.27383706
sub-18,N,F8,beta,-0.26683533,0.35485795
sub-18,N,F8,delta,-0.16260193,0.2889223
sub-18,N,F8,gamma,0.001183919,0.2204054
sub-18,N,F8,theta,-0.1032392,0.24434216
sub-18,N,Fp1,alpha,-0.15866534,0.3530493
sub-18,N,Fp1,beta,-0.02352857,0.22902326
sub-18,N,Fp1,delta,0.16594991,0.2599815
sub-18,N,Fp1,gamma,-0.15468787,0.24564482
sub-18,N,Fp1,theta,0.02726947,0.19140969
sub-18,N,Fp2,alpha,-0.26248443,0.4028434
sub-18,N,Fp2,beta,0.070512764,0.2776543
sub-18,N,Fp2,delta,0.14152388,0.24831317
sub-18,N,Fp2,gamma,-0.1014429,0.21027005
sub-18,N,Fp2,theta,-0.115295,0.22842206
sub-18,N,Fz,alpha,-0.08376868,0.29974097
sub-18,N,Fz,beta,-0.06369455,0.24942258
sub-18,N,Fz,delta,-0.11592811,0.25709715
sub-18,N,Fz,gamma,-0.01808855,0.22864431
sub-18,N,Fz,theta,0.11809741,0.26560107
sub-18,N,O1,alpha,-0.25975692,0.4216003
sub-18,N,O1,beta,-0.04563241,0.28130078
sub-18,N,O1,delta,0.13020955,0.20466608
sub-18,N,O1,gamma,-0.48384097,0.5774738
sub-18,N,O1,theta,0.016211843,0.18976781
sub-18,N,O2,alpha,-0.27545345,0.3779555
sub-18,N,O2,beta,-0.055066604,0.3189711
sub-18,N,O2,delta,0.47038907,0.50819594
sub-18,N,O2,gamma,-0.09659175,0.34847054
sub-18,N,O2,theta,0.16970432,0.24956633
sub-18,N,P3,alpha,-0.13543345,0.33681297
sub-18,N,P3,beta,-0.07299721,0.18592285
sub-18,N,P3,delta,0.013999144,0.18453309
sub-18,N,P3,gamma,0.10849555,0.25073746
sub-18,N,P3,theta,-0.06685698,0.2762797
sub-18,N,P4,alpha,-0.0152658615,0.28514996
sub-18,N,P4,beta,-0.2825337,0.35629633
sub-18,N,P4,delta,0.0059360145,0.19644317
sub-18,N,P4,gamma,0.117305845,0.23913829
sub-18,N,P4,theta,-0.087127864,0.28352085
sub-18,N,Pz,alpha,-0.037268594,0.29136327
sub-18,N,Pz,beta,-0.05514946,0.1845161
sub-18,N,Pz,delta,-0.17277302,0.2730659
sub-18,N,Pz,gamma,0.010089039,0.19700925
sub-18,N,Pz,theta,-0.25847614,0.32849452
sub-19,N,C3,alpha,-0.062419582,0.28857997
sub-19,N,C3,beta,0.123336054,0.23017676
sub-19,N,C3,delta,0.2795057,0.3085916
sub-19,N,C3,gamma,-0.06904031,0.1757689
sub-19,N,C3,theta,0.112520136,0.15095676
sub-19,N,C4,alpha,-0.089429356,0.29660523
sub-19,N,C4,beta,-0.04515058,0.21905874
sub-19,N,C4,delta,0.011183894,0.20697427
sub-19,N,C4,gamma,-0.04077205,0.21119177
sub-19,N,C4,theta,0.0774791,0.19666491
sub-19,N,Cz,alpha,0.15444171,0.35791463
sub-19,N,Cz,beta,0.067855746,0.2577057
sub-19,N,Cz,delta,0.046064403,0.20144673
sub-19,N,Cz,gamma,0.20273124,0.32096007
sub-19,N,Cz,theta,-0.11027389,0.20607162
sub-19,N,F3,alpha,-0.09113769,0.321426
sub-19,N,F3,beta,0.025813298,0.1606564
sub-19,N,F3,delta,-0.12024519,0.25423187
sub-19,N,F3,gamma,-0.00686567,0.14221235
sub-19,N,F3,theta,0.04029623,0.18526451
sub-19,N,F4,alpha,-0.199327,0.40879795
sub-19,N,F4,beta,-0.015484853,0.18479054
sub-19,N,F4,delta,-0.07335923,0.20723253
sub-19,N,F4,gamma,0.0044447174,0.113658756
sub-19,N,F4,theta,0.02449792,0.2105847
sub-19,N,F7,alpha,-0.14708,0.45839354
sub-19,N,F7,beta,-0.33692333,0.3897415
sub-19,N,F7,delta,0.015812729,0.3053104
sub-19,N,F7,gamma,-0.13051102,0.18142638
sub-19,N,F7,theta,-0.40107626,0.52879745
sub-19,N,F8,alpha,0.012846404,0.3162841
sub-19,N,F8,beta,-0.23851141,0.3404182
sub-19,N,F8,delta,-0.1403899,0.25801054
sub-19,N,F8,gamma,-0.03949959,0.122024916
sub-19,N,F8,theta,-0.12825842,0.24728528
sub-19,N,Fp1,alpha,-0.13545042,0.3765636
sub-19,N,Fp1,beta,-0.026273653,0.24497896
sub-19,N,Fp1,delta,0.1673814,0.22895078
sub-19,N,Fp1,gamma,-0.16780233,0.2959836
sub-19,N,Fp1,theta,0.019822394,0.17779909
sub-19,N,Fp2,alpha,-0.2852318,0.4387081
sub-19,N,Fp2,beta,0.008262238,0.33000275
sub-19,N,Fp2,delta,0.19392966,0.24445038
sub-19,N,Fp2,gamma,-0.17796582,0.26750275
sub-19,N,Fp2,theta,-0.04661426,0.17554852
sub-19,N,Fz,alpha,-0.14848734,0.34885573
sub-19,N,Fz,beta,-0.05803904,0.20886104
sub-19,N,Fz,delta,-0.078060485,0.20490432
sub-19,N,Fz,gamma,0.05173835,0.19602434
sub-19,N,Fz,theta,0.08453503,0.24707422
sub-19,N,O1,alpha,-0.24482562,0.47268745
sub-19,N,O1,beta,-0.049426444,0.18317524
sub-19,N,O1,delta,0.0989038,0.16240594
sub-19,N,O1,gamma,-0.07400095,0.13801467
sub-19,N,O1,theta,-0.01011152,0.14599515
sub-19,N,O2,alpha,-0.3708992,0.48367506
sub-19,N,O2,beta,-0.06542163,0.29209828
sub-19,N,O2,delta,0.4303187,0.45566106
sub-19,N,O2,gamma,0.002156567,0.21594697
sub-19,N,O2,theta,0.12806448,0.21747439
sub-19,N,P3,alpha,-0.15881094,0.38244063
sub-19,N,P3,beta,-0.020138538,0.13729022
sub-19,N,P3,delta,0.037767954,0.1277608
sub-19,N,P3,gamma,0.11823245,0.15619253
sub-19,N,P3,theta,-0.12275774,0.18206732
sub-19,N,P4,alpha,-0.011373344,0.32085785
sub-19,N,P4,beta,-0.21263872,0.2836778
sub-19,N,P4,delta,0.04092334,0.17864095
sub-19,N,P4,gamma,0.040589873,0.12200588
sub-19,N,P4,theta,-0.113928385,0.17504442
sub-19,N,Pz,alpha,-0.05285346,0.33242464
sub-19,N,Pz,beta,-0.050123986,0.1949707
sub-19,N,Pz,delta,-0.20015502,0.27646562
sub-19,N,Pz,gamma,0.0478842,0.1349152
sub-19,N,Pz,theta,-0.28956217,0.32276925
sub-20,N,C3,alpha,-0.02161888,0.25921726
sub-20,N,C3,beta,0.145713,0.2713694
sub-20,N,C3,delta,0.29713407,0.34216285
sub-20,N,C3,gamma,-0.10051345,0.19755179
sub-20,N,C3,theta,0.19025058,0.25033778
sub-20,N,C4,alpha,-0.0890493,0.2710476
sub-20,N,C4,beta,-0.06268992,0.2667477
sub-20,N,C4,delta,-0.03887473,0.24740359
sub-20,N,C4,gamma,0.0052914023,0.30946586
sub-20,N,C4,theta,0.11983756,0.27014813
sub-20,N,Cz,alpha,0.1564275,0.3681445
sub-20,N,Cz,beta,0.15351622,0.33712035
sub-20,N,Cz,delta,0.048743907,0.21079545
sub-20,N,Cz,gamma,0.09276281,0.23186989
sub-20,N,Cz,theta,-0.15090097,0.25585157
sub-20,N,F3,alpha,-0.11148698,0.31295153
sub-20,N,F3,beta,0.052051593,0.21896462
sub-20,N,F3,delta,-0.11006448,0.2680696
sub-20,N,F3,gamma,-0.027078627,0.123996034
sub-20,N,F3,theta,0.04816912,0.21430662
sub-20,N,F4,alpha,-0.16746938,0.3973168
sub-20,N,F4,beta,0.0238064,0.22488819
sub-20,N,F4,delta,-0.12557642,0.2521772
sub-20,N,F4,gamma,0.006670876,0.14348145
sub-20,N,F4,theta,0.036241025,0.22544709
sub-20,N,F7,alpha,-0.18069856,0.45265412
sub-20,N,F7,beta,-0.38621044,0.44371817
sub-20,N,F7,delta,0.0028123278,0.3287764
sub-20,N,F7,gamma,-0.26346165,0.33446878
sub-20,N,F7,theta,-0.38001096,0.58554244
sub-20,N,F8,alpha,0.08055424,0.3089944
sub-20,N,F8,beta,-0.34014827,0.4624135
sub-20,N,F8,delta,-0.1454738,0.25945288
sub-20,N,F8,gamma,0.13293704,0.3652358
sub-20,N,F8,theta,-0.12970513,0.2716573
sub-20,N,Fp1,alpha,-0.15768231,0.33380193
sub-20,N,Fp1,beta,-0.00041688464,0.18538064
sub-20,N,Fp1,delta,0.21183206,0.3381087
sub-20,N,Fp1,gamma,-0.15454042,0.20138736
sub-20,N,Fp1,theta,0.0016595852,0.17451686
sub-20,N,Fp2,alpha,-0.24568683,0.38103282
sub-20,N,Fp2,beta,0.08789567,0.26401797
sub-20,N,Fp2,delta,0.18699972,0.30852485
sub-20,N,Fp2,gamma,-0.06978651,0.14257178
sub-20,N,Fp2,theta,-0.09696994,0.20250125
sub-20,N,Fz,alpha,-0.1415694,0.36607724
sub-20,N,Fz,beta,-0.039010193,0.27386987
sub-20,N,Fz,delta,-0.100376986,0.25241026
sub-20,N,Fz,gamma,-0.003322299,0.16033463
sub-20,N,Fz,theta,0.024202252,0.1922289
sub-20,N,O1,alpha,-0.27579296,0.4537236
sub-20,N,O1,beta,-0.07285945,0.21912524
sub-20,N,O1,delta,0.13063644,0.24566402
sub-20,N,O1,gamma,-0.20068668,0.2546396
sub-20,N,O1,theta,-0.009163679,0.20767027
sub-20,N,O2,alpha,-0.36237112,0.45454165
sub-20,N,O2,beta,-0.071558855,0.30455008
sub-20,N,O2,delta,0.55843353,0.5874522
sub-20,N,O2,gamma,-0.042814076,0.29614243
sub-20,N,O2,theta,0.16841556,0.26403353
sub-20,N,P3,alpha,-0.15752064,0.3722822
sub-20,N,P3,beta,-0.045789365,0.17592934
sub-20,N,P3,delta,0.004592585,0.20059426
sub-20,N,P3,gamma,0.09794644,0.14090434
sub-20,N,P3,theta,-0.12665726,0.29756325
sub-20,N,P4,alpha,-0.008569732,0.28920263
sub-20,N,P4,beta,-0.3954525,0.46927166
sub-20,N,P4,delta,-0.033309493,0.28709757
sub-20,N,P4,gamma,0.08019998,0.17640041
sub-20,N,P4,theta,-0.1850869,0.29259956
sub-20,N,Pz,alpha,-0.066292584,0.28480285
sub-20,N,Pz,beta,-0.040768962,0.23486009
sub-20,N,Pz,delta,-0.29786032,0.3920687
sub-20,N,Pz,gamma,0.031353444,0.15649387
sub-20,N,Pz,theta,-0.30386674,0.36069605
sub-21,N,C3,alpha,-0.028991466,0.26268718
sub-21,N,C3,beta,0.0893327,0.19759282
sub-21,N,C3,delta,0.25857958,0.3085235
sub-21,N,C3,gamma,-0.11707365,0.25170937
sub-21,N,C3,theta,0.19332615,0.26141253
sub-21,N,C4,alpha,-0.07191521,0.2800412
sub-21,N,C4,beta,-0.08276576,0.22325288
sub-21,N,C4,delta,-0.032913677,0.23381904
sub-21,N,C4,gamma,0.086434096,0.47060055
sub-21,N,C4,theta,0.08079538,0.21130005
sub-21,N,Cz,alpha,0.14362796,0.32198033
sub-21,N,Cz,beta,0.12003999,0.30935687
sub-21,N,Cz,delta,0.01360451,0.24963038
sub-21,N,Cz,gamma,0.07482447,0.22118208
sub-21,N,Cz,theta,-0.15301691,0.25994727
sub-21,N,F3,alpha,-0.13976209,0.31679046
sub-21,N,F3,beta,0.039055716,0.16495433
sub-21,N,F3,delta,-0.11361905,0.28638119
sub-21,N,F3,gamma,-0.032512613,0.15060127
sub-21,N,F3,theta,0.08913437,0.24750572
sub-21,N,F4,alpha,-0.13691312,0.33300343
sub-21,N,F4,beta,0.0037265194,0.2090931
sub-21,N,F4,delta,-0.116132505,0.23912457
sub-21,N,F4,gamma,0.1521786,0.31371927
sub-21,N,F4,theta,0.063556015,0.24680781
sub-21,N,F7,alpha,-0.16584666,0.35820562
sub-21,N,F7,beta,-0.1625735,0.21200682
sub-21,N,F7,delta,-0.0072373683,0.38822073
sub-21,N,F7,gamma,-0.18330078,0.23619485
sub-21,N,F7,theta,-0.31717354,0.55764127
sub-21,N,F8,alpha,0.051412817,0.24109042
sub-21,N,F8,beta,-0.14282222,0.21451087
sub-21,N,F8,delta,-0.17794076,0.32472557
sub-21,N,F8,gamma,-0.010027829,0.19833428
sub-21,N,F8,theta,-0.03501026,0.32617784
sub-21,N,Fp1,alpha,-0.19141878,0.3799351
sub-21,N,Fp1,beta,-0.018921107,0.23926732
sub-21,N,Fp1,delta,0.1645656,0.25653243
sub-21,N,Fp1,gamma,-0.14859714,0.23701805
sub-21,N,Fp1,theta,0.056900635,0.21237235
sub-21,N,Fp2,alpha,-0.3182392,0.4426555
sub-21,N,Fp2,beta,0.06407961,0.30367205
sub-21,N,Fp2,delta,0.14804038,0.23679656
sub-21,N,Fp2,gamma,-0.11542918,0.24626595
sub-21,N,Fp2,theta,-0.1174884,0.24393624
sub-21,N,Fz,alpha,-0.08768375,0.3168938
sub-21,N,Fz,beta,-0.051250275,0.27489
sub-21,N,Fz,delta,-0.099518575,0.256874
sub-21,N,Fz,gamma,0.003679105,0.21394402
sub-21,N,Fz,theta,0.10754292,0.23767515
sub-21,N,O1,alpha,-0.26819372,0.403646
sub-21,N,O1,beta,-0.035598174,0.30144107
sub-21,N,O1,delta,0.14182574,0.22278431
sub-21,N,O1,gamma,-0.5483677,0.6635733
sub-21,N,O1,theta,0.03625404,0.2405981
sub-21,N,O2,alpha,-0.2938189,0.3834624
sub-21,N,O2,beta,-0.044671316,0.3329887
sub-21,N,O2,delta,0.43308502,0.46501467
sub-21,N,O2,gamma,-0.12555653,0.3798678
sub-21,N,O2,theta,0.20248964,0.3301807
sub-21,N,P3,alpha,-0.16214986,0.35643804
sub-21,N,P3,beta,-0.06821162,0.16479565
sub-21,N,P3,delta,0.021192173,0.1836559
sub-21,N,P3,gamma,0.12032746,0.2574646
sub-21,N,P3,theta,-0.021983841,0.3496816
sub-21,N,P4,alpha,-0.01883831,0.2880229
sub-21,N,P4,beta,-0.26247013,0.33995757
sub-21,N,P4,delta,0.013905992,0.22659287
sub-21,N,P4,gamma,0.08442895,0.19071794
sub-21,N,P4,theta,-0.0972012,0.33699626
sub-21,N,Pz,alpha,-0.04152837,0.28281865
sub-21,N,Pz,beta,-0.045193553,0.21482077
sub-21,N,Pz,delta,-0.20655167,0.31031406
sub-21,N,Pz,gamma,0.0369012,0.19943246
sub-21,N,Pz,theta,-0.26862577,0.34955212
sub-22,N,C3,alpha,0.0120788645,0.23415731
sub-22,N,C3,beta,0.13645399,0.25985894
sub-22,N,C3,delta,0.2985914,0.35780177
sub-22,N,C3,gamma,-0.13665108,0.25527886
sub-22,N,C3,theta,0.1265083,0.1802904
sub-22,N,C4,alpha,-0.063822635,0.2790942
sub-22,N,C4,beta,-0.03911107,0.24797748
sub-22,N,C4,delta,-0.071826965,0.26128554
sub-22,N,C4,gamma,-0.05676874,0.29151016
sub-22,N,C4,theta,0.048639644,0.18060061
sub-22,N,Cz,alpha,0.1776307,0.3909874
sub-22,N,Cz,beta,0.13035248,0.3255551
sub-22,N,Cz,delta,0.056122143,0.15775843
sub-22,N,Cz,gamma,0.106276885,0.2584913
sub-22,N,Cz,theta,-0.09158996,0.17815366
sub-22,N,F3,alpha,-0.118025675,0.29808858
sub-22,N,F3,beta,0.065561295,0.19235045
sub-22,N,F3,delta,-0.22807771,0.39521405
sub-22,N,F3,gamma,-0.031851474,0.1693542
sub-22,N,F3,theta,0.006464754,0.16000557
sub-22,N,F4,alpha,-0.085147545,0.30149585
sub-22,N,F4,beta,0.04785512,0.24633004
sub-22,N,F4,delta,-0.18212268,0.29390475
sub-22,N,F4,gamma,-0.031480893,0.13531381
sub-22,N,F4,theta,0.034027264,0.19978459
sub-22,N,F7,alpha,-0.1356431,0.35653916
sub-22,N,F7,beta,-0.2103172,0.26495138
sub-22,N,F7,delta,-0.07361787,0.4096171
sub-22,N,F7,gamma,-0.12767337,0.19726533
sub-22,N,F7,theta,-0.39546433,0.48933777
sub-22,N,F8,alpha,0.06309174,0.22719358
sub-22,N,F8,beta,-0.15399975,0.22900197
sub-22,N,F8,delta,-0.21997446,0.37692225
sub-22,N,F8,gamma,-0.028163869,0.13950169
sub-22,N,F8,theta,-0.09988194,0.20427556
sub-22,N,Fp1,alpha,-0.14081222,0.33242148
sub-22,N,Fp1,beta,-0.029462095,0.23758547
sub-22,N,Fp1,delta,0.19249481,0.29528922
sub-22,N,Fp1,gamma,-0.15293127,0.29228204
sub-22,N,Fp1,theta,0.02588325,0.16493706
sub-22,N,Fp2,alpha,-0.24312346,0.3720058
sub-22,N,Fp2,beta,0.07411577,0.2994379
sub-22,N,Fp2,delta,0.15849674,0.29550073
sub-22,N,Fp2,gamma,-0.12862095,0.22601536
sub-22,N,Fp2,theta,-0.068864204,0.18071698
sub-22,N,Fz,alpha,-0.08803451,0.3257637
sub-22,N,Fz,beta,0.04244313,0.37855375
sub-22,N,Fz,delta,-0.06390082,0.19592275
sub-22,N,Fz,gamma,0.008521385,0.2427243
sub-22,N,Fz,theta,0.06340592,0.21310282
sub-22,N,O1,alpha,-0.25010926,0.38811716
sub-22,N,O1,beta,0.036711298,0.384493
sub-22,N,O1,delta,0.13494058,0.21689868
sub-22,N,O1,gamma,-0.487564,0.5769032
sub-22,N,O1,theta,0.036735795,0.21074644
sub-22,N,O2,alpha,-0.24573588,0.3535502
sub-22,N,O2,beta,0.059533965,0.4345456
sub-22,N,O2,delta,0.47582412,0.50671935
sub-22,N,O2,gamma,-0.020278424,0.3695027
sub-22,N,O2,theta,0.19593926,0.27640313
sub-22,N,P3,alpha,-0.086738534,0.30909345
sub-22,N,P3,beta,-0.0782071,0.28182095
sub-22,N,P3,delta,-0.016343886,0.21212783
sub-22,N,P3,gamma,0.10764398,0.29601812
sub-22,N,P3,theta,-0.10279004,0.2756347
sub-22,N,P4,alpha,0.010587159,0.2932659
sub-22,N,P4,beta,-0.4094894,0.49862978
sub-22,N,P4,delta,-0.016402932,0.265287
sub-22,N,P4,gamma,0.09665323,0.20875838
sub-22,N,P4,theta,-0.12285607,0.1706789
sub-22,N,Pz,alpha,-0.020724947,0.3378875
sub-22,N,Pz,beta,-0.05043098,0.23009002
sub-22,N,Pz,delta,-0.12955365,0.19520094
sub-22,N,Pz,gamma,0.033601113,0.16353084
sub-22,N,Pz,theta,-0.21686658,0.245297
sub-23,N,C3,alpha,-0.018877197,0.21156521
sub-23,N,C3,beta,0.10372628,0.26684496
sub-23,N,C3,delta,0.2249427,0.2632021
sub-23,N,C3,gamma,-0.098388754,0.42289945
sub-23,N,C3,theta,0.07330351,0.121756226
sub-23,N,C4,alpha,-0.09481535,0.28212535
sub-23,N,C4,beta,-0.093010895,0.23076922
sub-23,N,C4,delta,-0.05350023,0.2537155
sub-23,N,C4,gamma,-0.067090824,0.28500435
sub-23,N,C4,theta,0.085863076,0.23220013
sub-23,N,Cz,alpha,0.11473471,0.33396634
sub-23,N,Cz,beta,0.09971948,0.32338807
sub-23,N,Cz,delta,0.021537075,0.22339678
sub-23,N,Cz,gamma,0.05525508,0.21847345
sub-23,N,Cz,theta,-0.12948672,0.2247285
sub-23,N,F3,alpha,-0.1661409,0.2954949
sub-23,N,F3,beta,0.06927406,0.25219542
sub-23,N,F3,delta,-0.0124335205,0.16192444
sub-23,N,F3,gamma,-0.024620697,0.3155978
sub-23,N,F3,theta,-0.015616703,0.18288623
sub-23,N,F4,alpha,-0.12594585,0.3481486
sub-23,N,F4,beta,-0.0010752917,0.2260276
sub-23,N,F4,delta,-0.08595741,0.19749406
sub-23,N,F4,gamma,0.0025608218,0.17751937
sub-23,N,F4,theta,0.059954446,0.27231446
sub-23,N,F7,alpha,-0.23464946,0.3745064
sub-23,N,F7,beta,-0.57990664,0.65275776
sub-23,N,F7,delta,-0.06887152,0.20679832
sub-23,N,F7,gamma,-0.2394777,0.6673216
sub-23,N,F7,theta,-0.41959542,0.46787035
sub-23,N,F8,alpha,0.06293473,0.3055099
sub-23,N,F8,beta,-0.4163473,0.4979554
sub-23,N,F8,delta,-0.18107739,0.2789487
sub-23,N,F8,gamma,-0.0055469535,0.25226572
sub-23,N,F8,theta,-0.16133045,0.30502713
sub-23,N,Fp1,alpha,-0.14589949,0.27565017
sub-23,N,Fp1,beta,-0.10488848,0.2938978
sub-23,N,Fp1,delta,0.21696948,0.30713546
sub-23,N,Fp1,gamma,-0.19801998,0.32213345
sub-23,N,Fp1,theta,0.009383494,0.18901691
sub-23,N,Fp2,alpha,-0.16002592,0.26472414
sub-23,N,Fp2,beta,0.043492578,0.31777415
sub-23,N,Fp2,delta,0.14224131,0.26499233
sub-23,N,Fp2,gamma,-0.1851641,0.32472628
sub-23,N,Fp2,theta,-0.12771992,0.21559015
sub-23,N,Fz,alpha,-0.13680549,0.3614752
sub-23,N,Fz,beta,-0.03680715,0.28697696
sub-23,N,Fz,delta,-0.072128065,0.19984265
sub-23,N,Fz,gamma,-0.05863582,0.23305893
sub-23,N,Fz,theta,0.026857043,0.24132566
sub-23,N,O1,alpha,-0.28557235,0.4094294
sub-23,N,O1,beta,-0.06876383,0.2629364
sub-23,N,O1,delta,0.14551483,0.24195196
sub-23,N,O1,gamma,-0.50435585,0.5613111
sub-23,N,O1,theta,0.015621359,0.20804283
sub-23,N,O2,alpha,-0.32803813,0.43553656
sub-23,N,O2,beta,-0.056497563,0.282813
sub-23,N,O2,delta,0.4979059,0.52849627
sub-23,N,O2,gamma,-0.057699524,0.23261626
sub-23,N,O2,theta,0.20213918,0.28034455
sub-23,N,P3,alpha,-0.1210984,0.30951354
sub-23,N,P3,beta,-0.07031341,0.23684178
sub-23,N,P3,delta,-0.008414571,0.20857315
sub-23,N,P3,gamma,0.1172668,0.28392056
sub-23,N,P3,theta,-0.11859192,0.29340762
sub-23,N,P4,alpha,0.0004635553,0.28337398
sub-23,N,P4,beta,-0.3317185,0.415076
sub-23,N,P4,delta,-0.022919685,0.24469289
sub-23,N,P4,gamma,0.08340386,0.19581638
sub-23,N,P4,theta,-0.15787369,0.25890973
sub-23,N,Pz,alpha,-0.05898882,0.25078928
sub-23,N,Pz,beta,-0.022616064,0.2335683
sub-23,N,Pz,delta,-0.27446887,0.37631273
sub-23,N,Pz,gamma,-0.0055854963,0.18921193
sub-23,N,Pz,theta,-0.29540566,0.34759358
sub-24,N,C3,alpha,-0.034966446,0.2676751
sub-24,N,C3,beta,0.093921795,0.21941845
sub-24,N,C3,delta,0.2919143,0.33934867
sub-24,N,C3,gamma,-0.1245647,0.22612375
sub-24,N,C3,theta,0.17318174,0.22687624
sub-24,N,C4,alpha,-0.058564167,0.29637143
sub-24,N,C4,beta,-0.08002364,0.22845419
sub-24,N,C4,delta,-0.04162452,0.25341797
sub-24,N,C4,gamma,-0.007362201,0.3355077
sub-24,N,C4,theta,0.14621745,0.28412154
sub-24,N,Cz,alpha,0.14035612,0.3281388
sub-24,N,Cz,beta,0.109026656,0.32160413
sub-24,N,Cz,delta,0.04191853,0.2205312
sub-24,N,Cz,gamma,0.096212,0.23543802
sub-24,N,Cz,theta,-0.17428252,0.28489503
sub-24,N,F3,alpha,-0.12846608,0.31596878
sub-24,N,F3,beta,0.043599315,0.1909689
sub-24,N,F3,delta,-0.08102097,0.2587393
sub-24,N,F3,gamma,-0.031249654,0.1468748
sub-24,N,F3,theta,0.08100513,0.25353834
sub-24,N,F4,alpha,-0.16328302,0.36178437
sub-24,N,F4,beta,0.011186825,0.21937148
sub-24,N,F4,delta,-0.10493254,0.23689753
sub-24,N,F4,gamma,-0.008278033,0.13535246
sub-24,N,F4,theta,0.07781876,0.26265523
sub-24,N,F7,alpha,-0.16619521,0.42800006
sub-24,N,F7,beta,-0.33352247,0.37961155
sub-24,N,F7,delta,0.054354653,0.3612005
sub-24,N,F7,gamma,-0.22250892,0.2731801
sub-24,N,F7,theta,-0.280347,0.61377335
sub-24,N,F8,alpha,0.063490495,0.26633435
sub-24,N,F8,beta,-0.26729965,0.347697
sub-24,N,F8,delta,-0.16339047,0.31725964
sub-24,N,F8,gamma,-0.044675257,0.17954744
sub-24,N,F8,theta,-0.059479125,0.3242141
sub-24,N,Fp1,alpha,-0.1836546,0.36509383
sub-24,N,Fp1,beta,-0.051117968,0.2893372
sub-24,N,Fp1,delta,0.18421414,0.26135838
sub-24,N,Fp1,gamma,-0.1467652,0.29442593
sub-24,N,Fp1,theta,0.061387647,0.22092578
sub-24,N,Fp2,alpha,-0.30393586,0.42671522
sub-24,N,Fp2,beta,0.04499142,0.32408804
sub-24,N,Fp2,delta,0.16928738,0.2648546
sub-24,N,Fp2,gamma,-0.10302036,0.22814505
sub-24,N,Fp2,theta,-0.10747581,0.2465658
sub-24,N,Fz,alpha,-0.08262813,0.31351998
sub-24,N,Fz,beta,-0.025162166,0.31055745
sub-24,N,Fz,delta,-0.077344716,0.23492938
sub-24,N,Fz,gamma,0.0108057605,0.21388511
sub-24,N,Fz,theta,0.13919981,0.2895801
sub-24,N,O1,alpha,-0.26901746,0.4343787
sub-24,N,O1,beta,-0.0662183,0.23094735
sub-24,N,O1,delta,0.15422389,0.22842455
sub-24,N,O1,gamma,-0.50534564,0.5744358
sub-24,N,O1,theta,0.018077295,0.26355112
sub-24,N,O2,alpha,-0.29943407,0.3960981
sub-24,N,O2,beta,-0.04915807,0.33859032
sub-24,N,O2,delta,0.4128378,0.44325355
sub-24,N,O2,gamma,-0.10025024,0.39461926
sub-24,N,O2,theta,0.19621627,0.3343594
sub-24,N,P3,alpha,-0.16859618,0.3600937
sub-24,N,P3,beta,-0.07057835,0.181138
sub-24,N,P3,delta,0.021203222,0.19730084
sub-24,N,P3,gamma,0.12830754,0.22534512
sub-24,N,P3,theta,-0.028662197,0.3422065
sub-24,N,P4,alpha,-0.016851734,0.29111224
sub-24,N,P4,beta,-0.29902354,0.3763738
sub-24,N,P4,delta,0.032347877,0.21922846
sub-24,N,P4,gamma,0.11188002,0.21850084
sub-24,N,P4,theta,-0.07288947,0.36048716
sub-24,N,Pz,alpha,-0.058653075,0.29888743
sub-24,N,Pz,beta,-0.047789223,0.21583374
sub-24,N,Pz,delta,-0.20735285,0.31856617
sub-24,N,Pz,gamma,0.03813906,0.18553026
sub-24,N,Pz,theta,-0.28145704,0.3584933
sub-25,N,C3,alpha,-0.023584062,0.23536676
sub-25,N,C3,beta,0.10024298,0.23998536
sub-25,N,C3,delta,0.24147527,0.29968703
sub-25,N,C3,gamma,-0.15581845,0.31148008
sub-25,N,C3,theta,0.18804319,0.2498335
sub-25,N,C4,alpha,-0.06860446,0.27457762
sub-25,N,C4,beta,-0.09951124,0.24256411
sub-25,N,C4,delta,-0.067381546,0.2545838
sub-25,N,C4,gamma,-0.08025609,0.23283146
sub-25,N,C4,theta,0.17988287,0.32670492
sub-25,N,Cz,alpha,0.14170307,0.32852808
sub-25,N,Cz,beta,0.11535146,0.32920974
sub-25,N,Cz,delta,0.036603235,0.21937647
sub-25,N,Cz,gamma,0.07116421,0.22858724
sub-25,N,Cz,theta,-0.14563546,0.25457492
sub-25,N,F3,alpha,-0.12938899,0.27181438
sub-25,N,F3,beta,0.05047462,0.21054004
sub-25,N,F3,delta,-0.11806293,0.3071854
sub-25,N,F3,gamma,-0.043024983,0.1576938
sub-25,N,F3,theta,0.079599544,0.26166272
sub-25,N,F4,alpha,-0.07555635,0.27757788
sub-25,N,F4,beta,0.029021386,0.24840218
sub-25,N,F4,delta,-0.11313707,0.23822474
sub-25,N,F4,gamma,-0.0067599965,0.15649676
sub-25,N,F4,theta,0.105645545,0.2987811
sub-25,N,F7,alpha,-0.19400075,0.35011044
sub-25,N,F7,beta,-0.37566537,0.41780072
sub-25,N,F7,delta,-0.0066314437,0.3709154
sub-25,N,F7,gamma,-0.28066114,0.35312948
sub-25,N,F7,theta,-0.30932134,0.58803636
sub-25,N,F8,alpha,0.071942024,0.2547225
sub-25,N,F8,beta,-0.3456538,0.43470427
sub-25,N,F8,delta,-0.16292658,0.2947654
sub-25,N,F8,gamma,-0.01713486,0.22520846
sub-25,N,F8,theta,-0.03329663,0.3584439
sub-25,N,Fp1,alpha,-0.1842616,0.3317035
sub-25,N,Fp1,beta,-0.060798153,0.26696402
sub-25,N,Fp1,delta,0.20072335,0.29845804
sub-25,N,Fp1,gamma,-0.14464049,0.23329066
sub-25,N,Fp1,theta,0.03791645,0.20718305
sub-25,N,Fp2,alpha,-0.26764554,0.37519976
sub-25,N,Fp2,beta,0.044922117,0.3195025
sub-25,N,Fp2,delta,0.14546339,0.26168525
sub-25,N,Fp2,gamma,-0.09287857,0.22979456
sub-25,N,Fp2,theta,-0.14945777,0.26349252
sub-25,N,Fz,alpha,-0.0720385,0.2772111
sub-25,N,Fz,beta,-0.064457245,0.28092358
sub-25,N,Fz,delta,-0.10872932,0.27023557
sub-25,N,Fz,gamma,-0.015732657,0.20050077
sub-25,N,Fz,theta,0.17148498,0.3319866
sub-25,N,O1,alpha,-0.25891936,0.38974115
sub-25,N,O1,beta,-0.07010782,0.25242764
sub-25,N,O1,delta,0.17324094,0.2627898
sub-25,N,O1,gamma,-0.49061126,0.55328405
sub-25,N,O1,theta,0.04321712,0.24107184
sub-25,N,O2,alpha,-0.26627427,0.36130774
sub-25,N,O2,beta,-0.03996551,0.35831812
sub-25,N,O2,delta,0.4503858,0.48392633
sub-25,N,O2,gamma,-0.14663061,0.40901676
sub-25,N,O2,theta,0.21748872,0.3065594
sub-25,N,P3,alpha,-0.1430819,0.31375575
sub-25,N,P3,beta,-0.114716165,0.24894652
sub-25,N,P3,delta,0.023755059,0.21027887
sub-25,N,P3,gamma,0.09406909,0.27694792
sub-25,N,P3,theta,0.026496839,0.38208485
sub-25,N,P4,alpha,-0.024512319,0.25545442
sub-25,N,P4,beta,-0.416066,0.49327534
sub-25,N,P4,delta,0.010027155,0.25847846
sub-25,N,P4,gamma,0.106023215,0.23507033
sub-25,N,P4,theta,-0.0407551,0.35802087
sub-25,N,Pz,alpha,-0.051701993,0.26339823
sub-25,N,Pz,beta,-0.051984925,0.2375965
sub-25,N,Pz,delta,-0.18070546,0.31261984
sub-25,N,Pz,gamma,0.009417953,0.19912368
sub-25,N,Pz,theta,-0.2548537,0.37264088
sub-26,N,C3,alpha,0.0055904617,0.2665997
sub-26,N,C3,beta,0.118087016,0.27747488
sub-26,N,C3,delta,0.18077123,0.22433521
sub-26,N,C3,gamma,-0.18338075,0.28080842
sub-26,N,C3,theta,0.09705698,0.14005606
sub-26,N,C4,alpha,-0.06405601,0.27491546
sub-26,N,C4,beta,-0.053149212,0.25838533
sub-26,N,C4,delta,-0.08793254,0.23215605
sub-26,N,C4,gamma,-0.13117044,0.24405056
sub-26,N,C4,theta,0.03023901,0.16267088
sub-26,N,Cz,alpha,0.1344717,0.32864422
sub-26,N,Cz,beta,0.056661986,0.39001107
sub-26,N,Cz,delta,0.0613522,0.1797333
sub-26,N,Cz,gamma,0.08769548,0.23404694
sub-26,N,Cz,theta,-0.09567606,0.20249154
sub-26,N,F3,alpha,-0.10844388,0.28033847
sub-26,N,F3,beta,0.08491197,0.24887337
sub-26,N,F3,delta,-0.14476022,0.28662923
sub-26,N,F3,gamma,-0.026820416,0.128725
sub-26,N,F3,theta,0.014520324,0.17976326
sub-26,N,F4,alpha,-0.08250819,0.30155534
sub-26,N,F4,beta,0.07109253,0.29882637
sub-26,N,F4,delta,-0.120509855,0.22408363
sub-26,N,F4,gamma,-0.022102032,0.12328814
sub-26,N,F4,theta,0.03682658,0.22155003
sub-26,N,F7,alpha,-0.12471488,0.39181918
sub-26,N,F7,beta,-0.45143563,0.5070788
sub-26,N,F7,delta,-0.032264926,0.34353718
sub-26,N,F7,gamma,-0.13897291,0.1935231
sub-26,N,F7,theta,-0.3849018,0.53901553
sub-26,N,F8,alpha,0.109722435,0.30156547
sub-26,N,F8,beta,-0.3297133,0.46240124
sub-26,N,F8,delta,-0.17445499,0.2833443
sub-26,N,F8,gamma,-0.048663206,0.14993761
sub-26,N,F8,theta,-0.107237585,0.26301658
sub-26,N,Fp1,alpha,-0.14390582,0.33396918
sub-26,N,Fp1,beta,-0.07697687,0.31085932
sub-26,N,Fp1,delta,0.20615438,0.28299406
sub-26,N,Fp1,gamma,-0.15267211,0.21589255
sub-26,N,Fp1,theta,0.041600555,0.19063683
sub-26,N,Fp2,alpha,-0.23535544,0.36949104
sub-26,N,Fp2,beta,0.030105343,0.3871877
sub-26,N,Fp2,delta,0.17213196,0.26640785
sub-26,N,Fp2,gamma,-0.09423082,0.17696252
sub-26,N,Fp2,theta,-0.08544249,0.20405962
sub-26,N,Fz,alpha,-0.07461531,0.31750783
sub-26,N,Fz,beta,0.049888853,0.39933094
sub-26,N,Fz,delta,-0.094037175,0.21668766
sub-26,N,Fz,gamma,0.026304888,0.22042601
sub-26,N,Fz,theta,0.051530015,0.20249312
sub-26,N,O1,alpha,-0.20817845,0.3634349
sub-26,N,O1,beta,0.035636146,0.36162657
sub-26,N,O1,delta,0.14272557,0.25440538
sub-26,N,O1,gamma,-0.28628504,0.3404077
sub-26,N,O1,theta,0.03687817,0.24202484
sub-26,N,O2,alpha,-0.2802317,0.4044943
sub-26,N,O2,beta,0.01997496,0.38505003
sub-26,N,O2,delta,0.49207887,0.51763856
sub-26,N,O2,gamma,-0.0037699118,0.22813137
sub-26,N,O2,theta,0.19022039,0.27688944
sub-26,N,P3,alpha,-0.086095,0.30664334
sub-26,N,P3,beta,-0.025198126,0.32153347
sub-26,N,P3,delta,-0.008737624,0.19148852
sub-26,N,P3,gamma,0.13500121,0.24991569
sub-26,N,P3,theta,-0.06998788,0.2763249
sub-26,N,P4,alpha,0.015729351,0.2980216
sub-26,N,P4,beta,-0.41975185,0.50299186
sub-26,N,P4,delta,0.03796571,0.1883251
sub-26,N,P4,gamma,0.081733465,0.17724456
sub-26,N,P4,theta,-0.07788687,0.21316989
sub-26,N,Pz,alpha,-0.044472825,0.2869209
sub-26,N,Pz,beta,0.020501178,0.3170589
sub-26,N,Pz,delta,-0.18837082,0.27839243
sub-26,N,Pz,gamma,0.023284102,0.17219052
sub-26,N,Pz,theta,-0.26369804,0.34139046
sub-27,N,C3,alpha,-0.0059696906,0.24071285
sub-27,N,C3,beta,0.07997526,0.15998478
sub-27,N,C3,delta,0.27157536,0.37130263
sub-27,N,C3,gamma,-0.074691005,0.18146738
sub-27,N,C3,theta,0.166415,0.2205856
sub-27,N,C4,alpha,-0.08485877,0.26002
sub-27,N,C4,beta,-0.07976371,0.20800717
sub-27,N,C4,delta,-0.016549539,0.26982427
sub-27,N,C4,gamma,0.048916996,0.34715882
sub-27,N,C4,theta,0.12546152,0.2378994
sub-27,N,Cz,alpha,0.13904178,0.3442057
sub-27,N,Cz,beta,0.14788541,0.2936457
sub-27,N,Cz,delta,-0.0192096,0.27338615
sub-27,N,Cz,gamma,0.019003352,0.15411213
sub-27,N,Cz,theta,-0.09860881,0.19045624
sub-27,N,F3,alpha,-0.090517804,0.32050246
sub-27,N,F3,beta,0.04819762,0.17776984
sub-27,N,F3,delta,-0.090108246,0.23931922
sub-27,N,F3,gamma,-0.018820295,0.1597557
sub-27,N,F3,theta,0.071583666,0.18610828
sub-27,N,F4,alpha,-0.15648085,0.36116555
sub-27,N,F4,beta,-0.0032213577,0.18647191
sub-27,N,F4,delta,-0.10755947,0.23727416
sub-27,N,F4,gamma,0.14451197,0.3198263
sub-27,N,F4,theta,0.036324937,0.183156
sub-27,N,F7,alpha,-0.16142708,0.4185591
sub-27,N,F7,beta,-0.15617424,0.20994936
sub-27,N,F7,delta,-0.043369547,0.35537976
sub-27,N,F7,gamma,-0.093753524,0.1397931
sub-27,N,F7,theta,-0.34485623,0.50557387
sub-27,N,F8,alpha,0.05895671,0.26891974
sub-27,N,F8,beta,-0.2064826,0.29175195
sub-27,N,F8,delta,-0.16097897,0.30348077
sub-27,N,F8,gamma,0.050777316,0.25655296
sub-27,N,F8,theta,-0.08546874,0.24682498
sub-27,N,Fp1,alpha,-0.11186132,0.26045978
sub-27,N,Fp1,beta,0.04420402,0.1866608
sub-27,N,Fp1,delta,0.16031145,0.31669396
sub-27,N,Fp1,gamma,-0.15312245,0.281049
sub-27,N,Fp1,theta,0.0025316426,0.11564701
sub-27,N,Fp2,alpha,-0.13228546,0.22179745
sub-27,N,Fp2,beta,0.087365486,0.21518458
sub-27,N,Fp2,delta,0.13590221,0.3148597
sub-27,N,Fp2,gamma,-0.11890241,0.23350309
sub-27,N,Fp2,theta,-0.041062456,0.116488755
sub-27,N,Fz,alpha,-0.21045578,0.4014501
sub-27,N,Fz,beta,-0.054965448,0.23291716
sub-27,N,Fz,delta,-0.046595328,0.20998767
sub-27,N,Fz,gamma,-0.012084623,0.2162937
sub-27,N,Fz,theta,0.042866934,0.16522653
sub-27,N,O1,alpha,-0.30971673,0.4588218
sub-27,N,O1,beta,-0.06382017,0.18369156
sub-27,N,O1,delta,0.1253681,0.2661245
sub-27,N,O1,gamma,-0.48611805,0.563887
sub-27,N,O1,theta,0.008008649,0.18113609
sub-27,N,O2,alpha,-0.4099046,0.48473623
sub-27,N,O2,beta,-0.0753842,0.18428962
sub-27,N,O2,delta,0.51135314,0.56172884
sub-27,N,O2,gamma,-0.06666036,0.25870156
sub-27,N,O2,theta,0.14994347,0.22667076
sub-27,N,P3,alpha,-0.1601622,0.34564084
sub-27,N,P3,beta,-0.028614976,0.11095194
sub-27,N,P3,delta,-0.019238869,0.23000777
sub-27,N,P3,gamma,0.11350075,0.17556548
sub-27,N,P3,theta,-0.12439286,0.27580464
sub-27,N,P4,alpha,-0.03146818,0.29619056
sub-27,N,P4,beta,-0.062454835,0.13669491
sub-27,N,P4,delta,-0.046849195,0.27427605
sub-27,N,P4,gamma,0.07349768,0.17189868
sub-27,N,P4,theta,-0.16344346,0.24638182
sub-27,N,Pz,alpha,-0.048676156,0.28517875
sub-27,N,Pz,beta,-0.02503523,0.17485362
sub-27,N,Pz,delta,-0.2839211,0.37863985
sub-27,N,Pz,gamma,0.036678106,0.13514662
sub-27,N,Pz,theta,-0.264364,0.31466147
sub-28,N,C3,alpha,0.03761596,0.23500374
sub-28,N,C3,beta,0.031912003,0.33119282
sub-28,N,C3,delta,0.21349856,0.25854844
sub-28,N,C3,gamma,-0.23035127,0.36298543
sub-28,N,C3,theta,0.087975085,0.12790832
sub-28,N,C4,alpha,-0.07990765,0.2219079
sub-28,N,C4,beta,-0.083319195,0.2809528
sub-28,N,C4,delta,-0.13386245,0.28559297
sub-28,N,C4,gamma,-0.09794995,0.37201822
sub-28,N,C4,theta,0.020409504,0.18945734
sub-28,N,Cz,alpha,0.11711948,0.3193549
sub-28,N,Cz,beta,0.0737683,0.37933767
sub-28,N,Cz,delta,0.04363661,0.23857844
sub-28,N,Cz,gamma,0.048418347,0.26582602
sub-28,N,Cz,theta,-0.11546662,0.2219527
sub-28,N,F3,alpha,-0.14489762,0.26853162
sub-28,N,F3,beta,0.09758589,0.2796165
sub-28,N,F3,delta,-0.12559398,0.27305886
sub-28,N,F3,gamma,-0.062460415,0.22414927
sub-28,N,F3,theta,-0.013156033,0.19753999
sub-28,N,F4,alpha,-0.019996257,0.24649271
sub-28,N,F4,beta,0.07908212,0.32072014
sub-28,N,F4,delta,-0.16194108,0.25703195
sub-28,N,F4,gamma,0.0829664,0.3116174
sub-28,N,F4,theta,0.021506667,0.20689727
sub-28,N,F7,alpha,-0.121758714,0.39429584
sub-28,N,F7,beta,-0.5247281,0.5897561
sub-28,N,F7,delta,-0.06992676,0.32051915
sub-28,N,F7,gamma,-0.34127977,0.4200641
sub-28,N,F7,theta,-0.45119393,0.5647631
sub-28,N,F8,alpha,0.09391647,0.25674433
sub-28,N,F8,beta,-0.44439217,0.5975792
sub-28,N,F8,delta,-0.22775465,0.3101029
sub-28,N,F8,gamma,0.073044576,0.38332862
sub-28,N,F8,theta,-0.1590899,0.2625654
sub-28,N,Fp1,alpha,-0.16541079,0.31113085
sub-28,N,Fp1,beta,-0.15079947,0.32604486
sub-28,N,Fp1,delta,0.2337968,0.30982465
sub-28,N,Fp1,gamma,-0.22579476,0.33782515
sub-28,N,Fp1,theta,0.017230216,0.18178257
sub-28,N,Fp2,alpha,-0.2001195,0.33450925
sub-28,N,Fp2,beta,0.015569657,0.37564957
sub-28,N,Fp2,delta,0.13862465,0.26281968
sub-28,N,Fp2,gamma,-0.20284453,0.31859806
sub-28,N,Fp2,theta,-0.10920684,0.20713834
sub-28,N,Fz,alpha,-0.029346723,0.29006168
sub-28,N,Fz,beta,0.08165308,0.4511638
sub-28,N,Fz,delta,-0.10519893,0.228272
sub-28,N,Fz,gamma,-0.0504997,0.2671156
sub-28,N,Fz,theta,0.024247264,0.1814735
sub-28,N,O1,alpha,-0.24413702,0.36671585
sub-28,N,O1,beta,0.038477626,0.40465465
sub-28,N,O1,delta,0.1551056,0.23644267
sub-28,N,O1,gamma,-0.47628692,0.532753
sub-28,N,O1,theta,0.07412427,0.22647402
sub-28,N,O2,alpha,-0.32074955,0.46413475
sub-28,N,O2,beta,0.0017656164,0.38450512
sub-28,N,O2,delta,0.4696361,0.4994516
sub-28,N,O2,gamma,-0.027254023,0.26354086
sub-28,N,O2,theta,0.23288612,0.29174903
sub-28,N,P3,alpha,-0.06676177,0.28693524
sub-28,N,P3,beta,-0.0752642,0.36111233
sub-28,N,P3,delta,-0.04187574,0.19196951
sub-28,N,P3,gamma,0.06905762,0.26877344
sub-28,N,P3,theta,-0.11371561,0.22881283
sub-28,N,P4,alpha,0.027179249,0.26299322
sub-28,N,P4,beta,-0.5014095,0.60039794
sub-28,N,P4,delta,-0.022017373,0.2506929
sub-28,N,P4,gamma,0.1587613,0.2829136
sub-28,N,P4,theta,-0.13309051,0.2411151
sub-28,N,Pz,alpha,-0.038694404,0.28105885
sub-28,N,Pz,beta,0.0069796266,0.30179825
sub-28,N,Pz,delta,-0.2495286,0.3299823
sub-28,N,Pz,gamma,-0.05888576,0.24335504
sub-28,N,Pz,theta,-0.2601847,0.3068221
sub-29,N,C3,alpha,-0.013141822,0.1570211
sub-29,N,C3,beta,0.0720659,0.2080235
sub-29,N,C3,delta,0.22382712,0.34483525
sub-29,N,C3,gamma,-0.15398115,0.27581948
sub-29,N,C3,theta,0.23702148,0.31315613
sub-29,N,C4,alpha,-0.057904407,0.1768192
sub-29,N,C4,beta,-0.120820455,0.24718338
sub-29,N,C4,delta,-0.09994334,0.28993535
sub-29,N,C4,gamma,0.0018987342,0.35354754
sub-29,N,C4,theta,0.21441184,0.36365396
sub-29,N,Cz,alpha,0.10518349,0.24230379
sub-29,N,Cz,beta,0.17877989,0.36941093
sub-29,N,Cz,delta,0.036557592,0.26738292
sub-29,N,Cz,gamma,0.00023584261,0.26996875
sub-29,N,Cz,theta,-0.13744842,0.2869528
sub-29,N,F3,alpha,-0.067920245,0.16065125
sub-29,N,F3,beta,0.043264624,0.1880197
sub-29,N,F3,delta,-0.11282357,0.33332384
sub-29,N,F3,gamma,-0.038991958,0.19125041
sub-29,N,F3,theta,0.16681132,0.34641483
sub-29,N,F4,alpha,0.055440083,0.17224687
sub-29,N,F4,beta,-0.0037698264,0.20589028
sub-29,N,F4,delta,-0.12209072,0.2628237
sub-29,N,F4,gamma,0.05899856,0.26157504
sub-29,N,F4,theta,0.18196815,0.35424003
sub-29,N,F7,alpha,-0.15546967,0.26724648
sub-29,N,F7,beta,-0.43716663,0.48722753
sub-29,N,F7,delta,-0.002841967,0.33115846
sub-29,N,F7,gamma,-0.23344801,0.31536213
sub-29,N,F7,theta,-0.17446244,0.56501323
sub-29,N,F8,alpha,0.0132468315,0.16699965
sub-29,N,F8,beta,-0.41430628,0.5015117
sub-29,N,F8,delta,-0.13261786,0.28503737
sub-29,N,F8,gamma,0.043640565,0.31904402
sub-29,N,F8,theta,0.009516939,0.3106346
sub-29,N,Fp1,alpha,-0.1667897,0.26814765
sub-29,N,Fp1,beta,-0.098031506,0.31755692
sub-29,N,Fp1,delta,0.19362076,0.29733834
sub-29,N,Fp1,gamma,-0.10587408,0.23639235
sub-29,N,Fp1,theta,0.034293305,0.22820964
sub-29,N,Fp2,alpha,-0.1685756,0.25821987
sub-29,N,Fp2,beta,0.092584625,0.31165
sub-29,N,Fp2,delta,0.11900578,0.26046827
sub-29,N,Fp2,gamma,-0.035985496,0.24189444
sub-29,N,Fp2,theta,-0.21421678,0.3094255
sub-29,N,Fz,alpha,0.008763895,0.17060654
sub-29,N,Fz,beta,-0.081806354,0.2868385
sub-29,N,Fz,delta,-0.12178098,0.29085687
sub-29,N,Fz,gamma,-0.19951297,0.33515733
sub-29,N,Fz,theta,0.3956243,0.53490555
sub-29,N,O1,alpha,-0.18919882,0.27115434
sub-29,N,O1,beta,-0.06389404,0.258052
sub-29,N,O1,delta,0.22261678,0.3133928
sub-29,N,O1,gamma,-0.46596703,0.5388646
sub-29,N,O1,theta,0.075448915,0.2706222
sub-29,N,O2,alpha,-0.15186012,0.22626655
sub-29,N,O2,beta,-0.049972903,0.3001342
sub-29,N,O2,delta,0.5605331,0.60623646
sub-29,N,O2,gamma,-0.1444835,0.29228875
sub-29,N,O2,theta,0.29327607,0.41723087
sub-29,N,P3,alpha,-0.09836876,0.19199067
sub-29,N,P3,beta,-0.1753375,0.27700144
sub-29,N,P3,delta,0.04627948,0.2414879
sub-29,N,P3,gamma,0.06374556,0.27113208
sub-29,N,P3,theta,0.12078326,0.39134878
sub-29,N,P4,alpha,-0.022238173,0.16736236
sub-29,N,P4,beta,-0.40045565,0.49084026
sub-29,N,P4,delta,-0.0015194229,0.2760306
sub-29,N,P4,gamma,0.17888013,0.33992234
sub-29,N,P4,theta,0.050955974,0.36066425
sub-29,N,Pz,alpha,-0.014176912,0.17457108
sub-29,N,Pz,beta,-0.053156924,0.23052797
sub-29,N,Pz,delta,-0.13155395,0.31460688
sub-29,N,Pz,gamma,-0.042015824,0.3118434
sub-29,N,Pz,theta,-0.16351031,0.33191085
sub-30,N,C3,alpha,-0.098944694,0.2818608
sub-30,N,C3,beta,0.09691834,0.21066773
sub-30,N,C3,delta,0.18016285,0.2150426
sub-30,N,C3,gamma,-0.05142335,0.13923901
sub-30,N,C3,theta,0.09191912,0.15225099
sub-30,N,C4,alpha,-0.11787581,0.2805251
sub-30,N,C4,beta,-0.04818454,0.20804256
sub-30,N,C4,delta,0.01474306,0.17407115
sub-30,N,C4,gamma,-0.042319313,0.15083
sub-30,N,C4,theta,0.05342831,0.17284639
sub-30,N,Cz,alpha,0.11921013,0.34812874
sub-30,N,Cz,beta,0.012395509,0.2702791
sub-30,N,Cz,delta,0.03738315,0.10256442
sub-30,N,Cz,gamma,0.04134137,0.147498
sub-30,N,Cz,theta,-0.09580703,0.19276087
sub-30,N,F3,alpha,-0.08101717,0.3299025
sub-30,N,F3,beta,0.0029572377,0.14343078
sub-30,N,F3,delta,-0.06527749,0.13485359
sub-30,N,F3,gamma,-0.02015385,0.09459904
sub-30,N,F3,theta,0.010325459,0.12681097
sub-30,N,F4,alpha,-0.2054254,0.4091298
sub-30,N,F4,beta,-0.041209046,0.15945052
sub-30,N,F4,delta,-0.003107646,0.09378912
sub-30,N,F4,gamma,-0.01095217,0.06493349
sub-30,N,F4,theta,-0.026679505,0.12846042
sub-30,N,F7,alpha,-0.21554832,0.4515516
sub-30,N,F7,beta,-0.36835653,0.42704976
sub-30,N,F7,delta,-0.07547009,0.19082046
sub-30,N,F7,gamma,-0.116049744,0.16049962
sub-30,N,F7,theta,-0.43805677,0.5204935
sub-30,N,F8,alpha,-0.054735433,0.32585868
sub-30,N,F8,beta,-0.2232307,0.33872545
sub-30,N,F8,delta,-0.09922025,0.17548631
sub-30,N,F8,gamma,-0.040600188,0.12725706
sub-30,N,F8,theta,-0.1331367,0.21709345
sub-30,N,Fp1,alpha,-0.10953758,0.3493761
sub-30,N,Fp1,beta,-0.04225072,0.20695458
sub-30,N,Fp1,delta,0.12026483,0.18661594
sub-30,N,Fp1,gamma,-0.162839,0.20876561
sub-30,N,Fp1,theta,-0.0031992882,0.15499523
sub-30,N,Fp2,alpha,-0.24925534,0.41899976
sub-30,N,Fp2,beta,-0.007106224,0.27504453
sub-30,N,Fp2,delta,0.15128316,0.20660879
sub-30,N,Fp2,gamma,-0.09775419,0.13875605
sub-30,N,Fp2,theta,-0.040126324,0.15811175
sub-30,N,Fz,alpha,-0.2068649,0.373999
sub-30,N,Fz,beta,-0.0657523,0.21026123
sub-30,N,Fz,delta,-0.0387623,0.07362215
sub-30,N,Fz,gamma,-0.024544902,0.10345167
sub-30,N,Fz,theta,-0.018781506,0.095752925
sub-30,N,O1,alpha,-0.22809449,0.44258657
sub-30,N,O1,beta,-0.045951966,0.17330588
sub-30,N,O1,delta,0.049439568,0.10249376
sub-30,N,O1,gamma,-0.04510136,0.095828354
sub-30,N,O1,theta,-0.036193587,0.1470773
sub-30,N,O2,alpha,-0.3810004,0.5058005
sub-30,N,O2,beta,-0.0923403,0.21201162
sub-30,N,O2,delta,0.16055216,0.18879652
sub-30,N,O2,gamma,-0.021980772,0.09742708
sub-30,N,O2,theta,0.06397929,0.13225362
sub-30,N,P3,alpha,-0.17431466,0.36710384
sub-30,N,P3,beta,-0.0018405787,0.15314305
sub-30,N,P3,delta,0.029245859,0.11309795
sub-30,N,P3,gamma,0.09038023,0.124941625
sub-30,N,P3,theta,-0.17882133,0.23732421
sub-30,N,P4,alpha,-0.054551948,0.31045258
sub-30,N,P4,beta,-0.29710013,0.35589108
sub-30,N,P4,delta,0.03453306,0.12139288
sub-30,N,P4,gamma,0.02177478,0.08928506
sub-30,N,P4,theta,-0.15785936,0.22011411
sub-30,N,Pz,alpha,-0.09091884,0.32454458
sub-30,N,Pz,beta,-0.04338941,0.21490593
sub-30,N,Pz,delta,-0.117553554,0.17945027
sub-30,N,Pz,gamma,0.014542811,0.09694263
sub-30,N,Pz,theta,-0.29693434,0.32688415
sub-31,N,C3,alpha,-0.06738632,0.28214487
sub-31,N,C3,beta,0.14349633,0.28541538
sub-31,N,C3,delta,0.100115344,0.120179266
sub-31,N,C3,gamma,-0.089774765,0.1536513
sub-31,N,C3,theta,0.098360024,0.14626253
sub-31,N,C4,alpha,-0.10118441,0.30236095
sub-31,N,C4,beta,-0.029332591,0.24029721
sub-31,N,C4,delta,0.0051599303,0.07581266
sub-31,N,C4,gamma,-0.08299903,0.16560195
sub-31,N,C4,theta,0.011668638,0.12184165
sub-31,N,Cz,alpha,0.12532872,0.32541856
sub-31,N,Cz,beta,-0.002677432,0.30416727
sub-31,N,Cz,delta,0.069242164,0.1391075
sub-31,N,Cz,gamma,0.17898458,0.29385573
sub-31,N,Cz,theta,-0.086443394,0.19224246
sub-31,N,F3,alpha,-0.076223515,0.32893214
sub-31,N,F3,beta,0.031407803,0.19084702
sub-31,N,F3,delta,-0.030561319,0.12114887
sub-31,N,F3,gamma,-0.010562891,0.10086531
sub-31,N,F3,theta,0.009778449,0.12782225
sub-31,N,F4,alpha,-0.17717034,0.38651475
sub-31,N,F4,beta,0.01563287,0.23750672
sub-31,N,F4,delta,-0.022473073,0.11659014
sub-31,N,F4,gamma,-0.0020578124,0.10281604
sub-31,N,F4,theta,-0.008932979,0.15481424
sub-31,N,F7,alpha,-0.13762777,0.44133767
sub-31,N,F7,beta,-0.33763114,0.39118636
sub-31,N,F7,delta,-0.032716196,0.25080037
sub-31,N,F7,gamma,-0.072608694,0.120869376
sub-31,N,F7,theta,-0.3944847,0.5588138
sub-31,N,F8,alpha,0.00848747,0.31416252
sub-31,N,F8,beta,-0.26332605,0.37323418
sub-31,N,F8,delta,-0.13770755,0.22916313
sub-31,N,F8,gamma,-0.044773657,0.11771928
sub-31,N,F8,theta,-0.13690494,0.24607164
sub-31,N,Fp1,alpha,-0.101071976,0.37049976
sub-31,N,Fp1,beta,-0.05496863,0.25255123
sub-31,N,Fp1,delta,0.13866949,0.17121764
sub-31,N,Fp1,gamma,-0.17548177,0.24000742
sub-31,N,Fp1,theta,0.008802313,0.15070313
sub-31,N,Fp2,alpha,-0.25869173,0.44194275
sub-31,N,Fp2,beta,-0.037513983,0.36187056
sub-31,N,Fp2,delta,0.15783627,0.19586664
sub-31,N,Fp2,gamma,-0.12653233,0.18428618
sub-31,N,Fp2,theta,-0.026118359,0.15347242
sub-31,N,Fz,alpha,-0.16959709,0.37080103
sub-31,N,Fz,beta,-0.018240606,0.26765266
sub-31,N,Fz,delta,-0.07651442,0.15435815
sub-31,N,Fz,gamma,0.040839933,0.16076821
sub-31,N,Fz,theta,0.002622886,0.124686986
sub-31,N,O1,alpha,-0.1919984,0.43742558
sub-31,N,O1,beta,-0.026218038,0.24691491
sub-31,N,O1,delta,0.08675787,0.13264133
sub-31,N,O1,gamma,-0.050289948,0.11146304
sub-31,N,O1,theta,-0.022850743,0.17122394
sub-31,N,O2,alpha,-0.35275665,0.4867423
sub-31,N,O2,beta,-0.04011731,0.31949604
sub-31,N,O2,delta,0.28546542,0.30457836
sub-31,N,O2,gamma,-0.021536425,0.12824039
sub-31,N,O2,theta,0.10938129,0.18715312
sub-31,N,P3,alpha,-0.14366302,0.3632531
sub-31,N,P3,beta,-0.0007090194,0.23103544
sub-31,N,P3,delta,0.040177584,0.11247362
sub-31,N,P3,gamma,0.15371387,0.19161251
sub-31,N,P3,theta,-0.16366035,0.22300702
sub-31,N,P4,alpha,-0.013883674,0.31166607
sub-31,N,P4,beta,-0.38622332,0.45815063
sub-31,N,P4,delta,0.06459247,0.112818845
sub-31,N,P4,gamma,0.045777906,0.114242926
sub-31,N,P4,theta,-0.10842261,0.15504847
sub-31,N,Pz,alpha,-0.06714123,0.32300717
sub-31,N,Pz,beta,-0.027647313,0.25089034
sub-31,N,Pz,delta,-0.12383533,0.18905401
sub-31,N,Pz,gamma,0.03684654,0.13233283
sub-31,N,Pz,theta,-0.28075036,0.30612344
sub-32,A+P+,C3,alpha,-0.046176445,0.25446242
sub-32,A+P+,C3,beta,0.04931885,0.1545259
sub-32,A+P+,C3,delta,0.24565087,0.2831545
sub-32,A+P+,C3,gamma,-0.035704438,0.109382786
sub-32,A+P+,C3,theta,0.28532457,0.35169417
sub-32,A+P+,C4,alpha,-0.054551538,0.2835086
sub-32,A+P+,C4,beta,-0.06659393,0.18279468
sub-32,A+P+,C4,delta,0.03917924,0.18351863
sub-32,A+P+,C4,gamma,-0.03615985,0.11027847
sub-32,A+P+,C4,theta,0.2616835,0.38009483
sub-32,A+P+,Cz,alpha,0.1375287,0.3072582
sub-32,A+P+,Cz,beta,0.11261435,0.2899045
sub-32,A+P+,Cz,delta,0.09366527,0.17049974
sub-32,A+P+,Cz,gamma,0.090666756,0.18056768
sub-32,A+P+,Cz,theta,-0.14695626,0.3156906
sub-32,A+P+,F3,alpha,-0.09380529,0.27337903
sub-32,A+P+,F3,beta,0.017668167,0.13903339
sub-32,A+P+,F3,delta,-0.0023438758,0.2073233
sub-32,A+P+,F3,gamma,0.0024717287,0.08707195
sub-32,A+P+,F3,theta,0.23631743,0.37750888
sub-32,A+P+,F4,alpha,-0.1717303,0.379332
sub-32,A+P+,F4,beta,-0.011933063,0.15328531
sub-32,A+P+,F4,delta,-0.005600297,0.13865979
sub-32,A+P+,F4,gamma,0.010314305,0.07953745
sub-32,A+P+,F4,theta,0.16490178,0.35995495
sub-32,A+P+,F7,alpha,-0.22213835,0.38933066
sub-32,A+P+,F7,beta,-0.29597577,0.3366836
sub-32,A+P+,F7,delta,0.12461384,0.32905596
sub-32,A+P+,F7,gamma,-0.12064605,0.16293396
sub-32,A+P+,F7,theta,-0.034816213,0.6524437
sub-32,A+P+,F8,alpha,0.040469173,0.24194445
sub-32,A+P+,F8,beta,-0.18313174,0.27176332
sub-32,A+P+,F8,delta,-0.056479342,0.2268454
sub-32,A+P+,F8,gamma,-0.023517525,0.117887676
sub-32,A+P+,F8,theta,0.15850444,0.44337854
sub-32,A+P+,Fp1,alpha,-0.20556521,0.34952426
sub-32,A+P+,Fp1,beta,-0.002227539,0.24226691
sub-32,A+P+,Fp1,delta,0.17832278,0.2247678
sub-32,A+P+,Fp1,gamma,-0.11075132,0.19695778
sub-32,A+P+,Fp1,theta,0.12109727,0.25836498
sub-32,A+P+,Fp2,alpha,-0.31323498,0.43130645
sub-32,A+P+,Fp2,beta,0.027824352,0.33022317
sub-32,A+P+,Fp2,delta,0.19362985,0.24436307
sub-32,A+P+,Fp2,gamma,-0.06745422,0.1714191
sub-32,A+P+,Fp2,theta,-0.060044102,0.25934237
sub-32,A+P+,Fz,alpha,-0.07436402,0.2815184
sub-32,A+P+,Fz,beta,-0.041555207,0.1791114
sub-32,A+P+,Fz,delta,-0.009573436,0.17872658
sub-32,A+P+,Fz,gamma,0.0039967312,0.12158465
sub-32,A+P+,Fz,theta,0.26532277,0.42873922
sub-32,A+P+,O1,alpha,-0.22229391,0.40628755
sub-32,A+P+,O1,beta,-0.031025,0.11845112
sub-32,A+P+,O1,delta,0.15645924,0.21999119
sub-32,A+P+,O1,gamma,-0.08634387,0.14336544
sub-32,A+P+,O1,theta,0.021408565,0.31281707
sub-32,A+P+,O2,alpha,-0.2853189,0.38579533
sub-32,A+P+,O2,beta,-0.061184082,0.15363346
sub-32,A+P+,O2,delta,0.39978904,0.4254457
sub-32,A+P+,O2,gamma,-0.041623175,0.11430844
sub-32,A+P+,O2,theta,0.15351315,0.368895
sub-32,A+P+,P3,alpha,-0.20390871,0.33586702
sub-32,A+P+,P3,beta,-0.043968998,0.13716836
sub-32,A+P+,P3,delta,0.089930914,0.18907104
sub-32,A+P+,P3,gamma,0.12620296,0.18023846
sub-32,A+P+,P3,theta,0.16658027,0.48180282
sub-32,A+P+,P4,alpha,-0.069231,0.24395883
sub-32,A+P+,P4,beta,-0.25653052,0.3291534
sub-32,A+P+,P4,delta,0.09561526,0.2071557
sub-32,A+P+,P4,gamma,0.063918404,0.13728319
sub-32,A+P+,P4,theta,0.1579345,0.506616
sub-32,A+P+,Pz,alpha,-0.07451183,0.26931795
sub-32,A+P+,Pz,beta,-0.055722542,0.18668857
sub-32,A+P+,Pz,delta,-0.071696416,0.22890545
sub-32,A+P+,Pz,gamma,0.056892276,0.14881131
sub-32,A+P+,Pz,theta,-0.13773891,0.39792928
sub-33,A+P+,C3,alpha,-0.0071410583,0.1499439
sub-33,A+P+,C3,beta,0.082947634,0.22911027
sub-33,A+P+,C3,delta,0.23105961,0.32015714
sub-33,A+P+,C3,gamma,-0.12063631,0.36551845
sub-33,A+P+,C3,theta,0.11948298,0.17390953
sub-33,A+P+,C4,alpha,-0.062273566,0.15868232
sub-33,A+P+,C4,beta,-0.080807164,0.25120744
sub-33,A+P+,C4,delta,-0.07379209,0.23584834
sub-33,A+P+,C4,gamma,0.09333436,0.5615884
sub-33,A+P+,C4,theta,0.014059691,0.1569271
sub-33,A+P+,Cz,alpha,0.11643683,0.27308452
sub-33,A+P+,Cz,beta,0.15829656,0.3781362
sub-33,A+P+,Cz,delta,0.030397749,0.25512987
sub-33,A+P+,Cz,gamma,0.0033411896,0.2240283
sub-33,A+P+,Cz,theta,-0.1358405,0.2435354
sub-33,A+P+,F3,alpha,-0.06363641,0.1645258
sub-33,A+P+,F3,beta,0.09430597,0.22845969
sub-33,A+P+,F3,delta,-0.16255866,0.34365034
sub-33,A+P+,F3,gamma,-0.026394935,0.23452725
sub-33,A+P+,F3,theta,0.022637565,0.2177934
sub-33,A+P+,F4,alpha,0.06674041,0.1640605
sub-33,A+P+,F4,beta,0.009513818,0.24277265
sub-33,A+P+,F4,delta,-0.13424416,0.28056738
sub-33,A+P+,F4,gamma,0.14482808,0.3781273
sub-33,A+P+,F4,theta,0.056950565,0.220647
sub-33,A+P+,F7,alpha,-0.12413068,0.27427703
sub-33,A+P+,F7,beta,-0.36772344,0.44184998
sub-33,A+P+,F7,delta,-0.08385568,0.31638423
sub-33,A+P+,F7,gamma,-0.24764328,0.409749
sub-33,A+P+,F7,theta,-0.3251903,0.46812955
sub-33,A+P+,F8,alpha,0.0070162173,0.13339297
sub-33,A+P+,F8,beta,-0.41327715,0.5341525
sub-33,A+P+,F8,delta,-0.15728444,0.2688613
sub-33,A+P+,F8,gamma,0.17769594,0.48175246
sub-33,A+P+,F8,theta,-0.04846,0.16708057
sub-33,A+P+,Fp1,alpha,-0.12236285,0.23293747
sub-33,A+P+,Fp1,beta,-0.061535124,0.2589325
sub-33,A+P+,Fp1,delta,0.23797408,0.32635385
sub-33,A+P+,Fp1,gamma,-0.14632899,0.23227347
sub-33,A+P+,Fp1,theta,0.0052204034,0.16457103
sub-33,A+P+,Fp2,alpha,-0.0754146,0.17915314
sub-33,A+P+,Fp2,beta,0.07042219,0.26127937
sub-33,A+P+,Fp2,delta,0.12718093,0.28045866
sub-33,A+P+,Fp2,gamma,-0.078237176,0.22107309
sub-33,A+P+,Fp2,theta,-0.12733597,0.19654779
sub-33,A+P+,Fz,alpha,0.0074686194,0.19655988
sub-33,A+P+,Fz,beta,0.00924943,0.37330273
sub-33,A+P+,Fz,delta,-0.17050952,0.32066002
sub-33,A+P+,Fz,gamma,-0.09996667,0.23154761
sub-33,A+P+,Fz,theta,0.119681425,0.268062
sub-33,A+P+,O1,alpha,-0.14433546,0.22832122
sub-33,A+P+,O1,beta,0.052877337,0.37264138
sub-33,A+P+,O1,delta,0.19196102,0.26476505
sub-33,A+P+,O1,gamma,-0.5024179,0.59368426
sub-33,A+P+,O1,theta,0.085273765,0.20254327
sub-33,A+P+,O2,alpha,-0.14089216,0.20533074
sub-33,A+P+,O2,beta,0.035381727,0.40872756
sub-33,A+P+,O2,delta,0.543944,0.5792411
sub-33,A+P+,O2,gamma,-0.11188414,0.28367433
sub-33,A+P+,O2,theta,0.27945298,0.33228937
sub-33,A+P+,P3,alpha,-0.063964516,0.19016297
sub-33,A+P+,P3,beta,-0.11525298,0.2900859
sub-33,A+P+,P3,delta,-0.008149385,0.2323488
sub-33,A+P+,P3,gamma,0.09974283,0.30051664
sub-33,A+P+,P3,theta,-0.03932607,0.25462407
sub-33,A+P+,P4,alpha,0.010344922,0.18016364
sub-33,A+P+,P4,beta,-0.43024975,0.53789836
sub-33,A+P+,P4,delta,-0.038887504,0.26161346
sub-33,A+P+,P4,gamma,0.13476716,0.2892684
sub-33,A+P+,P4,theta,-0.07422302,0.26454175
sub-33,A+P+,Pz,alpha,-0.005315072,0.19750085
sub-33,A+P+,Pz,beta,0.026531998,0.27690196
sub-33,A+P+,Pz,delta,-0.1898119,0.32579726
sub-33,A+P+,Pz,gamma,-0.07246188,0.24624346
sub-33,A+P+,Pz,theta,-0.20932452,0.29623264
sub-34,A+P+,C3,alpha,-0.062468644,0.24073905
sub-34,A+P+,C3,beta,0.090497814,0.19937237
sub-34,A+P+,C3,delta,0.18931195,0.21752547
sub-34,A+P+,C3,gamma,-0.03408561,0.10099916
sub-34,A+P+,C3,theta,0.19439615,0.2594188
sub-34,A+P+,C4,alpha,-0.112681605,0.28462592
sub-34,A+P+,C4,beta,-0.05124948,0.16216378
sub-34,A+P+,C4,delta,0.027851291,0.10818554
sub-34,A+P+,C4,gamma,-0.014553501,0.043360613
sub-34,A+P+,C4,theta,0.18286037,0.31121042
sub-34,A+P+,Cz,alpha,0.1417896,0.3459441
sub-34,A+P+,Cz,beta,0.03206407,0.233226
sub-34,A+P+,Cz,delta,0.05857986,0.085512914
sub-34,A+P+,Cz,gamma,-0.011392875,0.06156708
sub-34,A+P+,Cz,theta,-0.083431825,0.21881491
sub-34,A+P+,F3,alpha,-0.08129486,0.31549525
sub-34,A+P+,F3,beta,0.005311758,0.14741474
sub-34,A+P+,F3,delta,-0.012459842,0.10033225
sub-34,A+P+,F3,gamma,-0.0065345755,0.06498867
sub-34,A+P+,F3,theta,0.12864074,0.25970742
sub-34,A+P+,F4,alpha,-0.2183884,0.40847036
sub-34,A+P+,F4,beta,-0.03193842,0.16240868
sub-34,A+P+,F4,delta,0.015173845,0.09248493
sub-34,A+P+,F4,gamma,-0.0018238383,0.056955814
sub-34,A+P+,F4,theta,0.02639806,0.22382261
sub-34,A+P+,F7,alpha,-0.18749714,0.43190777
sub-34,A+P+,F7,beta,-0.27794182,0.31403345
sub-34,A+P+,F7,delta,0.033586167,0.21887296
sub-34,A+P+,F7,gamma,-0.04801659,0.07716603
sub-34,A+P+,F7,theta,-0.20453718,0.58765584
sub-34,A+P+,F8,alpha,-0.06141048,0.31088996
sub-34,A+P+,F8,beta,-0.12964405,0.21595587
sub-34,A+P+,F8,delta,-0.073627934,0.18306522
sub-34,A+P+,F8,gamma,-0.035600472,0.084224604
sub-34,A+P+,F8,theta,-0.0054856967,0.31822276
sub-34,A+P+,Fp1,alpha,-0.1400789,0.33608606
sub-34,A+P+,Fp1,beta,-0.0054835444,0.1966503
sub-34,A+P+,Fp1,delta,0.1431075,0.18464282
sub-34,A+P+,Fp1,gamma,-0.12658767,0.18313189
sub-34,A+P+,Fp1,theta,0.06704424,0.21245769
sub-34,A+P+,Fp2,alpha,-0.30166894,0.4281938
sub-34,A+P+,Fp2,beta,0.01979231,0.26681477
sub-34,A+P+,Fp2,delta,0.17904057,0.22209436
sub-34,A+P+,Fp2,gamma,-0.14374113,0.2078358
sub-34,A+P+,Fp2,theta,-0.010391927,0.20878485
sub-34,A+P+,Fz,alpha,-0.15615554,0.33436763
sub-34,A+P+,Fz,beta,-0.061708506,0.19573218
sub-34,A+P+,Fz,delta,-0.030884055,0.09684085
sub-34,A+P+,Fz,gamma,-0.015703555,0.09116654
sub-34,A+P+,Fz,theta,0.078437775,0.22476462
sub-34,A+P+,O1,alpha,-0.20069426,0.43216205
sub-34,A+P+,O1,beta,-0.032004256,0.1304747
sub-34,A+P+,O1,delta,0.064346045,0.10894253
sub-34,A+P+,O1,gamma,-0.0030205431,0.033774115
sub-34,A+P+,O1,theta,-0.029536866,0.17662175
sub-34,A+P+,O2,alpha,-0.36199084,0.4930442
sub-34,A+P+,O2,beta,-0.10474211,0.19603631
sub-34,A+P+,O2,delta,0.17308553,0.20185103
sub-34,A+P+,O2,gamma,-0.023729244,0.066589884
sub-34,A+P+,O2,theta,0.081830315,0.18885154
sub-34,A+P+,P3,alpha,-0.18337992,0.34990537
sub-34,A+P+,P3,beta,-0.016089337,0.15454325
sub-34,A+P+,P3,delta,0.062299393,0.12093387
sub-34,A+P+,P3,gamma,0.036056366,0.06463251
sub-34,A+P+,P3,theta,0.006772097,0.41095307
sub-34,A+P+,P4,alpha,-0.086877815,0.28419596
sub-34,A+P+,P4,beta,-0.18677948,0.2531311
sub-34,A+P+,P4,delta,0.065777175,0.094613835
sub-34,A+P+,P4,gamma,-0.0026512344,0.03811087
sub-34,A+P+,P4,theta,-0.0759324,0.29985613
sub-34,A+P+,Pz,alpha,-0.09511245,0.31497943
sub-34,A+P+,Pz,beta,-0.03819546,0.16969305
sub-34,A+P+,Pz,delta,-0.05528955,0.1328083
sub-34,A+P+,Pz,gamma,-0.0054972377,0.0633379
sub-34,A+P+,Pz,theta,-0.2197291,0.3722113
sub-35,A+P+,C3,alpha,-0.029627278,0.26894474
sub-35,A+P+,C3,beta,0.121772476,0.26898468
sub-35,A+P+,C3,delta,0.23150462,0.2840973
sub-35,A+P+,C3,gamma,-0.11233894,0.2049551
sub-35,A+P+,C3,theta,0.087656714,0.13474214
sub-35,A+P+,C4,alpha,-0.07881387,0.27072144
sub-35,A+P+,C4,beta,-0.07085221,0.25134206
sub-35,A+P+,C4,delta,-0.056022804,0.22883382
sub-35,A+P+,C4,gamma,-0.0702784,0.2528753
sub-35,A+P+,C4,theta,0.04812291,0.17649384
sub-35,A+P+,Cz,alpha,0.12577766,0.33551225
sub-35,A+P+,Cz,beta,0.10369104,0.30432686
sub-35,A+P+,Cz,delta,0.0015566933,0.24896847
sub-35,A+P+,Cz,gamma,0.11037612,0.27326098
sub-35,A+P+,Cz,theta,-0.11558041,0.20787114
sub-35,A+P+,F3,alpha,-0.11181069,0.27999532
sub-35,A+P+,F3,beta,0.046525702,0.19171056
sub-35,A+P+,F3,delta,-0.19778359,0.34686917
sub-35,A+P+,F3,gamma,-0.027752826,0.16058482
sub-35,A+P+,F3,theta,0.04253902,0.21266092
sub-35,A+P+,F4,alpha,-0.13255382,0.34759018
sub-35,A+P+,F4,beta,0.018678594,0.24106921
sub-35,A+P+,F4,delta,-0.13310921,0.2470479
sub-35,A+P+,F4,gamma,0.029778164,0.19304387
sub-35,A+P+,F4,theta,0.044394184,0.23362322
sub-35,A+P+,F7,alpha,-0.15871453,0.43087527
sub-35,A+P+,F7,beta,-0.35903266,0.41596204
sub-35,A+P+,F7,delta,-0.035739336,0.3230117
sub-35,A+P+,F7,gamma,-0.18294182,0.24782667
sub-35,A+P+,F7,theta,-0.36236075,0.58232
sub-35,A+P+,F8,alpha,0.058140706,0.27668443
sub-35,A+P+,F8,beta,-0.29128635,0.38226604
sub-35,A+P+,F8,delta,-0.19704653,0.32224345
sub-35,A+P+,F8,gamma,-0.026640052,0.17359298
sub-35,A+P+,F8,theta,-0.115151905,0.2637791
sub-35,A+P+,Fp1,alpha,-0.14075767,0.29986104
sub-35,A+P+,Fp1,beta,-0.028059471,0.21322988
sub-35,A+P+,Fp1,delta,0.19456841,0.30617625
sub-35,A+P+,Fp1,gamma,-0.1638693,0.24071042
sub-35,A+P+,Fp1,theta,0.008188375,0.17857991
sub-35,A+P+,Fp2,alpha,-0.21930303,0.3263655
sub-35,A+P+,Fp2,beta,0.04631759,0.33577368
sub-35,A+P+,Fp2,delta,0.15485567,0.27443963
sub-35,A+P+,Fp2,gamma,-0.1688478,0.28861246
sub-35,A+P+,Fp2,theta,-0.10016715,0.1919374
sub-35,A+P+,Fz,alpha,-0.11600184,0.33081996
sub-35,A+P+,Fz,beta,-0.045524165,0.28618085
sub-35,A+P+,Fz,delta,-0.12462742,0.2671252
sub-35,A+P+,Fz,gamma,-0.02366951,0.2599134
sub-35,A+P+,Fz,theta,0.06739802,0.22675961
sub-35,A+P+,O1,alpha,-0.25819278,0.41909915
sub-35,A+P+,O1,beta,-0.06184717,0.24667998
sub-35,A+P+,O1,delta,0.13797936,0.26386297
sub-35,A+P+,O1,gamma,-0.25735778,0.32089856
sub-35,A+P+,O1,theta,0.012711232,0.20012204
sub-35,A+P+,O2,alpha,-0.33385018,0.4371304
sub-35,A+P+,O2,beta,-0.08731093,0.25641948
sub-35,A+P+,O2,delta,0.5162008,0.5520756
sub-35,A+P+,O2,gamma,-0.031006072,0.24118021
sub-35,A+P+,O2,theta,0.14309959,0.21007048
sub-35,A+P+,P3,alpha,-0.1262531,0.3176039
sub-35,A+P+,P3,beta,-0.08136785,0.260324
sub-35,A+P+,P3,delta,-0.012864877,0.20955195
sub-35,A+P+,P3,gamma,0.13963822,0.24672341
sub-35,A+P+,P3,theta,-0.13696218,0.24845156
sub-35,A+P+,P4,alpha,-0.015008805,0.28522375
sub-35,A+P+,P4,beta,-0.44023702,0.5167639
sub-35,A+P+,P4,delta,-0.008547684,0.23659682
sub-35,A+P+,P4,gamma,0.10546091,0.21748011
sub-35,A+P+,P4,theta,-0.12454884,0.21738465
sub-35,A+P+,Pz,alpha,-0.03708584,0.30926785
sub-35,A+P+,Pz,beta,-0.057198334,0.20158155
sub-35,A+P+,Pz,delta,-0.19733676,0.2836936
sub-35,A+P+,Pz,gamma,0.0028524047,0.14629757
sub-35,A+P+,Pz,theta,-0.22500001,0.25847888
sub-36,A+P+,C3,alpha,-0.02175302,0.19711903
sub-36,A+P+,C3,beta,0.07652745,0.18180162
sub-36,A+P+,C3,delta,0.20870562,0.33664
sub-36,A+P+,C3,gamma,-0.10285404,0.26615286
sub-36,A+P+,C3,theta,0.12929723,0.18946993
sub-36,A+P+,C4,alpha,-0.07032602,0.22029096
sub-36,A+P+,C4,beta,-0.09422552,0.1981602
sub-36,A+P+,C4,delta,-0.07243468,0.27176005
sub-36,A+P+,C4,gamma,-0.029585373,0.24282593
sub-36,A+P+,C4,theta,0.16747329,0.28127155
sub-36,A+P+,Cz,alpha,0.08984712,0.2619159
sub-36,A+P+,Cz,beta,0.121263765,0.28805068
sub-36,A+P+,Cz,delta,-0.049121343,0.2915927
sub-36,A+P+,Cz,gamma,0.032881163,0.23702702
sub-36,A+P+,Cz,theta,-0.09806361,0.20148133
sub-36,A+P+,F3,alpha,-0.06223043,0.15538238
sub-36,A+P+,F3,beta,0.011930626,0.10389757
sub-36,A+P+,F3,delta,-0.27541327,0.43544236
sub-36,A+P+,F3,gamma,-0.031226348,0.114972815
sub-36,A+P+,F3,theta,0.077712476,0.195435
sub-36,A+P+,F4,alpha,-0.012094848,0.1907025
sub-36,A+P+,F4,beta,-0.027037319,0.15330419
sub-36,A+P+,F4,delta,-0.14424694,0.31049976
sub-36,A+P+,F4,gamma,0.0140043115,0.18678854
sub-36,A+P+,F4,theta,0.08500538,0.2372128
sub-36,A+P+,F7,alpha,-0.15817821,0.28978285
sub-36,A+P+,F7,beta,-0.20082764,0.2354931
sub-36,A+P+,F7,delta,-0.0721902,0.37520266
sub-36,A+P+,F7,gamma,-0.11145762,0.14950585
sub-36,A+P+,F7,theta,-0.25653854,0.5110052
sub-36,A+P+,F8,alpha,0.0016783933,0.16007142
sub-36,A+P+,F8,beta,-0.19850142,0.25805968
sub-36,A+P+,F8,delta,-0.19593579,0.34510663
sub-36,A+P+,F8,gamma,-0.028410602,0.12286368
sub-36,A+P+,F8,theta,0.014274707,0.27481714
sub-36,A+P+,Fp1,alpha,-0.14504348,0.2634748
sub-36,A+P+,Fp1,beta,0.00073377497,0.21149987
sub-36,A+P+,Fp1,delta,0.1427051,0.29019997
sub-36,A+P+,Fp1,gamma,-0.11551422,0.19650462
sub-36,A+P+,Fp1,theta,0.03155809,0.19076462
sub-36,A+P+,Fp2,alpha,-0.20995618,0.29432604
sub-36,A+P+,Fp2,beta,0.10707703,0.27351353
sub-36,A+P+,Fp2,delta,0.099820465,0.2680527
sub-36,A+P+,Fp2,gamma,-0.07079875,0.1813453
sub-36,A+P+,Fp2,theta,-0.18158242,0.27719408
sub-36,A+P+,Fz,alpha,-0.054640036,0.20469801
sub-36,A+P+,Fz,beta,-0.1011006,0.2467977
sub-36,A+P+,Fz,delta,-0.18224944,0.3606279
sub-36,A+P+,Fz,gamma,-0.15343292,0.31380695
sub-36,A+P+,Fz,theta,0.103750736,0.23537654
sub-36,A+P+,O1,alpha,-0.2819005,0.39035523
sub-36,A+P+,O1,beta,-0.082196765,0.24319255
sub-36,A+P+,O1,delta,0.1492023,0.25666195
sub-36,A+P+,O1,gamma,-0.43792135,0.5190998
sub-36,A+P+,O1,theta,0.037562154,0.22194
sub-36,A+P+,O2,alpha,-0.3005595,0.36733523
sub-36,A+P+,O2,beta,-0.10499869,0.23281461
sub-36,A+P+,O2,delta,0.4746895,0.5334183
sub-36,A+P+,O2,gamma,-0.0935932,0.19269812
sub-36,A+P+,O2,theta,0.19773324,0.29602817
sub-36,A+P+,P3,alpha,-0.14915173,0.2759829
sub-36,A+P+,P3,beta,-0.088728,0.1748118
sub-36,A+P+,P3,delta,-0.0040638023,0.23437354
sub-36,A+P+,P3,gamma,0.0727311,0.24053988
sub-36,A+P+,P3,theta,0.0064295926,0.29739213
sub-36,A+P+,P4,alpha,-0.050802078,0.23220229
sub-36,A+P+,P4,beta,-0.2429893,0.3104159
sub-36,A+P+,P4,delta,-0.04380323,0.27103955
sub-36,A+P+,P4,gamma,0.07560282,0.21432346
sub-36,A+P+,P4,theta,-0.027731666,0.29044166
sub-36,A+P+,Pz,alpha,-0.024241462,0.21192276
sub-36,A+P+,Pz,beta,-0.062552325,0.17797965
sub-36,A+P+,Pz,delta,-0.23196827,0.36127338
sub-36,A+P+,Pz,gamma,-0.0127738025,0.20708466
sub-36,A+P+,Pz,theta,-0.1897129,0.32153732
sub-37,A+P+,C3,alpha,-0.0079717515,0.16032776
sub-37,A+P+,C3,beta,0.031886343,0.3169983
sub-37,A+P+,C3,delta,0.23236483,0.31793338
sub-37,A+P+,C3,gamma,-0.2128202,0.28667012
sub-37,A+P+,C3,theta,0.12880698,0.19315359
sub-37,A+P+,C4,alpha,-0.07299001,0.18814412
sub-37,A+P+,C4,beta,-0.12884112,0.298283
sub-37,A+P+,C4,delta,-0.13977535,0.28517237
sub-37,A+P+,C4,gamma,-0.057757705,0.37701303
sub-37,A+P+,C4,theta,0.06592,0.24236864
sub-37,A+P+,Cz,alpha,0.07699867,0.24729368
sub-37,A+P+,Cz,beta,0.14960463,0.36693382
sub-37,A+P+,Cz,delta,0.003066911,0.28840142
sub-37,A+P+,Cz,gamma,-0.016140368,0.24915744
sub-37,A+P+,Cz,theta,-0.14969277,0.25304765
sub-37,A+P+,F3,alpha,-0.10404305,0.20982483
sub-37,A+P+,F3,beta,0.09435965,0.25579995
sub-37,A+P+,F3,delta,-0.16714278,0.34918305
sub-37,A+P+,F3,gamma,-0.05767005,0.1763223
sub-37,A+P+,F3,theta,0.03893722,0.25830176
sub-37,A+P+,F4,alpha,0.03823348,0.17125745
sub-37,A+P+,F4,beta,0.011801412,0.2643032
sub-37,A+P+,F4,delta,-0.21139544,0.32230225
sub-37,A+P+,F4,gamma,0.007516698,0.26509225
sub-37,A+P+,F4,theta,0.087609306,0.2858866
sub-37,A+P+,F7,alpha,-0.13000411,0.34999317
sub-37,A+P+,F7,beta,-0.5315739,0.58212316
sub-37,A+P+,F7,delta,-0.059363116,0.33748305
sub-37,A+P+,F7,gamma,-0.2093102,0.27334204
sub-37,A+P+,F7,theta,-0.33940005,0.5146749
sub-37,A+P+,F8,alpha,0.057264443,0.22417344
sub-37,A+P+,F8,beta,-0.46632487,0.54524684
sub-37,A+P+,F8,delta,-0.2020944,0.34121317
sub-37,A+P+,F8,gamma,-0.04873407,0.22942528
sub-37,A+P+,F8,theta,-0.063388884,0.25138554
sub-37,A+P+,Fp1,alpha,-0.15185317,0.25414324
sub-37,A+P+,Fp1,beta,-0.14721957,0.33362073
sub-37,A+P+,Fp1,delta,0.21445306,0.31511655
sub-37,A+P+,Fp1,gamma,-0.17104353,0.32948002
sub-37,A+P+,Fp1,theta,0.013933658,0.1784489
sub-37,A+P+,Fp2,alpha,-0.11243387,0.2011517
sub-37,A+P+,Fp2,beta,0.059676684,0.3318189
sub-37,A+P+,Fp2,delta,0.103004046,0.26746395
sub-37,A+P+,Fp2,gamma,-0.097181596,0.3282878
sub-37,A+P+,Fp2,theta,-0.15659209,0.21881135
sub-37,A+P+,Fz,alpha,0.00045830663,0.19646618
sub-37,A+P+,Fz,beta,-0.02206915,0.3899411
sub-37,A+P+,Fz,delta,-0.21205008,0.35052538
sub-37,A+P+,Fz,gamma,-0.20026194,0.33985147
sub-37,A+P+,Fz,theta,0.20488577,0.3547135
sub-37,A+P+,O1,alpha,-0.23575465,0.31752676
sub-37,A+P+,O1,beta,-0.02257247,0.37690657
sub-37,A+P+,O1,delta,0.18452746,0.28473395
sub-37,A+P+,O1,gamma,-0.42863557,0.48591048
sub-37,A+P+,O1,theta,0.07808448,0.24513872
sub-37,A+P+,O2,alpha,-0.16903864,0.24792394
sub-37,A+P+,O2,beta,0.0034658823,0.40725282
sub-37,A+P+,O2,delta,0.5893083,0.636847
sub-37,A+P+,O2,gamma,-0.09431385,0.2686895
sub-37,A+P+,O2,theta,0.32750422,0.3971439
sub-37,A+P+,P3,alpha,-0.10074828,0.19424091
sub-37,A+P+,P3,beta,-0.1838516,0.36900112
sub-37,A+P+,P3,delta,-0.031527407,0.23109554
sub-37,A+P+,P3,gamma,0.028813763,0.2525579
sub-37,A+P+,P3,theta,-0.039369535,0.2779099
sub-37,A+P+,P4,alpha,-0.022726972,0.15963401
sub-37,A+P+,P4,beta,-0.5727803,0.6671558
sub-37,A+P+,P4,delta,-0.048158642,0.2699361
sub-37,A+P+,P4,gamma,0.11630556,0.27810565
sub-37,A+P+,P4,theta,-0.070491806,0.2521999
sub-37,A+P+,Pz,alpha,-0.028088758,0.17574918
sub-37,A+P+,Pz,beta,-0.033230152,0.29458097
sub-37,A+P+,Pz,delta,-0.22522195,0.3586648
sub-37,A+P+,Pz,gamma,-0.1078752,0.29703
sub-37,A+P+,Pz,theta,-0.22686625,0.31047428
sub-38,A+P-,C3,alpha,-0.035534784,0.29144838
sub-38,A+P-,C3,beta,0.105393864,0.24800366
sub-38,A+P-,C3,delta,0.20146903,0.23532805
sub-38,A+P-,C3,gamma,-0.17389147,0.30106413
sub-38,A+P-,C3,theta,0.14914168,0.20742694
sub-38,A+P-,C4,alpha,-0.08372659,0.3048812
sub-38,A+P-,C4,beta,-0.08588818,0.24694477
sub-38,A+P-,C4,delta,-0.03578409,0.21089572
sub-38,A+P-,C4,gamma,-0.09915527,0.222109
sub-38,A+P-,C4,theta,0.14818539,0.30769205
sub-38,A+P-,Cz,alpha,0.122437455,0.3266913
sub-38,A+P-,Cz,beta,0.053335443,0.3506222
sub-38,A+P-,Cz,delta,0.06714645,0.18087748
sub-38,A+P-,Cz,gamma,0.09153263,0.23395243
sub-38,A+P-,Cz,theta,-0.16260804,0.26898488
sub-38,A+P-,F3,alpha,-0.14860246,0.31949303
sub-38,A+P-,F3,beta,0.027341964,0.19655547
sub-38,A+P-,F3,delta,-0.0801229,0.24372609
sub-38,A+P-,F3,gamma,-0.04858274,0.2099206
sub-38,A+P-,F3,theta,0.021557022,0.22525483
sub-38,A+P-,F4,alpha,-0.146811,0.34904617
sub-38,A+P-,F4,beta,0.016590992,0.24294265
sub-38,A+P-,F4,delta,-0.10394381,0.22514567
sub-38,A+P-,F4,gamma,0.07628164,0.24165875
sub-38,A+P-,F4,theta,0.044091947,0.24073863
sub-38,A+P-,F7,alpha,-0.21343994,0.4146417
sub-38,A+P-,F7,beta,-0.5051797,0.5674652
sub-38,A+P-,F7,delta,0.006684826,0.32973033
sub-38,A+P-,F7,gamma,-0.37509537,0.51120514
sub-38,A+P-,F7,theta,-0.43773198,0.53497505
sub-38,A+P-,F8,alpha,0.03902407,0.22057143
sub-38,A+P-,F8,beta,-0.34728804,0.42742372
sub-38,A+P-,F8,delta,-0.22185168,0.3510777
sub-38,A+P-,F8,gamma,0.07302718,0.32494324
sub-38,A+P-,F8,theta,-0.15338701,0.25368056
sub-38,A+P-,Fp1,alpha,-0.20459273,0.36389238
sub-38,A+P-,Fp1,beta,-0.07603771,0.2726898
sub-38,A+P-,Fp1,delta,0.21950851,0.3140535
sub-38,A+P-,Fp1,gamma,-0.17730212,0.2610502
sub-38,A+P-,Fp1,theta,0.01729005,0.18664165
sub-38,A+P-,Fp2,alpha,-0.28665817,0.407167
sub-38,A+P-,Fp2,beta,0.0004516878,0.34820405
sub-38,A+P-,Fp2,delta,0.18095441,0.2794153
sub-38,A+P-,Fp2,gamma,-0.16962576,0.28679845
sub-38,A+P-,Fp2,theta,-0.09298093,0.2054308
sub-38,A+P-,Fz,alpha,-0.119883515,0.3480081
sub-38,A+P-,Fz,beta,-0.031521544,0.30765957
sub-38,A+P-,Fz,delta,-0.060514387,0.16700901
sub-38,A+P-,Fz,gamma,0.010692558,0.22247729
sub-38,A+P-,Fz,theta,0.084549494,0.29581937
sub-38,A+P-,O1,alpha,-0.2764714,0.44137427
sub-38,A+P-,O1,beta,-0.08090473,0.2480457
sub-38,A+P-,O1,delta,0.13150418,0.17585066
sub-38,A+P-,O1,gamma,-0.23461203,0.29154277
sub-38,A+P-,O1,theta,0.002178939,0.25813103
sub-38,A+P-,O2,alpha,-0.36217353,0.49106583
sub-38,A+P-,O2,beta,-0.06828061,0.31241772
sub-38,A+P-,O2,delta,0.29967806,0.32618287
sub-38,A+P-,O2,gamma,-0.052265815,0.33153883
sub-38,A+P-,O2,theta,0.17837091,0.30941418
sub-38,A+P-,P3,alpha,-0.14118427,0.33707303
sub-38,A+P-,P3,beta,-0.09258506,0.25882608
sub-38,A+P-,P3,delta,0.009902432,0.17805678
sub-38,A+P-,P3,gamma,0.15349954,0.26018512
sub-38,A+P-,P3,theta,-0.015199333,0.41747716
sub-38,A+P-,P4,alpha,-0.013018132,0.2951697
sub-38,A+P-,P4,beta,-0.4217098,0.5009842
sub-38,A+P-,P4,delta,0.05986217,0.15090472
sub-38,A+P-,P4,gamma,0.14039049,0.23914813
sub-38,A+P-,P4,theta,-0.08289238,0.38772705
sub-38,A+P-,Pz,alpha,-0.091043375,0.30289724
sub-38,A+P-,Pz,beta,-0.040646296,0.25605386
sub-38,A+P-,Pz,delta,-0.19063894,0.28039414
sub-38,A+P-,Pz,gamma,0.02760855,0.20238794
sub-38,A+P-,Pz,theta,-0.31466317,0.40134406
sub-39,A+P+,C3,alpha,-0.00415808,0.24512868
sub-39,A+P+,C3,beta,0.082730055,0.23567815
sub-39,A+P+,C3,delta,0.23670822,0.31621373
sub-39,A+P+,C3,gamma,-0.1734072,0.24684387
sub-39,A+P+,C3,theta,0.14607823,0.20596485
sub-39,A+P+,C4,alpha,-0.05732112,0.25746664
sub-39,A+P+,C4,beta,-0.09038954,0.25043294
sub-39,A+P+,C4,delta,-0.11686941,0.28649968
sub-39,A+P+,C4,gamma,-0.107876465,0.26921746
sub-39,A+P+,C4,theta,0.06862496,0.21852717
sub-39,A+P+,Cz,alpha,0.15818118,0.32239574
sub-39,A+P+,Cz,beta,0.16245481,0.36662167
sub-39,A+P+,Cz,delta,0.034323238,0.2583058
sub-39,A+P+,Cz,gamma,0.04097613,0.24300599
sub-39,A+P+,Cz,theta,-0.13770035,0.25776714
sub-39,A+P+,F3,alpha,-0.1223919,0.2476944
sub-39,A+P+,F3,beta,0.11326315,0.2720377
sub-39,A+P+,F3,delta,-0.08403389,0.2832644
sub-39,A+P+,F3,gamma,-0.04468738,0.18575934
sub-39,A+P+,F3,theta,0.06643275,0.26660007
sub-39,A+P+,F4,alpha,-0.0011369856,0.2338072
sub-39,A+P+,F4,beta,0.05441804,0.28001606
sub-39,A+P+,F4,delta,-0.14825703,0.25643858
sub-39,A+P+,F4,gamma,0.016145661,0.22702692
sub-39,A+P+,F4,theta,0.11532395,0.29606742
sub-39,A+P+,F7,alpha,-0.1472852,0.38681075
sub-39,A+P+,F7,beta,-0.44954836,0.4979083
sub-39,A+P+,F7,delta,-0.0034945407,0.34958544
sub-39,A+P+,F7,gamma,-0.18050016,0.23532346
sub-39,A+P+,F7,theta,-0.30203417,0.54159385
sub-39,A+P+,F8,alpha,0.12038946,0.30327716
sub-39,A+P+,F8,beta,-0.41297972,0.50807244
sub-39,A+P+,F8,delta,-0.15748136,0.2863142
sub-39,A+P+,F8,gamma,-0.05297554,0.17901449
sub-39,A+P+,F8,theta,-0.06569053,0.27824655
sub-39,A+P+,Fp1,alpha,-0.16629167,0.29110864
sub-39,A+P+,Fp1,beta,-0.07314064,0.28856686
sub-39,A+P+,Fp1,delta,0.23366986,0.32792625
sub-39,A+P+,Fp1,gamma,-0.1503737,0.27968335
sub-39,A+P+,Fp1,theta,0.03961952,0.1985198
sub-39,A+P+,Fp2,alpha,-0.19649191,0.30327457
sub-39,A+P+,Fp2,beta,0.07963884,0.3151325
sub-39,A+P+,Fp2,delta,0.13805589,0.27584404
sub-39,A+P+,Fp2,gamma,-0.08237572,0.23155935
sub-39,A+P+,Fp2,theta,-0.14983505,0.24117166
sub-39,A+P+,Fz,alpha,0.0012533359,0.23672496
sub-39,A+P+,Fz,beta,-0.0006867037,0.3758494
sub-39,A+P+,Fz,delta,-0.119723506,0.2816725
sub-39,A+P+,Fz,gamma,-0.094697274,0.29273045
sub-39,A+P+,Fz,theta,0.22801188,0.37232393
sub-39,A+P+,O1,alpha,-0.22573987,0.3229085
sub-39,A+P+,O1,beta,-0.0022091751,0.33651686
sub-39,A+P+,O1,delta,0.19236003,0.28808895
sub-39,A+P+,O1,gamma,-0.53343534,0.60216355
sub-39,A+P+,O1,theta,0.0653026,0.26240298
sub-39,A+P+,O2,alpha,-0.1666906,0.25735006
sub-39,A+P+,O2,beta,0.018609673,0.3920613
sub-39,A+P+,O2,delta,0.5950337,0.6297305
sub-39,A+P+,O2,gamma,-0.11245188,0.34545934
sub-39,A+P+,O2,theta,0.30007508,0.40581393
sub-39,A+P+,P3,alpha,-0.10130107,0.26328215
sub-39,A+P+,P3,beta,-0.13558877,0.28665468
sub-39,A+P+,P3,delta,0.009653834,0.21458629
sub-39,A+P+,P3,gamma,0.06148696,0.29254046
sub-39,A+P+,P3,theta,0.0296714,0.3452897
sub-39,A+P+,P4,alpha,-0.0048312508,0.21362944
sub-39,A+P+,P4,beta,-0.460484,0.5628399
sub-39,A+P+,P4,delta,-0.020972226,0.27637547
sub-39,A+P+,P4,gamma,0.18091176,0.32567948
sub-39,A+P+,P4,theta,-0.009818816,0.3480358
sub-39,A+P+,Pz,alpha,-0.012360821,0.22330813
sub-39,A+P+,Pz,beta,-0.017790897,0.27026278
sub-39,A+P+,Pz,delta,-0.17597517,0.32434872
sub-39,A+P+,Pz,gamma,-0.046005473,0.2579251
sub-39,A+P+,Pz,theta,-0.22504774,0.34694937
sub-40,A+P+,C3,alpha,-0.052176505,0.26079887
sub-40,A+P+,C3,beta,0.08724288,0.19561595
sub-40,A+P+,C3,delta,0.2736927,0.3401767
sub-40,A+P+,C3,gamma,-0.104730345,0.231347
sub-40,A+P+,C3,theta,0.14006585,0.19668597
sub-40,A+P+,C4,alpha,-0.09125515,0.26928264
sub-40,A+P+,C4,beta,-0.08253243,0.20193934
sub-40,A+P+,C4,delta,-0.05247294,0.27668273
sub-40,A+P+,C4,gamma,-0.0333603,0.26604953
sub-40,A+P+,C4,theta,0.10487433,0.2359919
sub-40,A+P+,Cz,alpha,0.13514957,0.34186804
sub-40,A+P+,Cz,beta,0.1104593,0.28578225
sub-40,A+P+,Cz,delta,-0.00066296064,0.23787422
sub-40,A+P+,Cz,gamma,0.114418484,0.27200308
sub-40,A+P+,Cz,theta,-0.14977653,0.25549507
sub-40,A+P+,F3,alpha,-0.113555774,0.30484885
sub-40,A+P+,F3,beta,0.019239247,0.15661386
sub-40,A+P+,F3,delta,-0.2191965,0.36176464
sub-40,A+P+,F3,gamma,-0.028275717,0.15780479
sub-40,A+P+,F3,theta,0.03888202,0.1845449
sub-40,A+P+,F4,alpha,-0.16418016,0.35838652
sub-40,A+P+,F4,beta,-0.035657603,0.17087217
sub-40,A+P+,F4,delta,-0.13638435,0.26555172
sub-40,A+P+,F4,gamma,-0.007383313,0.14799026
sub-40,A+P+,F4,theta,0.0449637,0.2230545
sub-40,A+P+,F7,alpha,-0.18846561,0.36991453
sub-40,A+P+,F7,beta,-0.26191956,0.30987847
sub-40,A+P+,F7,delta,-0.07490224,0.3957937
sub-40,A+P+,F7,gamma,-0.16642448,0.22283497
sub-40,A+P+,F7,theta,-0.39575797,0.51556855
sub-40,A+P+,F8,alpha,0.034372345,0.23017527
sub-40,A+P+,F8,beta,-0.16544703,0.23744348
sub-40,A+P+,F8,delta,-0.21632053,0.36887786
sub-40,A+P+,F8,gamma,-0.033513628,0.14355338
sub-40,A+P+,F8,theta,-0.10265323,0.24068616
sub-40,A+P+,Fp1,alpha,-0.16686936,0.327036
sub-40,A+P+,Fp1,beta,-0.01667336,0.20574772
sub-40,A+P+,Fp1,delta,0.17056525,0.3012857
sub-40,A+P+,Fp1,gamma,-0.16070198,0.2488521
sub-40,A+P+,Fp1,theta,0.0067894314,0.1585328
sub-40,A+P+,Fp2,alpha,-0.277143,0.38547552
sub-40,A+P+,Fp2,beta,0.066182874,0.31620082
sub-40,A+P+,Fp2,delta,0.154313,0.27168497
sub-40,A+P+,Fp2,gamma,-0.16129486,0.30180016
sub-40,A+P+,Fp2,theta,-0.10040731,0.19954266
sub-40,A+P+,Fz,alpha,-0.14764285,0.34958524
sub-40,A+P+,Fz,beta,-0.07560496,0.24913663
sub-40,A+P+,Fz,delta,-0.11372709,0.25075093
sub-40,A+P+,Fz,gamma,-0.0111461505,0.21834438
sub-40,A+P+,Fz,theta,0.057961587,0.19734372
sub-40,A+P+,O1,alpha,-0.30444533,0.45762572
sub-40,A+P+,O1,beta,-0.08130004,0.23260275
sub-40,A+P+,O1,delta,0.12784982,0.22861837
sub-40,A+P+,O1,gamma,-0.2543214,0.3229427
sub-40,A+P+,O1,theta,0.004632584,0.21782525
sub-40,A+P+,O2,alpha,-0.3409088,0.43140924
sub-40,A+P+,O2,beta,-0.05530609,0.31729963
sub-40,A+P+,O2,delta,0.4711012,0.507822
sub-40,A+P+,O2,gamma,-0.07325811,0.32261014
sub-40,A+P+,O2,theta,0.15443735,0.25212383
sub-40,A+P+,P3,alpha,-0.17119202,0.3529464
sub-40,A+P+,P3,beta,-0.07886419,0.19596404
sub-40,A+P+,P3,delta,-0.0018835628,0.20082422
sub-40,A+P+,P3,gamma,0.12468794,0.23339
sub-40,A+P+,P3,theta,-0.08930568,0.29807222
sub-40,A+P+,P4,alpha,-0.03634696,0.29150766
sub-40,A+P+,P4,beta,-0.34032777,0.40754402
sub-40,A+P+,P4,delta,-0.0074997437,0.23492205
sub-40,A+P+,P4,gamma,0.090922184,0.21275797
sub-40,A+P+,P4,theta,-0.111446366,0.27744105
sub-40,A+P+,Pz,alpha,-0.050255466,0.2936027
sub-40,A+P+,Pz,beta,-0.06340214,0.21107358
sub-40,A+P+,Pz,delta,-0.23385644,0.32728985
sub-40,A+P+,Pz,gamma,0.028681785,0.18656665
sub-40,A+P+,Pz,theta,-0.28230768,0.36284846
sub-41,A+P+,C3,alpha,-0.031412795,0.25662935
sub-41,A+P+,C3,beta,0.085441716,0.19821802
sub-41,A+P+,C3,delta,0.29875192,0.34830987
sub-41,A+P+,C3,gamma,-0.07583321,0.1946838
sub-41,A+P+,C3,theta,0.22863154,0.29142067
sub-41,A+P+,C4,alpha,-0.056153543,0.26766947
sub-41,A+P+,C4,beta,-0.08459904,0.21681616
sub-41,A+P+,C4,delta,-0.032597,0.27389216
sub-41,A+P+,C4,gamma,-0.015266592,0.25616115
sub-41,A+P+,C4,theta,0.22851484,0.36456582
sub-41,A+P+,Cz,alpha,0.14767046,0.32445556
sub-41,A+P+,Cz,beta,0.11014129,0.24684599
sub-41,A+P+,Cz,delta,-0.016393645,0.3108824
sub-41,A+P+,Cz,gamma,0.101188846,0.22771272
sub-41,A+P+,Cz,theta,-0.14279051,0.2588682
sub-41,A+P+,F3,alpha,-0.12901342,0.30308762
sub-41,A+P+,F3,beta,0.022270551,0.1550972
sub-41,A+P+,F3,delta,-0.07497923,0.29720485
sub-41,A+P+,F3,gamma,-0.023795664,0.1532403
sub-41,A+P+,F3,theta,0.1510573,0.30293718
sub-41,A+P+,F4,alpha,-0.13278179,0.33263105
sub-41,A+P+,F4,beta,-0.02846138,0.15025364
sub-41,A+P+,F4,delta,-0.11558687,0.2542289
sub-41,A+P+,F4,gamma,0.022897508,0.16392365
sub-41,A+P+,F4,theta,0.13685282,0.32894003
sub-41,A+P+,F7,alpha,-0.18928063,0.46087566
sub-41,A+P+,F7,beta,-0.21039161,0.25283533
sub-41,A+P+,F7,delta,0.0873866,0.32135662
sub-41,A+P+,F7,gamma,-0.17433019,0.2220143
sub-41,A+P+,F7,theta,-0.20892523,0.6013134
sub-41,A+P+,F8,alpha,0.06535219,0.28048536
sub-41,A+P+,F8,beta,-0.26340857,0.34308648
sub-41,A+P+,F8,delta,-0.11092476,0.26057687
sub-41,A+P+,F8,gamma,0.0057952255,0.22701228
sub-41,A+P+,F8,theta,0.015725106,0.36583766
sub-41,A+P+,Fp1,alpha,-0.21046855,0.37594542
sub-41,A+P+,Fp1,beta,0.004474274,0.23490793
sub-41,A+P+,Fp1,delta,0.17503107,0.26243776
sub-41,A+P+,Fp1,gamma,-0.13293475,0.24502917
sub-41,A+P+,Fp1,theta,0.07029285,0.22046699
sub-41,A+P+,Fp2,alpha,-0.3226997,0.4458998
sub-41,A+P+,Fp2,beta,0.0901037,0.29195943
sub-41,A+P+,Fp2,delta,0.16763163,0.26250902
sub-41,A+P+,Fp2,gamma,-0.07575821,0.23107184
sub-41,A+P+,Fp2,theta,-0.1326291,0.2661489
sub-41,A+P+,Fz,alpha,-0.06248913,0.27431506
sub-41,A+P+,Fz,beta,-0.08585422,0.22393718
sub-41,A+P+,Fz,delta,-0.078241855,0.27948633
sub-41,A+P+,Fz,gamma,0.013129234,0.23075885
sub-41,A+P+,Fz,theta,0.20123038,0.35190633
sub-41,A+P+,O1,alpha,-0.24521255,0.38032183
sub-41,A+P+,O1,beta,-0.06174326,0.27136913
sub-41,A+P+,O1,delta,0.16553625,0.28005522
sub-41,A+P+,O1,gamma,-0.57443005,0.66983384
sub-41,A+P+,O1,theta,0.022412319,0.26216555
sub-41,A+P+,O2,alpha,-0.27796954,0.36785576
sub-41,A+P+,O2,beta,-0.0748665,0.2927608
sub-41,A+P+,O2,delta,0.5115919,0.5481589
sub-41,A+P+,O2,gamma,-0.11168386,0.34434974
sub-41,A+P+,O2,theta,0.20918567,0.35447216
sub-41,A+P+,P3,alpha,-0.17546001,0.35136408
sub-41,A+P+,P3,beta,-0.07135473,0.16591242
sub-41,A+P+,P3,delta,0.0441146,0.19028959
sub-41,A+P+,P3,gamma,0.121952966,0.25088212
sub-41,A+P+,P3,theta,0.04431717,0.3991412
sub-41,A+P+,P4,alpha,-0.031405788,0.2780035
sub-41,A+P+,P4,beta,-0.26922217,0.3415592
sub-41,A+P+,P4,delta,0.033692278,0.23105092
sub-41,A+P+,P4,gamma,0.10510306,0.21390596
sub-41,A+P+,P4,theta,-0.044555478,0.3827654
sub-41,A+P+,Pz,alpha,-0.05941125,0.31942472
sub-41,A+P+,Pz,beta,-0.042095188,0.14479902
sub-41,A+P+,Pz,delta,-0.13380983,0.24740404
sub-41,A+P+,Pz,gamma,0.046195325,0.16841972
sub-41,A+P+,Pz,theta,-0.24945799,0.36350912
sub-42,A+P+,C3,alpha,0.0064222417,0.21308608
sub-42,A+P+,C3,beta,0.09137644,0.2417264
sub-42,A+P+,C3,delta,0.23771761,0.32381782
sub-42,A+P+,C3,gamma,-0.14052296,0.24063091
sub-42,A+P+,C3,theta,0.19740987,0.26852638
sub-42,A+P+,C4,alpha,-0.04602831,0.2089858
sub-42,A+P+,C4,beta,-0.08946751,0.2436457
sub-42,A+P+,C4,delta,-0.08988904,0.27259004
sub-42,A+P+,C4,gamma,-0.05660253,0.30175608
sub-42,A+P+,C4,theta,0.20839205,0.35745108
sub-42,A+P+,Cz,alpha,0.17012616,0.3109589
sub-42,A+P+,Cz,beta,0.17381527,0.34023458
sub-42,A+P+,Cz,delta,0.040015582,0.2533695
sub-42,A+P+,Cz,gamma,0.03855833,0.2415462
sub-42,A+P+,Cz,theta,-0.15251718,0.3017774
sub-42,A+P+,F3,alpha,-0.094918,0.21343842
sub-42,A+P+,F3,beta,0.087897375,0.23017503
sub-42,A+P+,F3,delta,-0.094872124,0.31401467
sub-42,A+P+,F3,gamma,-0.039032716,0.16283026
sub-42,A+P+,F3,theta,0.16047138,0.3319391
sub-42,A+P+,F4,alpha,0.027924713,0.19713792
sub-42,A+P+,F4,beta,0.021990778,0.22359239
sub-42,A+P+,F4,delta,-0.14866166,0.27462673
sub-42,A+P+,F4,gamma,-0.015231346,0.1631842
sub-42,A+P+,F4,theta,0.16601558,0.36248264
sub-42,A+P+,F7,alpha,-0.18320481,0.372611
sub-42,A+P+,F7,beta,-0.38420403,0.4266233
sub-42,A+P+,F7,delta,0.03772412,0.3116639
sub-42,A+P+,F7,gamma,-0.08476567,0.13029912
sub-42,A+P+,F7,theta,-0.085192196,0.651833
sub-42,A+P+,F8,alpha,0.08914434,0.24888594
sub-42,A+P+,F8,beta,-0.27900812,0.3534946
sub-42,A+P+,F8,delta,-0.11863299,0.27823636
sub-42,A+P+,F8,gamma,-0.031035075,0.13387856
sub-42,A+P+,F8,theta,0.075070105,0.36940673
sub-42,A+P+,Fp1,alpha,-0.19533494,0.31398854
sub-42,A+P+,Fp1,beta,-0.06676089,0.30592504
sub-42,A+P+,Fp1,delta,0.1974958,0.28155127
sub-42,A+P+,Fp1,gamma,-0.11260156,0.23483267
sub-42,A+P+,Fp1,theta,0.0711104,0.24953347
sub-42,A+P+,Fp2,alpha,-0.21028404,0.30433926
sub-42,A+P+,Fp2,beta,0.10474722,0.33740276
sub-42,A+P+,Fp2,delta,0.13476898,0.25876558
sub-42,A+P+,Fp2,gamma,-0.05189447,0.23186211
sub-42,A+P+,Fp2,theta,-0.19705614,0.32716492
sub-42,A+P+,Fz,alpha,0.024534848,0.18723062
sub-42,A+P+,Fz,beta,-0.03666492,0.3227053
sub-42,A+P+,Fz,delta,-0.12354631,0.3135299
sub-42,A+P+,Fz,gamma,-0.099969886,0.27852556
sub-42,A+P+,Fz,theta,0.32147235,0.45624453
sub-42,A+P+,O1,alpha,-0.2091065,0.30495638
sub-42,A+P+,O1,beta,-0.038015235,0.29642957
sub-42,A+P+,O1,delta,0.2115485,0.31483254
sub-42,A+P+,O1,gamma,-0.4210817,0.48285154
sub-42,A+P+,O1,theta,0.06910731,0.27965885
sub-42,A+P+,O2,alpha,-0.15340286,0.25136968
sub-42,A+P+,O2,beta,-0.021348359,0.3385472
sub-42,A+P+,O2,delta,0.57349336,0.613549
sub-42,A+P+,O2,gamma,-0.07590929,0.24255757
sub-42,A+P+,O2,theta,0.28202108,0.40102962
sub-42,A+P+,P3,alpha,-0.10114431,0.2258775
sub-42,A+P+,P3,beta,-0.15088001,0.29697642
sub-42,A+P+,P3,delta,0.043450367,0.22679694
sub-42,A+P+,P3,gamma,0.061942533,0.2433872
sub-42,A+P+,P3,theta,0.14675058,0.4117819
sub-42,A+P+,P4,alpha,-0.009702255,0.20845287
sub-42,A+P+,P4,beta,-0.4459848,0.5344616
sub-42,A+P+,P4,delta,0.01561114,0.26646414
sub-42,A+P+,P4,gamma,0.090172224,0.21517304
sub-42,A+P+,P4,theta,0.11448756,0.4384915
sub-42,A+P+,Pz,alpha,-0.0037608554,0.18187132
sub-42,A+P+,Pz,beta,-0.06834074,0.24374421
sub-42,A+P+,Pz,delta,-0.12805586,0.3084043
sub-42,A+P+,Pz,gamma,-0.03946418,0.26177764
sub-42,A+P+,Pz,theta,-0.16570875,0.36634836
sub-43,A+P+,C3,alpha,0.03334772,0.2423579
sub-43,A+P+,C3,beta,0.08179823,0.2663805
sub-43,A+P+,C3,delta,0.2745241,0.3215814
sub-43,A+P+,C3,gamma,-0.17036654,0.3434313
sub-43,A+P+,C3,theta,0.1202216,0.16385087
sub-43,A+P+,C4,alpha,-0.08058259,0.2557801
sub-43,A+P+,C4,beta,-0.093151696,0.25484523
sub-43,A+P+,C4,delta,-0.059880737,0.26420218
sub-43,A+P+,C4,gamma,0.0006885768,0.4084015
sub-43,A+P+,C4,theta,0.077394545,0.2219019
sub-43,A+P+,Cz,alpha,0.12940764,0.3324378
sub-43,A+P+,Cz,beta,0.09839415,0.3589467
sub-43,A+P+,Cz,delta,0.05938573,0.21861199
sub-43,A+P+,Cz,gamma,0.07666949,0.2692491
sub-43,A+P+,Cz,theta,-0.099210545,0.20426181
sub-43,A+P+,F3,alpha,-0.13924274,0.27186823
sub-43,A+P+,F3,beta,0.079148754,0.25891265
sub-43,A+P+,F3,delta,-0.038871016,0.21151385
sub-43,A+P+,F3,gamma,-0.057903875,0.31123108
sub-43,A+P+,F3,theta,0.018273538,0.1898049
sub-43,A+P+,F4,alpha,0.014528927,0.2190682
sub-43,A+P+,F4,beta,0.029836068,0.25536466
sub-43,A+P+,F4,delta,-0.13601796,0.276651
sub-43,A+P+,F4,gamma,0.21877138,0.42887518
sub-43,A+P+,F4,theta,0.04363921,0.22512151
sub-43,A+P+,F7,alpha,-0.1975271,0.33584204
sub-43,A+P+,F7,beta,-0.51760066,0.59816355
sub-43,A+P+,F7,delta,-0.031613175,0.3230296
sub-43,A+P+,F7,gamma,-0.33403915,0.53166723
sub-43,A+P+,F7,theta,-0.38994968,0.4618381
sub-43,A+P+,F8,alpha,0.08553565,0.25017262
sub-43,A+P+,F8,beta,-0.46906376,0.57934254
sub-43,A+P+,F8,delta,-0.18487665,0.29619482
sub-43,A+P+,F8,gamma,0.11358192,0.39161044
sub-43,A+P+,F8,theta,-0.15729524,0.2814907
sub-43,A+P+,Fp1,alpha,-0.15771438,0.29527977
sub-43,A+P+,Fp1,beta,-0.13913877,0.36052105
sub-43,A+P+,Fp1,delta,0.2209401,0.29339752
sub-43,A+P+,Fp1,gamma,-0.20495538,0.37881348
sub-43,A+P+,Fp1,theta,0.008199605,0.14508058
sub-43,A+P+,Fp2,alpha,-0.11197862,0.21575296
sub-43,A+P+,Fp2,beta,0.053808123,0.35619098
sub-43,A+P+,Fp2,delta,0.14715348,0.25549278
sub-43,A+P+,Fp2,gamma,-0.1787691,0.43263888
sub-43,A+P+,Fp2,theta,-0.05813849,0.11701307
sub-43,A+P+,Fz,alpha,-0.087071925,0.34263673
sub-43,A+P+,Fz,beta,0.03983552,0.35837764
sub-43,A+P+,Fz,delta,-0.059639227,0.19314204
sub-43,A+P+,Fz,gamma,-0.085032485,0.27639434
sub-43,A+P+,Fz,theta,0.058550484,0.21773948
sub-43,A+P+,O1,alpha,-0.2696211,0.397867
sub-43,A+P+,O1,beta,-0.056015853,0.26746944
sub-43,A+P+,O1,delta,0.17205735,0.25575262
sub-43,A+P+,O1,gamma,-0.37077972,0.4291818
sub-43,A+P+,O1,theta,0.061431766,0.23785226
sub-43,A+P+,O2,alpha,-0.29502556,0.4298836
sub-43,A+P+,O2,beta,-0.066152886,0.27308178
sub-43,A+P+,O2,delta,0.51406515,0.54694307
sub-43,A+P+,O2,gamma,-0.039751176,0.24178414
sub-43,A+P+,O2,theta,0.2687366,0.3596917
sub-43,A+P+,P3,alpha,-0.10223596,0.30749494
sub-43,A+P+,P3,beta,-0.08155734,0.24361917
sub-43,A+P+,P3,delta,-0.014571316,0.21596964
sub-43,A+P+,P3,gamma,0.103343874,0.24970236
sub-43,A+P+,P3,theta,-0.061185945,0.3039137
sub-43,A+P+,P4,alpha,0.025025908,0.28368556
sub-43,A+P+,P4,beta,-0.34332448,0.4318907
sub-43,A+P+,P4,delta,-0.014274987,0.2602757
sub-43,A+P+,P4,gamma,0.110828884,0.22779304
sub-43,A+P+,P4,theta,-0.11013452,0.25852582
sub-43,A+P+,Pz,alpha,-0.050074175,0.27849495
sub-43,A+P+,Pz,beta,-0.026408596,0.219036
sub-43,A+P+,Pz,delta,-0.24041413,0.33775982
sub-43,A+P+,Pz,gamma,-0.02822079,0.2174951
sub-43,A+P+,Pz,theta,-0.26028726,0.32529983
sub-44,A+P+,C3,alpha,-0.008737093,0.16212828
sub-44,A+P+,C3,beta,0.076492906,0.24220976
sub-44,A+P+,C3,delta,0.22943322,0.32781145
sub-44,A+P+,C3,gamma,-0.18310982,0.26787725
sub-44,A+P+,C3,theta,0.15856746,0.22348619
sub-44,A+P+,C4,alpha,-0.06282562,0.17519036
sub-44,A+P+,C4,beta,-0.08365424,0.22362086
sub-44,A+P+,C4,delta,-0.12289203,0.30190945
sub-44,A+P+,C4,gamma,-0.03574466,0.34537172
sub-44,A+P+,C4,theta,0.059989206,0.21683055
sub-44,A+P+,Cz,alpha,0.14397894,0.3113715
sub-44,A+P+,Cz,beta,0.13934505,0.42371005
sub-44,A+P+,Cz,delta,0.041457858,0.22624555
sub-44,A+P+,Cz,gamma,0.023155315,0.28326032
sub-44,A+P+,Cz,theta,-0.11905154,0.21970734
sub-44,A+P+,F3,alpha,-0.08364058,0.18391365
sub-44,A+P+,F3,beta,0.055500064,0.18606853
sub-44,A+P+,F3,delta,-0.20495972,0.38080958
sub-44,A+P+,F3,gamma,-0.039217427,0.1756709
sub-44,A+P+,F3,theta,0.027175065,0.193483
sub-44,A+P+,F4,alpha,0.03358067,0.20568632
sub-44,A+P+,F4,beta,0.03701478,0.2797939
sub-44,A+P+,F4,delta,-0.14877374,0.26525664
sub-44,A+P+,F4,gamma,0.03397213,0.27029562
sub-44,A+P+,F4,theta,0.07462584,0.24348837
sub-44,A+P+,F7,alpha,-0.1459732,0.30321774
sub-44,A+P+,F7,beta,-0.45731366,0.51610374
sub-44,A+P+,F7,delta,-0.07611523,0.34113145
sub-44,A+P+,F7,gamma,-0.21351956,0.3000704
sub-44,A+P+,F7,theta,-0.32788214,0.4912909
sub-44,A+P+,F8,alpha,0.028402574,0.184124
sub-44,A+P+,F8,beta,-0.3791698,0.46798342
sub-44,A+P+,F8,delta,-0.19871955,0.33547133
sub-44,A+P+,F8,gamma,-0.030928176,0.21745564
sub-44,A+P+,F8,theta,-0.07752364,0.2314718
sub-44,A+P+,Fp1,alpha,-0.12108407,0.21513107
sub-44,A+P+,Fp1,beta,-0.10076221,0.2809759
sub-44,A+P+,Fp1,delta,0.21044274,0.3089969
sub-44,A+P+,Fp1,gamma,-0.15314667,0.29150957
sub-44,A+P+,Fp1,theta,0.016007703,0.16116908
sub-44,A+P+,Fp2,alpha,-0.13604817,0.22766393
sub-44,A+P+,Fp2,beta,0.054280166,0.27361405
sub-44,A+P+,Fp2,delta,0.11587428,0.27068272
sub-44,A+P+,Fp2,gamma,-0.09796602,0.25589222
sub-44,A+P+,Fp2,theta,-0.15305442,0.22206981
sub-44,A+P+,Fz,alpha,0.019144125,0.2188024
sub-44,A+P+,Fz,beta,-0.0208738,0.37990773
sub-44,A+P+,Fz,delta,-0.18286695,0.32240924
sub-44,A+P+,Fz,gamma,-0.16407622,0.31680545
sub-44,A+P+,Fz,theta,0.11879643,0.26384485
sub-44,A+P+,O1,alpha,-0.17465441,0.2510139
sub-44,A+P+,O1,beta,-0.012622441,0.3409128
sub-44,A+P+,O1,delta,0.1826054,0.27781463
sub-44,A+P+,O1,gamma,-0.46789637,0.6049579
sub-44,A+P+,O1,theta,0.07982898,0.18467726
sub-44,A+P+,O2,alpha,-0.15668076,0.23397873
sub-44,A+P+,O2,beta,-0.0073266653,0.3658219
sub-44,A+P+,O2,delta,0.6139436,0.6536241
sub-44,A+P+,O2,gamma,-0.09875853,0.28809687
sub-44,A+P+,O2,theta,0.26780406,0.31985164
sub-44,A+P+,P3,alpha,-0.09142832,0.22270118
sub-44,A+P+,P3,beta,-0.13918735,0.29982308
sub-44,A+P+,P3,delta,-0.017955374,0.21826975
sub-44,A+P+,P3,gamma,0.15383014,0.35168955
sub-44,A+P+,P3,theta,-0.04307761,0.24187945
sub-44,A+P+,P4,alpha,-0.01103377,0.1901832
sub-44,A+P+,P4,beta,-0.44323078,0.54360783
sub-44,A+P+,P4,delta,-0.030328883,0.2594903
sub-44,A+P+,P4,gamma,0.25034368,0.40367693
sub-44,A+P+,P4,theta,-0.076966636,0.22673418
sub-44,A+P+,Pz,alpha,-0.020281373,0.19033106
sub-44,A+P+,Pz,beta,-0.006027429,0.2787464
sub-44,A+P+,Pz,delta,-0.19021834,0.33020973
sub-44,A+P+,Pz,gamma,-0.0017200755,0.35468242
sub-44,A+P+,Pz,theta,-0.21065839,0.2817212
sub-45,A+P+,C3,alpha,0.009937263,0.24950051
sub-45,A+P+,C3,beta,0.09742398,0.22679345
sub-45,A+P+,C3,delta,0.2766308,0.3318516
sub-45,A+P+,C3,gamma,-0.20570788,0.29700366
sub-45,A+P+,C3,theta,0.18223354,0.23620541
sub-45,A+P+,C4,alpha,-0.074754596,0.23526095
sub-45,A+P+,C4,beta,-0.08636076,0.23877534
sub-45,A+P+,C4,delta,-0.08514055,0.28692305
sub-45,A+P+,C4,gamma,0.0019892966,0.41944242
sub-45,A+P+,C4,theta,0.09737717,0.2564008
sub-45,A+P+,Cz,alpha,0.18482623,0.36673358
sub-45,A+P+,Cz,beta,0.113602825,0.3185583
sub-45,A+P+,Cz,delta,0.07502321,0.20812643
sub-45,A+P+,Cz,gamma,0.05874984,0.2580616
sub-45,A+P+,Cz,theta,-0.1287424,0.22451024
sub-45,A+P+,F3,alpha,-0.13929746,0.26886362
sub-45,A+P+,F3,beta,0.05608323,0.20286196
sub-45,A+P+,F3,delta,-0.06451796,0.28962904
sub-45,A+P+,F3,gamma,-0.051449355,0.19892278
sub-45,A+P+,F3,theta,0.101023644,0.30766076
sub-45,A+P+,F4,alpha,0.004467139,0.2053224
sub-45,A+P+,F4,beta,0.020333096,0.23420343
sub-45,A+P+,F4,delta,-0.15433505,0.282459
sub-45,A+P+,F4,gamma,0.07000541,0.26984522
sub-45,A+P+,F4,theta,0.10810117,0.29751
sub-45,A+P+,F7,alpha,-0.1429205,0.38650268
sub-45,A+P+,F7,beta,-0.4305716,0.49062094
sub-45,A+P+,F7,delta,0.032557778,0.3271931
sub-45,A+P+,F7,gamma,-0.29479948,0.385973
sub-45,A+P+,F7,theta,-0.3171415,0.51878864
sub-45,A+P+,F8,alpha,0.09188114,0.26706904
sub-45,A+P+,F8,beta,-0.39757386,0.4800317
sub-45,A+P+,F8,delta,-0.14079303,0.27903855
sub-45,A+P+,F8,gamma,0.044450432,0.3339905
sub-45,A+P+,F8,theta,-0.09982687,0.2473652
sub-45,A+P+,Fp1,alpha,-0.20686954,0.34937498
sub-45,A+P+,Fp1,beta,-0.16240004,0.37016964
sub-45,A+P+,Fp1,delta,0.17359652,0.23322466
sub-45,A+P+,Fp1,gamma,-0.13747652,0.3570728
sub-45,A+P+,Fp1,theta,0.04426543,0.18591192
sub-45,A+P+,Fp2,alpha,-0.27767813,0.39168298
sub-45,A+P+,Fp2,beta,0.023629025,0.36963063
sub-45,A+P+,Fp2,delta,0.12534009,0.22892241
sub-45,A+P+,Fp2,gamma,-0.13283743,0.34803298
sub-45,A+P+,Fp2,theta,-0.1419815,0.23807172
sub-45,A+P+,Fz,alpha,0.023004001,0.23551555
sub-45,A+P+,Fz,beta,-0.025589444,0.32284042
sub-45,A+P+,Fz,delta,-0.09128704,0.25661832
sub-45,A+P+,Fz,gamma,-0.06077184,0.2748237
sub-45,A+P+,Fz,theta,0.27156213,0.42914134
sub-45,A+P+,O1,alpha,-0.17714806,0.26587513
sub-45,A+P+,O1,beta,0.016157327,0.3793377
sub-45,A+P+,O1,delta,0.17804247,0.27543384
sub-45,A+P+,O1,gamma,-0.5568127,0.6623499
sub-45,A+P+,O1,theta,0.0701999,0.25116068
sub-45,A+P+,O2,alpha,-0.14572027,0.22990541
sub-45,A+P+,O2,beta,0.02563941,0.42073208
sub-45,A+P+,O2,delta,0.57512754,0.60448056
sub-45,A+P+,O2,gamma,-0.16738933,0.41855654
sub-45,A+P+,O2,theta,0.3037537,0.38159168
sub-45,A+P+,P3,alpha,-0.111532174,0.29284936
sub-45,A+P+,P3,beta,-0.14362633,0.29193312
sub-45,A+P+,P3,delta,0.006011604,0.20356242
sub-45,A+P+,P3,gamma,0.066203825,0.28657168
sub-45,A+P+,P3,theta,-0.024307802,0.27772662
sub-45,A+P+,P4,alpha,0.010423687,0.25449377
sub-45,A+P+,P4,beta,-0.47850704,0.5751266
sub-45,A+P+,P4,delta,0.021435551,0.23032315
sub-45,A+P+,P4,gamma,0.17424919,0.31769156
sub-45,A+P+,P4,theta,-0.07457808,0.25331372
sub-45,A+P+,Pz,alpha,-0.062352315,0.3016465
sub-45,A+P+,Pz,beta,-0.059206385,0.2156341
sub-45,A+P+,Pz,delta,-0.15029855,0.26826015
sub-45,A+P+,Pz,gamma,-0.030595932,0.26585332
sub-45,A+P+,Pz,theta,-0.21116315,0.2781232
sub-47,A+P-,C3,alpha,-0.012304385,0.19608688
sub-47,A+P-,C3,beta,0.08880453,0.24244098
sub-47,A+P-,C3,delta,0.22249389,0.34435257
sub-47,A+P-,C3,gamma,-0.16704454,0.24486542
sub-47,A+P-,C3,theta,0.1479087,0.22786574
sub-47,A+P-,C4,alpha,-0.077587165,0.20970127
sub-47,A+P-,C4,beta,-0.12103263,0.26736817
sub-47,A+P-,C4,delta,-0.13468945,0.2921256
sub-47,A+P-,C4,gamma,0.00046027816,0.38303602
sub-47,A+P-,C4,theta,0.12333752,0.28526738
sub-47,A+P-,Cz,alpha,0.11894731,0.29364207
sub-47,A+P-,Cz,beta,0.17775224,0.35770342
sub-47,A+P-,Cz,delta,-0.02620867,0.28514153
sub-47,A+P-,Cz,gamma,0.006371385,0.27245945
sub-47,A+P-,Cz,theta,-0.16832523,0.27791542
sub-47,A+P-,F3,alpha,-0.102408275,0.20800002
sub-47,A+P-,F3,beta,0.067980744,0.20041858
sub-47,A+P-,F3,delta,-0.26008278,0.4335045
sub-47,A+P-,F3,gamma,-0.04988842,0.15168776
sub-47,A+P-,F3,theta,0.04422863,0.23530261
sub-47,A+P-,F4,alpha,0.03129756,0.18921869
sub-47,A+P-,F4,beta,-0.019108476,0.20951387
sub-47,A+P-,F4,delta,-0.18545483,0.32772568
sub-47,A+P-,F4,gamma,-0.048272796,0.17342871
sub-47,A+P-,F4,theta,0.062492464,0.24851069
sub-47,A+P-,F7,alpha,-0.18091112,0.31051043
sub-47,A+P-,F7,beta,-0.27804452,0.31517956
sub-47,A+P-,F7,delta,-0.081259854,0.37858185
sub-47,A+P-,F7,gamma,-0.15757267,0.20779295
sub-47,A+P-,F7,theta,-0.2812853,0.56298536
sub-47,A+P-,F8,alpha,0.0040568993,0.16224417
sub-47,A+P-,F8,beta,-0.19826409,0.25909
sub-47,A+P-,F8,delta,-0.20184246,0.36777452
sub-47,A+P-,F8,gamma,-0.038751543,0.13671814
sub-47,A+P-,F8,theta,-0.030391738,0.24876519
sub-47,A+P-,Fp1,alpha,-0.19480976,0.2920886
sub-47,A+P-,Fp1,beta,-0.09137498,0.31026393
sub-47,A+P-,Fp1,delta,0.18415865,0.29502788
sub-47,A+P-,Fp1,gamma,-0.13286078,0.29580656
sub-47,A+P-,Fp1,theta,0.024033064,0.1999659
sub-47,A+P-,Fp2,alpha,-0.19323047,0.26805887
sub-47,A+P-,Fp2,beta,0.0965277,0.2790123
sub-47,A+P-,Fp2,delta,0.1156947,0.2887145
sub-47,A+P-,Fp2,gamma,-0.0651373,0.23177448
sub-47,A+P-,Fp2,theta,-0.19016813,0.26202345
sub-47,A+P-,Fz,alpha,0.0118139945,0.19442679
sub-47,A+P-,Fz,beta,-0.0905251,0.3170025
sub-47,A+P-,Fz,delta,-0.2515767,0.4122533
sub-47,A+P-,Fz,gamma,-0.10370301,0.24811427
sub-47,A+P-,Fz,theta,0.12597492,0.26165214
sub-47,A+P-,O1,alpha,-0.2641522,0.34336066
sub-47,A+P-,O1,beta,-0.039467484,0.33403748
sub-47,A+P-,O1,delta,0.18425837,0.28469276
sub-47,A+P-,O1,gamma,-0.5009303,0.57502913
sub-47,A+P-,O1,theta,0.07059723,0.24352151
sub-47,A+P-,O2,alpha,-0.2034293,0.28109336
sub-47,A+P-,O2,beta,-0.01721627,0.39825726
sub-47,A+P-,O2,delta,0.54617125,0.5910477
sub-47,A+P-,O2,gamma,-0.13465698,0.3272584
sub-47,A+P-,O2,theta,0.28828946,0.36563024
sub-47,A+P-,P3,alpha,-0.13158907,0.24701235
sub-47,A+P-,P3,beta,-0.18911305,0.32197228
sub-47,A+P-,P3,delta,-0.007359581,0.23876038
sub-47,A+P-,P3,gamma,0.03947346,0.2507763
sub-47,A+P-,P3,theta,0.0068428484,0.32911536
sub-47,A+P-,P4,alpha,-0.027344557,0.20596968
sub-47,A+P-,P4,beta,-0.49035552,0.5724659
sub-47,A+P-,P4,delta,-0.066077396,0.28294417
sub-47,A+P-,P4,gamma,0.14787243,0.3137874
sub-47,A+P-,P4,theta,-0.046103764,0.31210718
sub-47,A+P-,Pz,alpha,-0.018455302,0.19117674
sub-47,A+P-,Pz,beta,-0.07268073,0.26741785
sub-47,A+P-,Pz,delta,-0.21001658,0.3587045
sub-47,A+P-,Pz,gamma,-0.07139711,0.29194012
sub-47,A+P-,Pz,theta,-0.23714201,0.34786245
sub-48,A+P+,C3,alpha,-0.004624262,0.27632034
sub-48,A+P+,C3,beta,0.12731189,0.24046786
sub-48,A+P+,C3,delta,0.24244563,0.276035
sub-48,A+P+,C3,gamma,-0.07576131,0.24334054
sub-48,A+P+,C3,theta,0.097349025,0.12992725
sub-48,A+P+,C4,alpha,-0.07323372,0.23110387
sub-48,A+P+,C4,beta,-0.014843119,0.24131677
sub-48,A+P+,C4,delta,0.0058588437,0.14731346
sub-48,A+P+,C4,gamma,0.23040561,0.61783254
sub-48,A+P+,C4,theta,0.0066752513,0.07375902
sub-48,A+P+,Cz,alpha,0.13060287,0.31886765
sub-48,A+P+,Cz,beta,0.017218089,0.3184688
sub-48,A+P+,Cz,delta,0.047098625,0.16870563
sub-48,A+P+,Cz,gamma,0.15230405,0.3107669
sub-48,A+P+,Cz,theta,-0.05342475,0.14101095
sub-48,A+P+,F3,alpha,-0.05076697,0.29900277
sub-48,A+P+,F3,beta,0.05241178,0.20576623
sub-48,A+P+,F3,delta,-0.055994697,0.16724323
sub-48,A+P+,F3,gamma,-0.009826267,0.17986995
sub-48,A+P+,F3,theta,0.012374658,0.12374512
sub-48,A+P+,F4,alpha,-0.08802733,0.3447227
sub-48,A+P+,F4,beta,0.021476023,0.21993478
sub-48,A+P+,F4,delta,-0.031396583,0.14806662
sub-48,A+P+,F4,gamma,0.108199745,0.24400039
sub-48,A+P+,F4,theta,0.0016235985,0.11480138
sub-48,A+P+,F7,alpha,-0.117015906,0.36823934
sub-48,A+P+,F7,beta,-0.3436076,0.4841738
sub-48,A+P+,F7,delta,-0.07687265,0.24265577
sub-48,A+P+,F7,gamma,-0.21724615,0.39535278
sub-48,A+P+,F7,theta,-0.3785654,0.41655913
sub-48,A+P+,F8,alpha,0.0606181,0.2622494
sub-48,A+P+,F8,beta,-0.3145124,0.46283728
sub-48,A+P+,F8,delta,-0.17500836,0.2418605
sub-48,A+P+,F8,gamma,0.3054314,0.5024768
sub-48,A+P+,F8,theta,-0.08740254,0.12969425
sub-48,A+P+,Fp1,alpha,-0.078227416,0.34239608
sub-48,A+P+,Fp1,beta,-0.09981234,0.27186075
sub-48,A+P+,Fp1,delta,0.15701148,0.20018075
sub-48,A+P+,Fp1,gamma,-0.18243608,0.26581183
sub-48,A+P+,Fp1,theta,0.0030654813,0.11789375
sub-48,A+P+,Fp2,alpha,-0.14430143,0.38619357
sub-48,A+P+,Fp2,beta,-0.018149918,0.32482994
sub-48,A+P+,Fp2,delta,0.1488991,0.19933385
sub-48,A+P+,Fp2,gamma,-0.18130523,0.25807574
sub-48,A+P+,Fp2,theta,-0.031665098,0.13117982
sub-48,A+P+,Fz,alpha,-0.10417544,0.33095735
sub-48,A+P+,Fz,beta,0.038424835,0.2875502
sub-48,A+P+,Fz,delta,-0.05663203,0.16197246
sub-48,A+P+,Fz,gamma,-0.0005742072,0.24225833
sub-48,A+P+,Fz,theta,0.010485833,0.096225366
sub-48,A+P+,O1,alpha,-0.15419452,0.39443645
sub-48,A+P+,O1,beta,-0.014921852,0.2433032
sub-48,A+P+,O1,delta,0.10430286,0.15794328
sub-48,A+P+,O1,gamma,-0.26304972,0.35682455
sub-48,A+P+,O1,theta,0.023689115,0.11878636
sub-48,A+P+,O2,alpha,-0.28373763,0.4575991
sub-48,A+P+,O2,beta,-0.02528204,0.26610085
sub-48,A+P+,O2,delta,0.2245922,0.2473225
sub-48,A+P+,O2,gamma,-0.0029638389,0.16369763
sub-48,A+P+,O2,theta,0.0902749,0.12605229
sub-48,A+P+,P3,alpha,-0.04951771,0.3276375
sub-48,A+P+,P3,beta,0.010388885,0.16733806
sub-48,A+P+,P3,delta,0.022742655,0.10579025
sub-48,A+P+,P3,gamma,0.14169355,0.20775162
sub-48,A+P+,P3,theta,-0.08556087,0.110906646
sub-48,A+P+,P4,alpha,0.050280016,0.28091046
sub-48,A+P+,P4,beta,-0.35288116,0.4665171
sub-48,A+P+,P4,delta,0.046069186,0.13686936
sub-48,A+P+,P4,gamma,0.40301687,0.5022659
sub-48,A+P+,P4,theta,-0.069067,0.11223536
sub-48,A+P+,Pz,alpha,-0.015449472,0.28604594
sub-48,A+P+,Pz,beta,0.009538342,0.24033648
sub-48,A+P+,Pz,delta,-0.15396306,0.21211866
sub-48,A+P+,Pz,gamma,0.0092285825,0.18204033
sub-48,A+P+,Pz,theta,-0.20497,0.22800279
sub-49,A+P+,C3,alpha,-0.029363936,0.2312311
sub-49,A+P+,C3,beta,0.09411513,0.20048662
sub-49,A+P+,C3,delta,0.19403124,0.26145563
sub-49,A+P+,C3,gamma,-0.07223646,0.2416124
sub-49,A+P+,C3,theta,0.20613615,0.26280344
sub-49,A+P+,C4,alpha,-0.06294028,0.24195464
sub-49,A+P+,C4,beta,-0.06752817,0.21258686
sub-49,A+P+,C4,delta,-0.02469978,0.21610564
sub-49,A+P+,C4,gamma,0.050819382,0.34804636
sub-49,A+P+,C4,theta,0.17551199,0.28315505
sub-49,A+P+,Cz,alpha,0.14182042,0.31248018
sub-49,A+P+,Cz,beta,0.11036991,0.28776124
sub-49,A+P+,Cz,delta,0.020037163,0.23703162
sub-49,A+P+,Cz,gamma,0.08339009,0.21627057
sub-49,A+P+,Cz,theta,-0.1196221,0.25219998
sub-49,A+P+,F3,alpha,-0.09492821,0.2736685
sub-49,A+P+,F3,beta,0.016645648,0.12915397
sub-49,A+P+,F3,delta,-0.11205489,0.29814145
sub-49,A+P+,F3,gamma,-0.02359148,0.1492513
sub-49,A+P+,F3,theta,0.118863896,0.25977024
sub-49,A+P+,F4,alpha,-0.08101903,0.30149627
sub-49,A+P+,F4,beta,-0.019609042,0.15809079
sub-49,A+P+,F4,delta,-0.0906961,0.23245502
sub-49,A+P+,F4,gamma,0.07089604,0.19547224
sub-49,A+P+,F4,theta,0.104282334,0.27375495
sub-49,A+P+,F7,alpha,-0.19045351,0.4146492
sub-49,A+P+,F7,beta,-0.24531184,0.29523888
sub-49,A+P+,F7,delta,0.035373006,0.28768608
sub-49,A+P+,F7,gamma,-0.17057449,0.24149403
sub-49,A+P+,F7,theta,-0.18733574,0.6229657
sub-49,A+P+,F8,alpha,0.045971975,0.25844067
sub-49,A+P+,F8,beta,-0.25894406,0.34923148
sub-49,A+P+,F8,delta,-0.11633722,0.23761706
sub-49,A+P+,F8,gamma,0.07205041,0.24621657
sub-49,A+P+,F8,theta,0.018379977,0.34953123
sub-49,A+P+,Fp1,alpha,-0.16321406,0.34041676
sub-49,A+P+,Fp1,beta,0.0011976443,0.2305322
sub-49,A+P+,Fp1,delta,0.16028911,0.24588153
sub-49,A+P+,Fp1,gamma,-0.12833554,0.2240805
sub-49,A+P+,Fp1,theta,0.043496724,0.21003073
sub-49,A+P+,Fp2,alpha,-0.25334126,0.39732152
sub-49,A+P+,Fp2,beta,0.07831824,0.2771147
sub-49,A+P+,Fp2,delta,0.13590574,0.23192973
sub-49,A+P+,Fp2,gamma,-0.08174669,0.18844888
sub-49,A+P+,Fp2,theta,-0.12495916,0.25473487
sub-49,A+P+,Fz,alpha,-0.06639328,0.27463016
sub-49,A+P+,Fz,beta,-0.0702206,0.1942634
sub-49,A+P+,Fz,delta,-0.10275116,0.27206683
sub-49,A+P+,Fz,gamma,-0.002816319,0.17932752
sub-49,A+P+,Fz,theta,0.15117295,0.27906096
sub-49,A+P+,O1,alpha,-0.21543531,0.35755783
sub-49,A+P+,O1,beta,-0.053182237,0.22725818
sub-49,A+P+,O1,delta,0.1634143,0.26084203
sub-49,A+P+,O1,gamma,-0.4753173,0.56071836
sub-49,A+P+,O1,theta,0.017513216,0.23773474
sub-49,A+P+,O2,alpha,-0.24719587,0.33721066
sub-49,A+P+,O2,beta,-0.073309295,0.26187184
sub-49,A+P+,O2,delta,0.44354495,0.48258528
sub-49,A+P+,O2,gamma,-0.095872596,0.31449893
sub-49,A+P+,O2,theta,0.18567032,0.31618637
sub-49,A+P+,P3,alpha,-0.14710951,0.30921146
sub-49,A+P+,P3,beta,-0.056887858,0.15364946
sub-49,A+P+,P3,delta,0.04668306,0.205866
sub-49,A+P+,P3,gamma,0.1104676,0.265473
sub-49,A+P+,P3,theta,0.02115112,0.3647026
sub-49,A+P+,P4,alpha,-0.023997271,0.25300777
sub-49,A+P+,P4,beta,-0.2029576,0.27264935
sub-49,A+P+,P4,delta,0.018464888,0.23306958
sub-49,A+P+,P4,gamma,0.08472622,0.20243213
sub-49,A+P+,P4,theta,0.0020507977,0.38744003
sub-49,A+P+,Pz,alpha,-0.025516257,0.26516545
sub-49,A+P+,Pz,beta,-0.039308853,0.13716432
sub-49,A+P+,Pz,delta,-0.12232704,0.25879157
sub-49,A+P+,Pz,gamma,0.029373249,0.15590219
sub-49,A+P+,Pz,theta,-0.2011848,0.36701253
sub-50,A+P+,C3,alpha,0.047663804,0.25103682
sub-50,A+P+,C3,beta,0.09953327,0.30889788
sub-50,A+P+,C3,delta,0.24945438,0.29860547
sub-50,A+P+,C3,gamma,-0.15163063,0.19297916
sub-50,A+P+,C3,theta,0.12177207,0.17452325
sub-50,A+P+,C4,alpha,-0.05238019,0.26957643
sub-50,A+P+,C4,beta,-0.05670049,0.2802092
sub-50,A+P+,C4,delta,-0.11021372,0.233706
sub-50,A+P+,C4,gamma,-0.16751869,0.2464506
sub-50,A+P+,C4,theta,0.03074174,0.20300683
sub-50,A+P+,Cz,alpha,0.1619775,0.3459226
sub-50,A+P+,Cz,beta,0.044010125,0.40505117
sub-50,A+P+,Cz,delta,0.06689368,0.17987116
sub-50,A+P+,Cz,gamma,0.06364262,0.23908323
sub-50,A+P+,Cz,theta,-0.105158284,0.20805152
sub-50,A+P+,F3,alpha,-0.11057205,0.24949963
sub-50,A+P+,F3,beta,0.13357021,0.30661353
sub-50,A+P+,F3,delta,-0.14979067,0.2934985
sub-50,A+P+,F3,gamma,-0.022724504,0.119315825
sub-50,A+P+,F3,theta,-0.0010308565,0.1733245
sub-50,A+P+,F4,alpha,-0.023924353,0.25756818
sub-50,A+P+,F4,beta,0.09518316,0.32859123
sub-50,A+P+,F4,delta,-0.14739613,0.25029013
sub-50,A+P+,F4,gamma,-0.036647785,0.13377838
sub-50,A+P+,F4,theta,0.030760633,0.19491017
sub-50,A+P+,F7,alpha,-0.096857816,0.40144584
sub-50,A+P+,F7,beta,-0.5547556,0.6107041
sub-50,A+P+,F7,delta,-0.044644464,0.31554994
sub-50,A+P+,F7,gamma,-0.18973565,0.24399695
sub-50,A+P+,F7,theta,-0.3732266,0.5737658
sub-50,A+P+,F8,alpha,0.11907786,0.2755852
sub-50,A+P+,F8,beta,-0.33081907,0.49959671
sub-50,A+P+,F8,delta,-0.2095681,0.3179456
sub-50,A+P+,F8,gamma,-0.016765993,0.22983873
sub-50,A+P+,F8,theta,-0.095453784,0.26908386
sub-50,A+P+,Fp1,alpha,-0.14699855,0.33606395
sub-50,A+P+,Fp1,beta,-0.10005939,0.33515042
sub-50,A+P+,Fp1,delta,0.20738316,0.28384864
sub-50,A+P+,Fp1,gamma,-0.17177784,0.25147966
sub-50,A+P+,Fp1,theta,0.05441943,0.20482795
sub-50,A+P+,Fp2,alpha,-0.20638905,0.34437957
sub-50,A+P+,Fp2,beta,0.0570772,0.4060929
sub-50,A+P+,Fp2,delta,0.15958945,0.26247954
sub-50,A+P+,Fp2,gamma,-0.12872763,0.22908288
sub-50,A+P+,Fp2,theta,-0.1130449,0.21832307
sub-50,A+P+,Fz,alpha,0.007529485,0.23218516
sub-50,A+P+,Fz,beta,0.058574885,0.4075826
sub-50,A+P+,Fz,delta,-0.21620566,0.3580039
sub-50,A+P+,Fz,gamma,0.0083613815,0.17886245
sub-50,A+P+,Fz,theta,0.0070623783,0.13246162
sub-50,A+P+,O1,alpha,-0.20761217,0.3707924
sub-50,A+P+,O1,beta,0.097271726,0.42980373
sub-50,A+P+,O1,delta,0.13970278,0.19667126
sub-50,A+P+,O1,gamma,-0.2279133,0.28185046
sub-50,A+P+,O1,theta,0.061412785,0.22946611
sub-50,A+P+,O2,alpha,-0.21638158,0.36785454
sub-50,A+P+,O2,beta,0.08709979,0.47034144
sub-50,A+P+,O2,delta,0.41172585,0.43720365
sub-50,A+P+,O2,gamma,-0.01895668,0.20837009
sub-50,A+P+,O2,theta,0.20528884,0.27574167
sub-50,A+P+,P3,alpha,-0.056826152,0.28557312
sub-50,A+P+,P3,beta,-0.036954504,0.35320315
sub-50,A+P+,P3,delta,-0.051763613,0.20986883
sub-50,A+P+,P3,gamma,0.09347056,0.2527847
sub-50,A+P+,P3,theta,-0.060024355,0.27194762
sub-50,A+P+,P4,alpha,0.023740953,0.2555998
sub-50,A+P+,P4,beta,-0.5197268,0.63510936
sub-50,A+P+,P4,delta,0.016255783,0.23396751
sub-50,A+P+,P4,gamma,0.14185436,0.24382238
sub-50,A+P+,P4,theta,-0.10634008,0.24568859
sub-50,A+P+,Pz,alpha,-0.020972233,0.26468378
sub-50,A+P+,Pz,beta,0.06202589,0.37822446
sub-50,A+P+,Pz,delta,-0.19602597,0.293723
sub-50,A+P+,Pz,gamma,-0.007979236,0.19137408
sub-50,A+P+,Pz,theta,-0.25349748,0.30909857
sub-51,A+P+,C3,alpha,-0.013376697,0.27358353
sub-51,A+P+,C3,beta,0.0865313,0.26200882
sub-51,A+P+,C3,delta,0.15540515,0.19643445
sub-51,A+P+,C3,gamma,-0.15153615,0.33222672
sub-51,A+P+,C3,theta,0.103262745,0.14808922
sub-51,A+P+,C4,alpha,-0.09525782,0.26230782
sub-51,A+P+,C4,beta,-0.087585434,0.24883707
sub-51,A+P+,C4,delta,-0.051095437,0.21839264
sub-51,A+P+,C4,gamma,0.019517671,0.4303396
sub-51,A+P+,C4,theta,0.028833605,0.15125388
sub-51,A+P+,Cz,alpha,0.17785881,0.3975849
sub-51,A+P+,Cz,beta,0.07010558,0.29054707
sub-51,A+P+,Cz,delta,0.054677844,0.12112554
sub-51,A+P+,Cz,gamma,0.067982234,0.24104476
sub-51,A+P+,Cz,theta,-0.11060173,0.20610237
sub-51,A+P+,F3,alpha,-0.11633206,0.3163744
sub-51,A+P+,F3,beta,0.040011663,0.21884492
sub-51,A+P+,F3,delta,-0.029642643,0.15570216
sub-51,A+P+,F3,gamma,-0.049193956,0.26107237
sub-51,A+P+,F3,theta,-0.004650644,0.17427836
sub-51,A+P+,F4,alpha,-0.11354394,0.35215858
sub-51,A+P+,F4,beta,-0.006323982,0.21231231
sub-51,A+P+,F4,delta,-0.081911035,0.19918709
sub-51,A+P+,F4,gamma,0.038758542,0.21212386
sub-51,A+P+,F4,theta,0.01772302,0.20691404
sub-51,A+P+,F7,alpha,-0.16419819,0.37152424
sub-51,A+P+,F7,beta,-0.49410126,0.57432806
sub-51,A+P+,F7,delta,-0.0640522,0.27316645
sub-51,A+P+,F7,gamma,-0.30807483,0.52310455
sub-51,A+P+,F7,theta,-0.45110387,0.5171464
sub-51,A+P+,F8,alpha,0.05851344,0.23982708
sub-51,A+P+,F8,beta,-0.4117939,0.54176414
sub-51,A+P+,F8,delta,-0.18581598,0.2623685
sub-51,A+P+,F8,gamma,0.22610556,0.4969915
sub-51,A+P+,F8,theta,-0.17092922,0.24160837
sub-51,A+P+,Fp1,alpha,-0.16679019,0.33977824
sub-51,A+P+,Fp1,beta,-0.163161,0.33950737
sub-51,A+P+,Fp1,delta,0.18045625,0.25233495
sub-51,A+P+,Fp1,gamma,-0.21363346,0.3458298
sub-51,A+P+,Fp1,theta,0.0051365253,0.18100065
sub-51,A+P+,Fp2,alpha,-0.14820156,0.26213324
sub-51,A+P+,Fp2,beta,0.002511351,0.30823782
sub-51,A+P+,Fp2,delta,0.1670989,0.29490927
sub-51,A+P+,Fp2,gamma,-0.23033737,0.34381652
sub-51,A+P+,Fp2,theta,-0.044598535,0.11578616
sub-51,A+P+,Fz,alpha,-0.1395314,0.3601111
sub-51,A+P+,Fz,beta,-0.03611714,0.2800235
sub-51,A+P+,Fz,delta,-0.082852304,0.19774686
sub-51,A+P+,Fz,gamma,-0.037463408,0.22434543
sub-51,A+P+,Fz,theta,0.014025442,0.1811045
sub-51,A+P+,O1,alpha,-0.25016543,0.40564916
sub-51,A+P+,O1,beta,-0.07538841,0.26076943
sub-51,A+P+,O1,delta,0.11988435,0.1907219
sub-51,A+P+,O1,gamma,-0.45043305,0.51591754
sub-51,A+P+,O1,theta,0.005532251,0.23652837
sub-51,A+P+,O2,alpha,-0.33248115,0.46192756
sub-51,A+P+,O2,beta,-0.07767733,0.29890758
sub-51,A+P+,O2,delta,0.39014956,0.4170358
sub-51,A+P+,O2,gamma,-0.059353136,0.29346463
sub-51,A+P+,O2,theta,0.17082426,0.25418553
sub-51,A+P+,P3,alpha,-0.11670354,0.33496326
sub-51,A+P+,P3,beta,-0.060948666,0.23179568
sub-51,A+P+,P3,delta,-0.004083635,0.1532191
sub-51,A+P+,P3,gamma,0.12958087,0.27738094
sub-51,A+P+,P3,theta,-0.11533728,0.2854469
sub-51,A+P+,P4,alpha,0.009555467,0.28944772
sub-51,A+P+,P4,beta,-0.39046833,0.4714077
sub-51,A+P+,P4,delta,0.015209568,0.1962231
sub-51,A+P+,P4,gamma,0.1611097,0.2792389
sub-51,A+P+,P4,theta,-0.13100779,0.2393931
sub-51,A+P+,Pz,alpha,-0.04290562,0.21507785
sub-51,A+P+,Pz,beta,0.006793199,0.28376448
sub-51,A+P+,Pz,delta,-0.2656001,0.35362294
sub-51,A+P+,Pz,gamma,0.044820596,0.39051557
sub-51,A+P+,Pz,theta,-0.31805325,0.41250747
sub-52,A+P+,C3,alpha,-0.04301783,0.25059584
sub-52,A+P+,C3,beta,0.08220698,0.17444195
sub-52,A+P+,C3,delta,0.2579439,0.32000092
sub-52,A+P+,C3,gamma,-0.050690304,0.11953599
sub-52,A+P+,C3,theta,0.23001514,0.29079306
sub-52,A+P+,C4,alpha,-0.048723135,0.2614088
sub-52,A+P+,C4,beta,-0.060575068,0.18138267
sub-52,A+P+,C4,delta,-0.012892823,0.2411846
sub-52,A+P+,C4,gamma,-0.051181916,0.11690046
sub-52,A+P+,C4,theta,0.26800978,0.3947512
sub-52,A+P+,Cz,alpha,0.15203564,0.32069212
sub-52,A+P+,Cz,beta,0.098514445,0.2343391
sub-52,A+P+,Cz,delta,0.030502243,0.25677732
sub-52,A+P+,Cz,gamma,0.063384995,0.16491182
sub-52,A+P+,Cz,theta,-0.14681332,0.27756798
sub-52,A+P+,F3,alpha,-0.103254005,0.28982046
sub-52,A+P+,F3,beta,0.030852905,0.1466577
sub-52,A+P+,F3,delta,-0.046750866,0.25660828
sub-52,A+P+,F3,gamma,-0.009113983,0.12173455
sub-52,A+P+,F3,theta,0.1742601,0.3119895
sub-52,A+P+,F4,alpha,-0.12537944,0.3373088
sub-52,A+P+,F4,beta,0.0015393356,0.16660234
sub-52,A+P+,F4,delta,-0.07376963,0.20839168
sub-52,A+P+,F4,gamma,0.014182158,0.120611206
sub-52,A+P+,F4,theta,0.1483246,0.32239872
sub-52,A+P+,F7,alpha,-0.19309528,0.41491842
sub-52,A+P+,F7,beta,-0.21730764,0.25804618
sub-52,A+P+,F7,delta,0.092665836,0.30247948
sub-52,A+P+,F7,gamma,-0.13826773,0.18702446
sub-52,A+P+,F7,theta,-0.06946493,0.65578485
sub-52,A+P+,F8,alpha,0.04731703,0.23708409
sub-52,A+P+,F8,beta,-0.18047364,0.25836504
sub-52,A+P+,F8,delta,-0.091669455,0.27449593
sub-52,A+P+,F8,gamma,-0.018196832,0.088410184
sub-52,A+P+,F8,theta,0.080302045,0.39091605
sub-52,A+P+,Fp1,alpha,-0.15845025,0.28801918
sub-52,A+P+,Fp1,beta,0.029035447,0.19902176
sub-52,A+P+,Fp1,delta,0.18916379,0.29785764
sub-52,A+P+,Fp1,gamma,-0.09454398,0.24127662
sub-52,A+P+,Fp1,theta,0.05247999,0.17462997
sub-52,A+P+,Fp2,alpha,-0.24307421,0.34978297
sub-52,A+P+,Fp2,beta,0.08225679,0.26828265
sub-52,A+P+,Fp2,delta,0.18007927,0.28357652
sub-52,A+P+,Fp2,gamma,-0.07210783,0.1992079
sub-52,A+P+,Fp2,theta,-0.0794392,0.2178639
sub-52,A+P+,Fz,alpha,-0.09300324,0.29962087
sub-52,A+P+,Fz,beta,-0.044221114,0.20354666
sub-52,A+P+,Fz,delta,-0.034952983,0.21537872
sub-52,A+P+,Fz,gamma,0.0116127655,0.17199038
sub-52,A+P+,Fz,theta,0.23718736,0.37288502
sub-52,A+P+,O1,alpha,-0.24014029,0.39504528
sub-52,A+P+,O1,beta,-0.03059723,0.24291441
sub-52,A+P+,O1,delta,0.17344281,0.26566568
sub-52,A+P+,O1,gamma,-0.33437023,0.39512518
sub-52,A+P+,O1,theta,0.03314288,0.26753607
sub-52,A+P+,O2,alpha,-0.2756574,0.36661354
sub-52,A+P+,O2,beta,-0.03229809,0.3017114
sub-52,A+P+,O2,delta,0.4554424,0.48968855
sub-52,A+P+,O2,gamma,-0.0773518,0.35687244
sub-52,A+P+,O2,theta,0.20229231,0.31693867
sub-52,A+P+,P3,alpha,-0.1813588,0.3308044
sub-52,A+P+,P3,beta,-0.06606946,0.1730104
sub-52,A+P+,P3,delta,0.06478605,0.1987647
sub-52,A+P+,P3,gamma,0.10889946,0.15456197
sub-52,A+P+,P3,theta,0.07071464,0.39659598
sub-52,A+P+,P4,alpha,-0.04506417,0.26063892
sub-52,A+P+,P4,beta,-0.22700605,0.30033714
sub-52,A+P+,P4,delta,0.031175312,0.23443656
sub-52,A+P+,P4,gamma,0.09586154,0.18787625
sub-52,A+P+,P4,theta,0.028469903,0.38921958
sub-52,A+P+,Pz,alpha,-0.043419033,0.26619434
sub-52,A+P+,Pz,beta,-0.034452427,0.16440073
sub-52,A+P+,Pz,delta,-0.11170272,0.2578553
sub-52,A+P+,Pz,gamma,0.054344993,0.13861206
sub-52,A+P+,Pz,theta,-0.18782596,0.35143393
sub-53,A+P-,C3,alpha,-0.013149394,0.23830958
sub-53,A+P-,C3,beta,0.12500039,0.2438899
sub-53,A+P-,C3,delta,0.3179034,0.3600802
sub-53,A+P-,C3,gamma,-0.15706344,0.26113826
sub-53,A+P-,C3,theta,0.22613695,0.3004682
sub-53,A+P-,C4,alpha,-0.06344051,0.28304183
sub-53,A+P-,C4,beta,-0.0754951,0.2348813
sub-53,A+P-,C4,delta,-0.01967724,0.19678113
sub-53,A+P-,C4,gamma,-0.087734155,0.19798233
sub-53,A+P-,C4,theta,0.24070328,0.40144527
sub-53,A+P-,Cz,alpha,0.1200822,0.3057159
sub-53,A+P-,Cz,beta,0.07315267,0.31699398
sub-53,A+P-,Cz,delta,0.07187259,0.20861997
sub-53,A+P-,Cz,gamma,0.14256236,0.27448714
sub-53,A+P-,Cz,theta,-0.20754604,0.33427817
sub-53,A+P-,F3,alpha,-0.115757465,0.32473773
sub-53,A+P-,F3,beta,0.048470054,0.21343641
sub-53,A+P-,F3,delta,-0.022066932,0.20029609
sub-53,A+P-,F3,gamma,-0.040395025,0.15715745
sub-53,A+P-,F3,theta,0.073745266,0.24635972
sub-53,A+P-,F4,alpha,-0.15717073,0.37094423
sub-53,A+P-,F4,beta,0.05742317,0.26552844
sub-53,A+P-,F4,delta,-0.06397596,0.1922258
sub-53,A+P-,F4,gamma,0.018763667,0.15561828
sub-53,A+P-,F4,theta,0.07456426,0.28600758
sub-53,A+P-,F7,alpha,-0.16741352,0.45945054
sub-53,A+P-,F7,beta,-0.46484336,0.50571126
sub-53,A+P-,F7,delta,0.047976334,0.28710738
sub-53,A+P-,F7,gamma,-0.23411004,0.28792796
sub-53,A+P-,F7,theta,-0.23079655,0.6809691
sub-53,A+P-,F8,alpha,0.06888376,0.28742236
sub-53,A+P-,F8,beta,-0.36893854,0.46326953
sub-53,A+P-,F8,delta,-0.13703279,0.25683042
sub-53,A+P-,F8,gamma,-0.044461522,0.16194075
sub-53,A+P-,F8,theta,-0.04667239,0.36919665
sub-53,A+P-,Fp1,alpha,-0.17797278,0.36374336
sub-53,A+P-,Fp1,beta,-0.06456997,0.3048496
sub-53,A+P-,Fp1,delta,0.19689316,0.24532157
sub-53,A+P-,Fp1,gamma,-0.15056154,0.28661886
sub-53,A+P-,Fp1,theta,0.08816847,0.26594922
sub-53,A+P-,Fp2,alpha,-0.2997186,0.42556047
sub-53,A+P-,Fp2,beta,0.015134129,0.3706958
sub-53,A+P-,Fp2,delta,0.17802563,0.24575421
sub-53,A+P-,Fp2,gamma,-0.119858935,0.2307356
sub-53,A+P-,Fp2,theta,-0.106047876,0.27757442
sub-53,A+P-,Fz,alpha,-0.10285141,0.3367765
sub-53,A+P-,Fz,beta,-0.034342825,0.29805067
sub-53,A+P-,Fz,delta,-0.058777906,0.20706336
sub-53,A+P-,Fz,gamma,0.045343287,0.18544249
sub-53,A+P-,Fz,theta,0.09616169,0.2502841
sub-53,A+P-,O1,alpha,-0.22937796,0.42498052
sub-53,A+P-,O1,beta,-0.07832207,0.2474442
sub-53,A+P-,O1,delta,0.15851991,0.25996017
sub-53,A+P-,O1,gamma,-0.29531565,0.353573
sub-53,A+P-,O1,theta,0.02032114,0.24267708
sub-53,A+P-,O2,alpha,-0.37165043,0.5007783
sub-53,A+P-,O2,beta,-0.0996572,0.28042278
sub-53,A+P-,O2,delta,0.37588206,0.40297806
sub-53,A+P-,O2,gamma,-0.04243,0.21036403
sub-53,A+P-,O2,theta,0.17985594,0.27964592
sub-53,A+P-,P3,alpha,-0.14439693,0.32104716
sub-53,A+P-,P3,beta,-0.12181642,0.28442827
sub-53,A+P-,P3,delta,0.029446313,0.18901865
sub-53,A+P-,P3,gamma,0.1610622,0.23642883
sub-53,A+P-,P3,theta,0.059224557,0.4446197
sub-53,A+P-,P4,alpha,-0.0055224597,0.30368337
sub-53,A+P-,P4,beta,-0.29521176,0.37025416
sub-53,A+P-,P4,delta,0.077641614,0.20403074
sub-53,A+P-,P4,gamma,0.0998879,0.18327923
sub-53,A+P-,P4,theta,-0.10796592,0.29987198
sub-53,A+P-,Pz,alpha,-0.05627055,0.28939244
sub-53,A+P-,Pz,beta,-0.060898945,0.24581388
sub-53,A+P-,Pz,delta,-0.19705285,0.30263174
sub-53,A+P-,Pz,gamma,0.036332816,0.19363524
sub-53,A+P-,Pz,theta,-0.27463442,0.39793193
sub-54,A+P+,C3,alpha,-0.014929274,0.19236991
sub-54,A+P+,C3,beta,0.10309276,0.21441773
sub-54,A+P+,C3,delta,0.22767614,0.3563622
sub-54,A+P+,C3,gamma,-0.12430071,0.28815567
sub-54,A+P+,C3,theta,0.11215929,0.17643157
sub-54,A+P+,C4,alpha,-0.077505425,0.21364866
sub-54,A+P+,C4,beta,-0.07765386,0.2127725
sub-54,A+P+,C4,delta,-0.10816778,0.30688378
sub-54,A+P+,C4,gamma,-0.033671737,0.2745535
sub-54,A+P+,C4,theta,0.072284736,0.20571536
sub-54,A+P+,Cz,alpha,0.09828151,0.29412514
sub-54,A+P+,Cz,beta,0.14076284,0.3099696
sub-54,A+P+,Cz,delta,-0.076419234,0.30925143
sub-54,A+P+,Cz,gamma,0.060260158,0.24764208
sub-54,A+P+,Cz,theta,-0.12571761,0.21751471
sub-54,A+P+,F3,alpha,-0.1054941,0.26267886
sub-54,A+P+,F3,beta,0.03703535,0.16901433
sub-54,A+P+,F3,delta,-0.27109176,0.41087967
sub-54,A+P+,F3,gamma,-0.04892738,0.13774282
sub-54,A+P+,F3,theta,0.018366968,0.15757917
sub-54,A+P+,F4,alpha,-0.10444516,0.3179552
sub-54,A+P+,F4,beta,0.013588903,0.23622808
sub-54,A+P+,F4,delta,-0.15348485,0.26975423
sub-54,A+P+,F4,gamma,-0.0005937913,0.18910283
sub-54,A+P+,F4,theta,0.007084846,0.17495419
sub-54,A+P+,F7,alpha,-0.17699187,0.41024062
sub-54,A+P+,F7,beta,-0.2858266,0.3328418
sub-54,A+P+,F7,delta,-0.10755247,0.36566034
sub-54,A+P+,F7,gamma,-0.16441359,0.22436136
sub-54,A+P+,F7,theta,-0.41715097,0.48676738
sub-54,A+P+,F8,alpha,0.04793988,0.23143552
sub-54,A+P+,F8,beta,-0.20380716,0.274616
sub-54,A+P+,F8,delta,-0.23636006,0.37605944
sub-54,A+P+,F8,gamma,-0.038716402,0.1385862
sub-54,A+P+,F8,theta,-0.104756095,0.21329418
sub-54,A+P+,Fp1,alpha,-0.10876498,0.2287526
sub-54,A+P+,Fp1,beta,0.0028292073,0.1355004
sub-54,A+P+,Fp1,delta,0.17067619,0.3148983
sub-54,A+P+,Fp1,gamma,-0.13583046,0.19930248
sub-54,A+P+,Fp1,theta,-0.0025437756,0.21430854
sub-54,A+P+,Fp2,alpha,-0.1556246,0.24247804
sub-54,A+P+,Fp2,beta,0.068753645,0.19751756
sub-54,A+P+,Fp2,delta,0.10210202,0.2879349
sub-54,A+P+,Fp2,gamma,-0.09705885,0.17059702
sub-54,A+P+,Fp2,theta,-0.20358835,0.2869332
sub-54,A+P+,Fz,alpha,-0.09181722,0.30025685
sub-54,A+P+,Fz,beta,-0.025440859,0.33508676
sub-54,A+P+,Fz,delta,-0.16758372,0.31175932
sub-54,A+P+,Fz,gamma,-0.0900408,0.2817536
sub-54,A+P+,Fz,theta,0.0038976278,0.13670506
sub-54,A+P+,O1,alpha,-0.3121423,0.4327319
sub-54,A+P+,O1,beta,-0.05562145,0.281966
sub-54,A+P+,O1,delta,0.13475256,0.2514232
sub-54,A+P+,O1,gamma,-0.2873503,0.3472818
sub-54,A+P+,O1,theta,0.017172704,0.15477097
sub-54,A+P+,O2,alpha,-0.2767642,0.35999
sub-54,A+P+,O2,beta,-0.04848322,0.32416102
sub-54,A+P+,O2,delta,0.5204581,0.57312953
sub-54,A+P+,O2,gamma,-0.07001088,0.2912752
sub-54,A+P+,O2,theta,0.171803,0.2337399
sub-54,A+P+,P3,alpha,-0.12126653,0.29786184
sub-54,A+P+,P3,beta,-0.08665553,0.23592167
sub-54,A+P+,P3,delta,-0.035213374,0.22998427
sub-54,A+P+,P3,gamma,0.08610564,0.21784365
sub-54,A+P+,P3,theta,-0.11236534,0.26564664
sub-54,A+P+,P4,alpha,-0.015604235,0.25394332
sub-54,A+P+,P4,beta,-0.3445347,0.42171258
sub-54,A+P+,P4,delta,-0.08957869,0.29625836
sub-54,A+P+,P4,gamma,0.09255782,0.23369054
sub-54,A+P+,P4,theta,-0.14445613,0.243578
sub-54,A+P+,Pz,alpha,-0.020490494,0.24363564
sub-54,A+P+,Pz,beta,-0.05496646,0.19992425
sub-54,A+P+,Pz,delta,-0.2854378,0.391809
sub-54,A+P+,Pz,gamma,-0.016865697,0.19484977
sub-54,A+P+,Pz,theta,-0.27637538,0.33028027
sub-56,A+P+,C3,alpha,-0.036979,0.27086502
sub-56,A+P+,C3,beta,0.118087046,0.26930213
sub-56,A+P+,C3,delta,0.2454016,0.2848766
sub-56,A+P+,C3,gamma,-0.13240224,0.21911794
sub-56,A+P+,C3,theta,0.11479387,0.16513678
sub-56,A+P+,C4,alpha,-0.101114966,0.2952846
sub-56,A+P+,C4,beta,-0.06653091,0.2566244
sub-56,A+P+,C4,delta,-0.03828663,0.2116843
sub-56,A+P+,C4,gamma,-0.09630645,0.2363885
sub-56,A+P+,C4,theta,0.03845809,0.18216224
sub-56,A+P+,Cz,alpha,0.104931146,0.3240432
sub-56,A+P+,Cz,beta,0.04946166,0.33855045
sub-56,A+P+,Cz,delta,0.014780162,0.210326
sub-56,A+P+,Cz,gamma,0.093089424,0.23744926
sub-56,A+P+,Cz,theta,-0.12823555,0.20950781
sub-56,A+P+,F3,alpha,-0.13146591,0.32440412
sub-56,A+P+,F3,beta,0.048853237,0.21193874
sub-56,A+P+,F3,delta,-0.12893198,0.26260167
sub-56,A+P+,F3,gamma,-0.023024911,0.2159609
sub-56,A+P+,F3,theta,-0.00687502,0.14725938
sub-56,A+P+,F4,alpha,-0.18606977,0.36531538
sub-56,A+P+,F4,beta,-0.0055738576,0.21812986
sub-56,A+P+,F4,delta,-0.12981027,0.24441317
sub-56,A+P+,F4,gamma,-0.0038597893,0.16028756
sub-56,A+P+,F4,theta,0.012062632,0.18409644
sub-56,A+P+,F7,alpha,-0.13371812,0.47104332
sub-56,A+P+,F7,beta,-0.38484243,0.43879896
sub-56,A+P+,F7,delta,-0.04147902,0.3015747
sub-56,A+P+,F7,gamma,-0.19066502,0.255379
sub-56,A+P+,F7,theta,-0.44731304,0.53670067
sub-56,A+P+,F8,alpha,0.040836792,0.2910536
sub-56,A+P+,F8,beta,-0.22670723,0.3058995
sub-56,A+P+,F8,delta,-0.1975957,0.3156511
sub-56,A+P+,F8,gamma,-0.044211388,0.15206452
sub-56,A+P+,F8,theta,-0.11895038,0.19608293
sub-56,A+P+,Fp1,alpha,-0.17360488,0.37237495
sub-56,A+P+,Fp1,beta,-0.07571329,0.26901123
sub-56,A+P+,Fp1,delta,0.17722823,0.25935897
sub-56,A+P+,Fp1,gamma,-0.19344854,0.31025487
sub-56,A+P+,Fp1,theta,0.017332857,0.17528294
sub-56,A+P+,Fp2,alpha,-0.28377396,0.39303944
sub-56,A+P+,Fp2,beta,0.004382224,0.35251832
sub-56,A+P+,Fp2,delta,0.1600897,0.24880344
sub-56,A+P+,Fp2,gamma,-0.25845525,0.41686627
sub-56,A+P+,Fp2,theta,-0.06923815,0.15551774
sub-56,A+P+,Fz,alpha,-0.14805551,0.35661405
sub-56,A+P+,Fz,beta,-0.044457965,0.30976677
sub-56,A+P+,Fz,delta,-0.11767792,0.2513416
sub-56,A+P+,Fz,gamma,0.016712504,0.24805854
sub-56,A+P+,Fz,theta,0.009140867,0.1503803
sub-56,A+P+,O1,alpha,-0.26698318,0.43827653
sub-56,A+P+,O1,beta,-0.064533874,0.25942913
sub-56,A+P+,O1,delta,0.10942607,0.22112033
sub-56,A+P+,O1,gamma,-0.41101253,0.48177135
sub-56,A+P+,O1,theta,-0.0016961326,0.19159055
sub-56,A+P+,O2,alpha,-0.37855002,0.481409
sub-56,A+P+,O2,beta,-0.066605195,0.3017007
sub-56,A+P+,O2,delta,0.39152765,0.42250785
sub-56,A+P+,O2,gamma,-0.0044719824,0.38412103
sub-56,A+P+,O2,theta,0.11977602,0.184515
sub-56,A+P+,P3,alpha,-0.16044518,0.37151077
sub-56,A+P+,P3,beta,-0.05914843,0.19682564
sub-56,A+P+,P3,delta,-0.0149963135,0.17831017
sub-56,A+P+,P3,gamma,0.134968,0.21345535
sub-56,A+P+,P3,theta,-0.16451205,0.2793549
sub-56,A+P+,P4,alpha,-0.028001355,0.31168908
sub-56,A+P+,P4,beta,-0.35774106,0.4315733
sub-56,A+P+,P4,delta,0.029635223,0.16157873
sub-56,A+P+,P4,gamma,0.057623632,0.15564752
sub-56,A+P+,P4,theta,-0.16017985,0.2285041
sub-56,A+P+,Pz,alpha,-0.068296835,0.31364748
sub-56,A+P+,Pz,beta,-0.061928228,0.21046291
sub-56,A+P+,Pz,delta,-0.25822425,0.32713562
sub-56,A+P+,Pz,gamma,0.01802432,0.1608936
sub-56,A+P+,Pz,theta,-0.30800185,0.337001
sub-57,A+P-,C3,alpha,-0.080065496,0.28361666
sub-57,A+P-,C3,beta,0.04099111,0.15659729
sub-57,A+P-,C3,delta,0.21960482,0.2709908
sub-57,A+P-,C3,gamma,-0.07946431,0.14535764
sub-57,A+P-,C3,theta,0.16611463,0.22190963
sub-57,A+P-,C4,alpha,-0.10911374,0.28937778
sub-57,A+P-,C4,beta,-0.07959812,0.18921004
sub-57,A+P-,C4,delta,0.007981724,0.19871005
sub-57,A+P-,C4,gamma,-0.060794532,0.16707385
sub-57,A+P-,C4,theta,0.13051364,0.25506663
sub-57,A+P-,Cz,alpha,0.12591174,0.34679577
sub-57,A+P-,Cz,beta,0.032727856,0.23171133
sub-57,A+P-,Cz,delta,0.033295795,0.16843195
sub-57,A+P-,Cz,gamma,0.026496159,0.14234181
sub-57,A+P-,Cz,theta,-0.12891774,0.25014013
sub-57,A+P-,F3,alpha,-0.11541416,0.32330406
sub-57,A+P-,F3,beta,0.01186951,0.15104334
sub-57,A+P-,F3,delta,-0.07210864,0.18981317
sub-57,A+P-,F3,gamma,-0.026023667,0.10214222
sub-57,A+P-,F3,theta,0.07948309,0.221413
sub-57,A+P-,F4,alpha,-0.2108841,0.39912927
sub-57,A+P-,F4,beta,-0.03939425,0.15632305
sub-57,A+P-,F4,delta,-0.050234165,0.16268644
sub-57,A+P-,F4,gamma,-0.010113456,0.09302524
sub-57,A+P-,F4,theta,0.044448085,0.22556122
sub-57,A+P-,F7,alpha,-0.223614,0.44275406
sub-57,A+P-,F7,beta,-0.3737379,0.414741
sub-57,A+P-,F7,delta,-0.0012016615,0.277499
sub-57,A+P-,F7,gamma,-0.18867356,0.23866908
sub-57,A+P-,F7,theta,-0.33778393,0.5671685
sub-57,A+P-,F8,alpha,-0.015044824,0.29008564
sub-57,A+P-,F8,beta,-0.22116116,0.30894935
sub-57,A+P-,F8,delta,-0.13369843,0.25620946
sub-57,A+P-,F8,gamma,-0.043987557,0.12254963
sub-57,A+P-,F8,theta,-0.08055279,0.2750019
sub-57,A+P-,Fp1,alpha,-0.18635696,0.36122885
sub-57,A+P-,Fp1,beta,-0.05352277,0.27866888
sub-57,A+P-,Fp1,delta,0.13929078,0.20050716
sub-57,A+P-,Fp1,gamma,-0.15691179,0.31237304
sub-57,A+P-,Fp1,theta,0.019519828,0.16642138
sub-57,A+P-,Fp2,alpha,-0.29040134,0.40954727
sub-57,A+P-,Fp2,beta,0.008158985,0.3828018
sub-57,A+P-,Fp2,delta,0.12746972,0.17756292
sub-57,A+P-,Fp2,gamma,-0.19183184,0.39460507
sub-57,A+P-,Fp2,theta,-0.0573579,0.1636825
sub-57,A+P-,Fz,alpha,-0.18616226,0.37301138
sub-57,A+P-,Fz,beta,-0.07340334,0.19441454
sub-57,A+P-,Fz,delta,-0.061058763,0.15779908
sub-57,A+P-,Fz,gamma,-0.016660495,0.1307113
sub-57,A+P-,Fz,theta,0.059114147,0.20879917
sub-57,A+P-,O1,alpha,-0.27606982,0.46170548
sub-57,A+P-,O1,beta,-0.057200056,0.16130914
sub-57,A+P-,O1,delta,0.10571387,0.18347956
sub-57,A+P-,O1,gamma,-0.076051705,0.12859385
sub-57,A+P-,O1,theta,-0.0040141903,0.2507185
sub-57,A+P-,O2,alpha,-0.410744,0.51911587
sub-57,A+P-,O2,beta,-0.09289669,0.1812753
sub-57,A+P-,O2,delta,0.33550036,0.37235242
sub-57,A+P-,O2,gamma,-0.046467137,0.10660102
sub-57,A+P-,O2,theta,0.1536085,0.27645263
sub-57,A+P-,P3,alpha,-0.21260543,0.35569805
sub-57,A+P-,P3,beta,-0.046787582,0.15263785
sub-57,A+P-,P3,delta,0.03571075,0.16247685
sub-57,A+P-,P3,gamma,0.09430205,0.15763886
sub-57,A+P-,P3,theta,-0.06980142,0.33521459
sub-57,A+P-,P4,alpha,-0.07949276,0.2786026
sub-57,A+P-,P4,beta,-0.29724172,0.35984385
sub-57,A+P-,P4,delta,0.028017879,0.2126338
sub-57,A+P-,P4,gamma,0.04477283,0.12756036
sub-57,A+P-,P4,theta,-0.10551936,0.31678796
sub-57,A+P-,Pz,alpha,-0.0898435,0.29958338
sub-57,A+P-,Pz,beta,-0.0665705,0.20383772
sub-57,A+P-,Pz,delta,-0.13475199,0.22265851
sub-57,A+P-,Pz,gamma,0.02116745,0.13817419
sub-57,A+P-,Pz,theta,-0.2645863,0.35507682
sub-58,A+P-,C3,alpha,0.034453835,0.22917731
sub-58,A+P-,C3,beta,0.060698096,0.28635874
sub-58,A+P-,C3,delta,0.22292718,0.28589046
sub-58,A+P-,C3,gamma,-0.20148669,0.30784184
sub-58,A+P-,C3,theta,0.12200442,0.17461957
sub-58,A+P-,C4,alpha,-0.06302497,0.23263267
sub-58,A+P-,C4,beta,-0.07160022,0.26701164
sub-58,A+P-,C4,delta,-0.1015,0.2567196
sub-58,A+P-,C4,gamma,-0.001974683,0.4546359
sub-58,A+P-,C4,theta,0.04998861,0.20597625
sub-58,A+P-,Cz,alpha,0.122683585,0.28161287
sub-58,A+P-,Cz,beta,0.093340024,0.42065564
sub-58,A+P-,Cz,delta,0.07838656,0.20905176
sub-58,A+P-,Cz,gamma,0.048459575,0.29527012
sub-58,A+P-,Cz,theta,-0.1280587,0.24913256
sub-58,A+P-,F3,alpha,-0.10302804,0.22128078
sub-58,A+P-,F3,beta,0.102352835,0.2689478
sub-58,A+P-,F3,delta,-0.11700586,0.2871202
sub-58,A+P-,F3,gamma,-0.03570032,0.2493734
sub-58,A+P-,F3,theta,0.009276907,0.19950065
sub-58,A+P-,F4,alpha,0.028903902,0.21609029
sub-58,A+P-,F4,beta,0.06333167,0.2902949
sub-58,A+P-,F4,delta,-0.11975183,0.22623673
sub-58,A+P-,F4,gamma,0.2006058,0.43990257
sub-58,A+P-,F4,theta,0.044910673,0.20246637
sub-58,A+P-,F7,alpha,-0.12652335,0.2794008
sub-58,A+P-,F7,beta,-0.4269385,0.50364935
sub-58,A+P-,F7,delta,-0.070381105,0.35888213
sub-58,A+P-,F7,gamma,-0.23142269,0.3415844
sub-58,A+P-,F7,theta,-0.3573355,0.46630985
sub-58,A+P-,F8,alpha,0.0331072,0.18865135
sub-58,A+P-,F8,beta,-0.4069061,0.50739706
sub-58,A+P-,F8,delta,-0.20349924,0.33474424
sub-58,A+P-,F8,gamma,0.06835747,0.36277872
sub-58,A+P-,F8,theta,-0.08380383,0.18991083
sub-58,A+P-,Fp1,alpha,-0.16587377,0.2850678
sub-58,A+P-,Fp1,beta,-0.13225181,0.32356238
sub-58,A+P-,Fp1,delta,0.23137993,0.31903931
sub-58,A+P-,Fp1,gamma,-0.15653968,0.24103898
sub-58,A+P-,Fp1,theta,0.030894326,0.17306201
sub-58,A+P-,Fp2,alpha,-0.17515597,0.30451435
sub-58,A+P-,Fp2,beta,0.06289332,0.345684
sub-58,A+P-,Fp2,delta,0.122129574,0.26028335
sub-58,A+P-,Fp2,gamma,-0.12438778,0.2563096
sub-58,A+P-,Fp2,theta,-0.09784301,0.19182096
sub-58,A+P-,Fz,alpha,0.017894875,0.24543343
sub-58,A+P-,Fz,beta,0.06419087,0.41259688
sub-58,A+P-,Fz,delta,-0.057890184,0.16827178
sub-58,A+P-,Fz,gamma,-0.21438478,0.44957685
sub-58,A+P-,Fz,theta,0.092473574,0.23001148
sub-58,A+P-,O1,alpha,-0.20939158,0.3130759
sub-58,A+P-,O1,beta,0.0038139916,0.3317503
sub-58,A+P-,O1,delta,0.16203614,0.24153833
sub-58,A+P-,O1,gamma,-0.48510647,0.56509525
sub-58,A+P-,O1,theta,0.0620891,0.27335846
sub-58,A+P-,O2,alpha,-0.16402598,0.28014755
sub-58,A+P-,O2,beta,0.021922376,0.37723818
sub-58,A+P-,O2,delta,0.5351909,0.5659802
sub-58,A+P-,O2,gamma,-0.11670555,0.3359443
sub-58,A+P-,O2,theta,0.30135706,0.40000817
sub-58,A+P-,P3,alpha,-0.051664125,0.26769334
sub-58,A+P-,P3,beta,-0.107735716,0.30950654
sub-58,A+P-,P3,delta,-0.017182974,0.19361086
sub-58,A+P-,P3,gamma,0.08895014,0.29485562
sub-58,A+P-,P3,theta,-0.027275072,0.28130168
sub-58,A+P-,P4,alpha,0.031222563,0.2383173
sub-58,A+P-,P4,beta,-0.45334274,0.57690156
sub-58,A+P-,P4,delta,-0.0014125139,0.2234512
sub-58,A+P-,P4,gamma,0.23487397,0.37004307
sub-58,A+P-,P4,theta,-0.08662234,0.2477271
sub-58,A+P-,Pz,alpha,-0.015590653,0.246071
sub-58,A+P-,Pz,beta,0.05489965,0.31000844
sub-58,A+P-,Pz,delta,-0.16123481,0.27297887
sub-58,A+P-,Pz,gamma,-0.04063905,0.29175413
sub-58,A+P-,Pz,theta,-0.22064851,0.2844611
sub-59,A+P-,C3,alpha,-0.06749205,0.26074967
sub-59,A+P-,C3,beta,0.10689145,0.21600321
sub-59,A+P-,C3,delta,0.24060822,0.27215585
sub-59,A+P-,C3,gamma,-0.048895057,0.2024992
sub-59,A+P-,C3,theta,0.12498567,0.17703556
sub-59,A+P-,C4,alpha,-0.09284708,0.2714766
sub-59,A+P-,C4,beta,-0.05942857,0.24008548
sub-59,A+P-,C4,delta,0.02912271,0.20362096
sub-59,A+P-,C4,gamma,-0.025116492,0.19360074
sub-59,A+P-,C4,theta,0.12534133,0.25385177
sub-59,A+P-,Cz,alpha,0.11691005,0.33693337
sub-59,A+P-,Cz,beta,0.0559314,0.26596665
sub-59,A+P-,Cz,delta,0.026967473,0.20229161
sub-59,A+P-,Cz,gamma,0.059225127,0.17670113
sub-59,A+P-,Cz,theta,-0.120073944,0.23734255
sub-59,A+P-,F3,alpha,-0.09423511,0.34542948
sub-59,A+P-,F3,beta,0.013290723,0.13361481
sub-59,A+P-,F3,delta,-0.065657,0.16374111
sub-59,A+P-,F3,gamma,-0.019077089,0.104531735
sub-59,A+P-,F3,theta,0.034776296,0.16126268
sub-59,A+P-,F4,alpha,-0.23346873,0.43780795
sub-59,A+P-,F4,beta,-0.04364899,0.13930485
sub-59,A+P-,F4,delta,-0.030042576,0.15580374
sub-59,A+P-,F4,gamma,-0.0024633394,0.093088254
sub-59,A+P-,F4,theta,0.012199032,0.20112322
sub-59,A+P-,F7,alpha,-0.19817431,0.46249104
sub-59,A+P-,F7,beta,-0.25213146,0.29421008
sub-59,A+P-,F7,delta,-0.016489409,0.259722
sub-59,A+P-,F7,gamma,-0.16744165,0.21726027
sub-59,A+P-,F7,theta,-0.35990983,0.59169585
sub-59,A+P-,F8,alpha,-0.03679557,0.31301948
sub-59,A+P-,F8,beta,-0.1221952,0.2086069
sub-59,A+P-,F8,delta,-0.11738639,0.23165765
sub-59,A+P-,F8,gamma,-0.030254764,0.12015237
sub-59,A+P-,F8,theta,-0.09113182,0.26014292
sub-59,A+P-,Fp1,alpha,-0.13055299,0.36059535
sub-59,A+P-,Fp1,beta,-0.0194003,0.20925006
sub-59,A+P-,Fp1,delta,0.14785342,0.22748736
sub-59,A+P-,Fp1,gamma,-0.17601793,0.2810829
sub-59,A+P-,Fp1,theta,0.0067396504,0.16577648
sub-59,A+P-,Fp2,alpha,-0.2869191,0.44450897
sub-59,A+P-,Fp2,beta,0.06164237,0.24290511
sub-59,A+P-,Fp2,delta,0.18051301,0.25077692
sub-59,A+P-,Fp2,gamma,-0.15005258,0.22151385
sub-59,A+P-,Fp2,theta,-0.039690282,0.16860779
sub-59,A+P-,Fz,alpha,-0.2073037,0.38246322
sub-59,A+P-,Fz,beta,-0.06653259,0.18206257
sub-59,A+P-,Fz,delta,-0.073792316,0.16609678
sub-59,A+P-,Fz,gamma,-0.012799435,0.12024273
sub-59,A+P-,Fz,theta,0.015099252,0.15451588
sub-59,A+P-,O1,alpha,-0.2576801,0.47622916
sub-59,A+P-,O1,beta,-0.034194853,0.13482282
sub-59,A+P-,O1,delta,0.07156773,0.1459721
sub-59,A+P-,O1,gamma,-0.033532552,0.09111391
sub-59,A+P-,O1,theta,-0.042194944,0.19283642
sub-59,A+P-,O2,alpha,-0.42074203,0.5383048
sub-59,A+P-,O2,beta,-0.09230085,0.19110663
sub-59,A+P-,O2,delta,0.27289206,0.30193734
sub-59,A+P-,O2,gamma,-0.035335753,0.10187649
sub-59,A+P-,O2,theta,0.09848624,0.18050027
sub-59,A+P-,P3,alpha,-0.19870146,0.38310182
sub-59,A+P-,P3,beta,-0.019009216,0.14829975
sub-59,A+P-,P3,delta,0.027965482,0.15618317
sub-59,A+P-,P3,gamma,0.118945,0.16793476
sub-59,A+P-,P3,theta,-0.13441099,0.3179056
sub-59,A+P-,P4,alpha,-0.059806462,0.31433463
sub-59,A+P-,P4,beta,-0.29536396,0.3551298
sub-59,A+P-,P4,delta,0.03961643,0.16327778
sub-59,A+P-,P4,gamma,0.047737375,0.123699725
sub-59,A+P-,P4,theta,-0.17532465,0.2578956
sub-59,A+P-,Pz,alpha,-0.09015581,0.33134618
sub-59,A+P-,Pz,beta,-0.049772043,0.17075846
sub-59,A+P-,Pz,delta,-0.19706078,0.26924202
sub-59,A+P-,Pz,gamma,0.02829967,0.11091818
sub-59,A+P-,Pz,theta,-0.2886896,0.32733345
sub-60,A+P-,C3,alpha,0.013770236,0.15152414
sub-60,A+P-,C3,beta,0.048133824,0.27494192
sub-60,A+P-,C3,delta,0.22350499,0.3065263
sub-60,A+P-,C3,gamma,-0.15041515,0.33340603
sub-60,A+P-,C3,theta,0.119999245,0.1702492
sub-60,A+P-,C4,alpha,-0.071083225,0.14983504
sub-60,A+P-,C4,beta,-0.092973,0.26923156
sub-60,A+P-,C4,delta,-0.08925381,0.245817
sub-60,A+P-,C4,gamma,0.09591997,0.5468587
sub-60,A+P-,C4,theta,0.012689522,0.15211615
sub-60,A+P-,Cz,alpha,0.12139449,0.2682167
sub-60,A+P-,Cz,beta,0.1499697,0.38483495
sub-60,A+P-,Cz,delta,0.04529482,0.24389075
sub-60,A+P-,Cz,gamma,0.030179244,0.30876303
sub-60,A+P-,Cz,theta,-0.121999234,0.23310407
sub-60,A+P-,F3,alpha,-0.07240322,0.17866918
sub-60,A+P-,F3,beta,0.086332574,0.22663732
sub-60,A+P-,F3,delta,-0.14706108,0.32684425
sub-60,A+P-,F3,gamma,-0.03342629,0.23534247
sub-60,A+P-,F3,theta,0.024623893,0.21864747
sub-60,A+P-,F4,alpha,0.08068893,0.16983782
sub-60,A+P-,F4,beta,0.024942111,0.26993698
sub-60,A+P-,F4,delta,-0.10351498,0.2191066
sub-60,A+P-,F4,gamma,0.17015554,0.4399991
sub-60,A+P-,F4,theta,0.032161284,0.18819085
sub-60,A+P-,F7,alpha,-0.10129062,0.22989567
sub-60,A+P-,F7,beta,-0.40238196,0.4831654
sub-60,A+P-,F7,delta,-0.10346377,0.3289082
sub-60,A+P-,F7,gamma,-0.2282514,0.37781858
sub-60,A+P-,F7,theta,-0.3328379,0.4628994
sub-60,A+P-,F8,alpha,-0.0025289608,0.12917575
sub-60,A+P-,F8,beta,-0.46173862,0.6040795
sub-60,A+P-,F8,delta,-0.14793895,0.25550094
sub-60,A+P-,F8,gamma,0.1512884,0.47351447
sub-60,A+P-,F8,theta,-0.03828675,0.15111874
sub-60,A+P-,Fp1,alpha,-0.080630854,0.1703402
sub-60,A+P-,Fp1,beta,-0.10970529,0.29959482
sub-60,A+P-,Fp1,delta,0.23145919,0.32258022
sub-60,A+P-,Fp1,gamma,-0.1758063,0.29674703
sub-60,A+P-,Fp1,theta,0.0064091193,0.14400427
sub-60,A+P-,Fp2,alpha,-0.06664432,0.17939717
sub-60,A+P-,Fp2,beta,0.06749539,0.28920618
sub-60,A+P-,Fp2,delta,0.11601036,0.2686312
sub-60,A+P-,Fp2,gamma,-0.10455789,0.30019996
sub-60,A+P-,Fp2,theta,-0.10274615,0.17358178
sub-60,A+P-,Fz,alpha,0.022130499,0.22512005
sub-60,A+P-,Fz,beta,0.017869256,0.37217748
sub-60,A+P-,Fz,delta,-0.17571084,0.30117446
sub-60,A+P-,Fz,gamma,-0.24793454,0.384248
sub-60,A+P-,Fz,theta,0.12667677,0.25900513
sub-60,A+P-,O1,alpha,-0.15812153,0.24463132
sub-60,A+P-,O1,beta,0.042779427,0.37222508
sub-60,A+P-,O1,delta,0.1891815,0.26798582
sub-60,A+P-,O1,gamma,-0.4847798,0.588543
sub-60,A+P-,O1,theta,0.093433246,0.20352629
sub-60,A+P-,O2,alpha,-0.1597392,0.24335265
sub-60,A+P-,O2,beta,0.039317578,0.40531176
sub-60,A+P-,O2,delta,0.5604983,0.59710735
sub-60,A+P-,O2,gamma,-0.14157726,0.33879226
sub-60,A+P-,O2,theta,0.28706747,0.32892397
sub-60,A+P-,P3,alpha,-0.05778044,0.18066648
sub-60,A+P-,P3,beta,-0.14170805,0.32723162
sub-60,A+P-,P3,delta,-0.024704084,0.21878445
sub-60,A+P-,P3,gamma,0.12858972,0.31627056
sub-60,A+P-,P3,theta,-0.05442264,0.22599244
sub-60,A+P-,P4,alpha,0.0025213137,0.17263575
sub-60,A+P-,P4,beta,-0.41381118,0.52564764
sub-60,A+P-,P4,delta,-0.054920573,0.2716289
sub-60,A+P-,P4,gamma,0.25002825,0.40264356
sub-60,A+P-,P4,theta,-0.077596605,0.23297904
sub-60,A+P-,Pz,alpha,-0.0059375176,0.17642741
sub-60,A+P-,Pz,beta,0.004677051,0.2398961
sub-60,A+P-,Pz,delta,-0.2051525,0.35127
sub-60,A+P-,Pz,gamma,-0.03473023,0.36597466
sub-60,A+P-,Pz,theta,-0.20902875,0.28301793
sub-61,A+P-,C3,alpha,-0.045673132,0.26996043
sub-61,A+P-,C3,beta,0.13748154,0.27523896
sub-61,A+P-,C3,delta,0.16332698,0.19088222
sub-61,A+P-,C3,gamma,-0.07313187,0.17197087
sub-61,A+P-,C3,theta,0.11309264,0.15196377
sub-61,A+P-,C4,alpha,-0.10934643,0.29470795
sub-61,A+P-,C4,beta,-0.026819414,0.24953717
sub-61,A+P-,C4,delta,0.010599099,0.12287804
sub-61,A+P-,C4,gamma,-0.04658409,0.26333347
sub-61,A+P-,C4,theta,0.04701474,0.14916494
sub-61,A+P-,Cz,alpha,0.10152717,0.3032605
sub-61,A+P-,Cz,beta,-0.06566364,0.37238106
sub-61,A+P-,Cz,delta,0.072645344,0.12095031
sub-61,A+P-,Cz,gamma,0.17671339,0.29441395
sub-61,A+P-,Cz,theta,-0.06706438,0.15564652
sub-61,A+P-,F3,alpha,-0.077353925,0.32917392
sub-61,A+P-,F3,beta,0.00679624,0.18917792
sub-61,A+P-,F3,delta,-0.012601956,0.095121786
sub-61,A+P-,F3,gamma,-0.00621408,0.13024577
sub-61,A+P-,F3,theta,0.038015787,0.14874206
sub-61,A+P-,F4,alpha,-0.15772727,0.34491265
sub-61,A+P-,F4,beta,0.029973602,0.27589113
sub-61,A+P-,F4,delta,0.006345459,0.058855448
sub-61,A+P-,F4,gamma,0.26200923,0.41825593
sub-61,A+P-,F4,theta,-0.0093640685,0.1111005
sub-61,A+P-,F7,alpha,-0.1462481,0.44457737
sub-61,A+P-,F7,beta,-0.37853894,0.44576535
sub-61,A+P-,F7,delta,-0.04189496,0.2158978
sub-61,A+P-,F7,gamma,-0.14988504,0.2147901
sub-61,A+P-,F7,theta,-0.3927891,0.50474703
sub-61,A+P-,F8,alpha,-0.02666447,0.3175011
sub-61,A+P-,F8,beta,-0.28334004,0.38976356
sub-61,A+P-,F8,delta,-0.10130926,0.18073511
sub-61,A+P-,F8,gamma,-0.019154923,0.18346263
sub-61,A+P-,F8,theta,-0.11608651,0.19899245
sub-61,A+P-,Fp1,alpha,-0.12920143,0.34405804
sub-61,A+P-,Fp1,beta,-0.10901304,0.33318928
sub-61,A+P-,Fp1,delta,0.12604779,0.15762354
sub-61,A+P-,Fp1,gamma,-0.1828896,0.35712814
sub-61,A+P-,Fp1,theta,0.0024859842,0.12413803
sub-61,A+P-,Fp2,alpha,-0.24634816,0.36166325
sub-61,A+P-,Fp2,beta,-0.009659016,0.46739215
sub-61,A+P-,Fp2,delta,0.09366723,0.11977617
sub-61,A+P-,Fp2,gamma,-0.32028288,0.47569954
sub-61,A+P-,Fp2,theta,-0.028561048,0.09995637
sub-61,A+P-,Fz,alpha,-0.1697548,0.36858073
sub-61,A+P-,Fz,beta,-0.061910737,0.24782437
sub-61,A+P-,Fz,delta,-0.036301915,0.10710406
sub-61,A+P-,Fz,gamma,0.035671137,0.16276544
sub-61,A+P-,Fz,theta,0.0395935,0.1276189
sub-61,A+P-,O1,alpha,-0.19736707,0.40333986
sub-61,A+P-,O1,beta,-0.07471305,0.23124303
sub-61,A+P-,O1,delta,0.09575856,0.16179475
sub-61,A+P-,O1,gamma,-0.14321257,0.2228602
sub-61,A+P-,O1,theta,-0.019094242,0.20881194
sub-61,A+P-,O2,alpha,-0.35011676,0.4959241
sub-61,A+P-,O2,beta,-0.08712203,0.20324957
sub-61,A+P-,O2,delta,0.23383051,0.2606657
sub-61,A+P-,O2,gamma,-0.0256093,0.14841877
sub-61,A+P-,O2,theta,0.11815882,0.20077722
sub-61,A+P-,P3,alpha,-0.14433081,0.349194
sub-61,A+P-,P3,beta,-0.0083826585,0.13532087
sub-61,A+P-,P3,delta,0.031738143,0.11557371
sub-61,A+P-,P3,gamma,0.112793095,0.15337159
sub-61,A+P-,P3,theta,-0.16568427,0.2508822
sub-61,A+P-,P4,alpha,-0.023590276,0.30285084
sub-61,A+P-,P4,beta,-0.1301142,0.19659878
sub-61,A+P-,P4,delta,0.07669928,0.118257016
sub-61,A+P-,P4,gamma,0.020101912,0.07455076
sub-61,A+P-,P4,theta,-0.12749396,0.2053867
sub-61,A+P-,Pz,alpha,-0.06490317,0.3199159
sub-61,A+P-,Pz,beta,-0.03539911,0.15776594
sub-61,A+P-,Pz,delta,-0.062754415,0.12066182
sub-61,A+P-,Pz,gamma,0.011174718,0.095113605
sub-61,A+P-,Pz,theta,-0.27097064,0.3013772
sub-62,A+P-,C3,alpha,0.019699011,0.2695281
sub-62,A+P-,C3,beta,0.0802757,0.29971227
sub-62,A+P-,C3,delta,0.18597238,0.22113961
sub-62,A+P-,C3,gamma,-0.16442065,0.23113254
sub-62,A+P-,C3,theta,0.11745806,0.16249532
sub-62,A+P-,C4,alpha,-0.06616074,0.27422512
sub-62,A+P-,C4,beta,-0.06955497,0.2839446
sub-62,A+P-,C4,delta,-0.06805149,0.1983195
sub-62,A+P-,C4,gamma,-0.13721418,0.29452854
sub-62,A+P-,C4,theta,0.030890247,0.17707461
sub-62,A+P-,Cz,alpha,0.1534876,0.34141216
sub-62,A+P-,Cz,beta,0.046494182,0.37350503
sub-62,A+P-,Cz,delta,0.07655708,0.17542075
sub-62,A+P-,Cz,gamma,0.07050923,0.23758183
sub-62,A+P-,Cz,theta,-0.095984176,0.20155719
sub-62,A+P-,F3,alpha,-0.12906641,0.27113444
sub-62,A+P-,F3,beta,0.08984944,0.26302195
sub-62,A+P-,F3,delta,-0.112485185,0.255324
sub-62,A+P-,F3,gamma,-0.048391584,0.19671142
sub-62,A+P-,F3,theta,0.018811857,0.2093977
sub-62,A+P-,F4,alpha,-0.06414073,0.28928632
sub-62,A+P-,F4,beta,0.07660685,0.29820383
sub-62,A+P-,F4,delta,-0.1546389,0.25763625
sub-62,A+P-,F4,gamma,0.0733791,0.27426726
sub-62,A+P-,F4,theta,0.035594057,0.20526063
sub-62,A+P-,F7,alpha,-0.099562004,0.4041586
sub-62,A+P-,F7,beta,-0.4335926,0.49818856
sub-62,A+P-,F7,delta,-0.027402649,0.3308679
sub-62,A+P-,F7,gamma,-0.19970885,0.25858754
sub-62,A+P-,F7,theta,-0.35841328,0.5779099
sub-62,A+P-,F8,alpha,0.09864356,0.2648379
sub-62,A+P-,F8,beta,-0.3601929,0.48988715
sub-62,A+P-,F8,delta,-0.20095797,0.31139725
sub-62,A+P-,F8,gamma,0.06736887,0.35425338
sub-62,A+P-,F8,theta,-0.103800036,0.23694384
sub-62,A+P-,Fp1,alpha,-0.15534595,0.35032815
sub-62,A+P-,Fp1,beta,-0.109118,0.3302189
sub-62,A+P-,Fp1,delta,0.19187231,0.26382983
sub-62,A+P-,Fp1,gamma,-0.17432866,0.25150353
sub-62,A+P-,Fp1,theta,0.058940455,0.21638428
sub-62,A+P-,Fp2,alpha,-0.23574354,0.3759932
sub-62,A+P-,Fp2,beta,0.021981696,0.38501143
sub-62,A+P-,Fp2,delta,0.15931156,0.25732696
sub-62,A+P-,Fp2,gamma,-0.14601839,0.24661635
sub-62,A+P-,Fp2,theta,-0.08689967,0.21680585
sub-62,A+P-,Fz,alpha,-0.06373675,0.32263526
sub-62,A+P-,Fz,beta,0.041480273,0.37720227
sub-62,A+P-,Fz,delta,-0.07513265,0.19817108
sub-62,A+P-,Fz,gamma,-0.034610543,0.27902135
sub-62,A+P-,Fz,theta,0.06802281,0.21712871
sub-62,A+P-,O1,alpha,-0.22213653,0.38937077
sub-62,A+P-,O1,beta,0.021216497,0.35204157
sub-62,A+P-,O1,delta,0.13806751,0.21048194
sub-62,A+P-,O1,gamma,-0.38162982,0.43958953
sub-62,A+P-,O1,theta,0.0500878,0.23432037
sub-62,A+P-,O2,alpha,-0.25632754,0.3956387
sub-62,A+P-,O2,beta,0.01868887,0.39104176
sub-62,A+P-,O2,delta,0.4531258,0.47860545
sub-62,A+P-,O2,gamma,-0.030003553,0.23939547
sub-62,A+P-,O2,theta,0.22858326,0.32450444
sub-62,A+P-,P3,alpha,-0.078704104,0.31891125
sub-62,A+P-,P3,beta,-0.044317693,0.30605245
sub-62,A+P-,P3,delta,-0.0021939743,0.1544257
sub-62,A+P-,P3,gamma,0.11716262,0.24240299
sub-62,A+P-,P3,theta,-0.08422596,0.2565189
sub-62,A+P-,P4,alpha,0.025227433,0.26980364
sub-62,A+P-,P4,beta,-0.49584442,0.60843706
sub-62,A+P-,P4,delta,0.049606204,0.16944277
sub-62,A+P-,P4,gamma,0.14649393,0.2433774
sub-62,A+P-,P4,theta,-0.10991954,0.22718933
sub-62,A+P-,Pz,alpha,-0.03082511,0.2587511
sub-62,A+P-,Pz,beta,0.046401966,0.3275044
sub-62,A+P-,Pz,delta,-0.2020024,0.28747022
sub-62,A+P-,Pz,gamma,-0.0050909193,0.22991201
sub-62,A+P-,Pz,theta,-0.26716077,0.34191138
sub-63,A+P-,C3,alpha,-0.010103194,0.21539721
sub-63,A+P-,C3,beta,0.07113783,0.1989617
sub-63,A+P-,C3,delta,0.24873498,0.34823993
sub-63,A+P-,C3,gamma,-0.19427061,0.30002743
sub-63,A+P-,C3,theta,0.21543872,0.30338016
sub-63,A+P-,C4,alpha,-0.08199078,0.23536524
sub-63,A+P-,C4,beta,-0.13535668,0.24671395
sub-63,A+P-,C4,delta,-0.11652953,0.29584074
sub-63,A+P-,C4,gamma,-0.009423038,0.3756269
sub-63,A+P-,C4,theta,0.18672979,0.35500434
sub-63,A+P-,Cz,alpha,0.14997494,0.32975292
sub-63,A+P-,Cz,beta,0.1484345,0.30700028
sub-63,A+P-,Cz,delta,0.004199427,0.28257397
sub-63,A+P-,Cz,gamma,0.029085902,0.2703147
sub-63,A+P-,Cz,theta,-0.18348841,0.3007763
sub-63,A+P-,F3,alpha,-0.13301942,0.24276072
sub-63,A+P-,F3,beta,0.030849243,0.18369222
sub-63,A+P-,F3,delta,-0.1997293,0.3968306
sub-63,A+P-,F3,gamma,-0.057334844,0.17838171
sub-63,A+P-,F3,theta,0.05778839,0.26102272
sub-63,A+P-,F4,alpha,-0.019212378,0.23410907
sub-63,A+P-,F4,beta,-0.017344639,0.20243627
sub-63,A+P-,F4,delta,-0.17264494,0.3028201
sub-63,A+P-,F4,gamma,-0.006834664,0.19391175
sub-63,A+P-,F4,theta,0.12616208,0.32360813
sub-63,A+P-,F7,alpha,-0.18066391,0.3496209
sub-63,A+P-,F7,beta,-0.4559851,0.4993559
sub-63,A+P-,F7,delta,-0.052420814,0.35329717
sub-63,A+P-,F7,gamma,-0.22149055,0.2764578
sub-63,A+P-,F7,theta,-0.34704933,0.52944505
sub-63,A+P-,F8,alpha,0.03440721,0.21019566
sub-63,A+P-,F8,beta,-0.47766355,0.57333726
sub-63,A+P-,F8,delta,-0.1944309,0.31862384
sub-63,A+P-,F8,gamma,0.043568622,0.32237807
sub-63,A+P-,F8,theta,-0.06619264,0.30620703
sub-63,A+P-,Fp1,alpha,-0.23273171,0.3431854
sub-63,A+P-,Fp1,beta,-0.12461644,0.3341066
sub-63,A+P-,Fp1,delta,0.18690106,0.29151794
sub-63,A+P-,Fp1,gamma,-0.15278347,0.30495474
sub-63,A+P-,Fp1,theta,0.030591378,0.20881021
sub-63,A+P-,Fp2,alpha,-0.27431187,0.36338773
sub-63,A+P-,Fp2,beta,0.045175277,0.32933614
sub-63,A+P-,Fp2,delta,0.117664866,0.25701362
sub-63,A+P-,Fp2,gamma,-0.10241415,0.2738861
sub-63,A+P-,Fp2,theta,-0.2380599,0.32795557
sub-63,A+P-,Fz,alpha,0.0051211114,0.21844088
sub-63,A+P-,Fz,beta,-0.095241085,0.29127216
sub-63,A+P-,Fz,delta,-0.17138402,0.3438166
sub-63,A+P-,Fz,gamma,-0.120193906,0.29664665
sub-63,A+P-,Fz,theta,0.2341245,0.40673974
sub-63,A+P-,O1,alpha,-0.27478614,0.3726131
sub-63,A+P-,O1,beta,-0.08576155,0.27369723
sub-63,A+P-,O1,delta,0.18980905,0.29188105
sub-63,A+P-,O1,gamma,-0.44810104,0.5030912
sub-63,A+P-,O1,theta,0.04818296,0.2667362
sub-63,A+P-,O2,alpha,-0.20517573,0.305965
sub-63,A+P-,O2,beta,-0.04552829,0.3610121
sub-63,A+P-,O2,delta,0.5227246,0.5641136
sub-63,A+P-,O2,gamma,-0.15428163,0.33951342
sub-63,A+P-,O2,theta,0.2675715,0.37782192
sub-63,A+P-,P3,alpha,-0.14182296,0.28232697
sub-63,A+P-,P3,beta,-0.17540386,0.29548308
sub-63,A+P-,P3,delta,0.014642483,0.22019047
sub-63,A+P-,P3,gamma,0.0546444,0.28754964
sub-63,A+P-,P3,theta,0.07020654,0.41171592
sub-63,A+P-,P4,alpha,-0.020463008,0.23275825
sub-63,A+P-,P4,beta,-0.47634795,0.556105
sub-63,A+P-,P4,delta,-0.014180533,0.26722074
sub-63,A+P-,P4,gamma,0.19715326,0.35508612
sub-63,A+P-,P4,theta,-0.054358687,0.3201324
sub-63,A+P-,Pz,alpha,-0.036356427,0.2304483
sub-63,A+P-,Pz,beta,-0.07972498,0.2384325
sub-63,A+P-,Pz,delta,-0.19392928,0.34421402
sub-63,A+P-,Pz,gamma,-0.0657611,0.27470654
sub-63,A+P-,Pz,theta,-0.2470492,0.3457294
sub-64,A+P-,C3,alpha,-0.013429286,0.27001154
sub-64,A+P-,C3,beta,0.08662586,0.20778954
sub-64,A+P-,C3,delta,0.26342452,0.33346376
sub-64,A+P-,C3,gamma,-0.15300016,0.22608766
sub-64,A+P-,C3,theta,0.15460017,0.22245166
sub-64,A+P-,C4,alpha,-0.07629827,0.26928946
sub-64,A+P-,C4,beta,-0.108487524,0.23947465
sub-64,A+P-,C4,delta,-0.09706052,0.28764778
sub-64,A+P-,C4,gamma,-0.08010006,0.29977414
sub-64,A+P-,C4,theta,0.181158,0.34505364
sub-64,A+P-,Cz,alpha,0.12953568,0.3187308
sub-64,A+P-,Cz,beta,0.12312452,0.312831
sub-64,A+P-,Cz,delta,-0.0087214075,0.28349262
sub-64,A+P-,Cz,gamma,0.073321745,0.27868706
sub-64,A+P-,Cz,theta,-0.17747048,0.28975976
sub-64,A+P-,F3,alpha,-0.1318855,0.28858912
sub-64,A+P-,F3,beta,0.038072575,0.1847913
sub-64,A+P-,F3,delta,-0.19134167,0.36850196
sub-64,A+P-,F3,gamma,-0.055169083,0.15383579
sub-64,A+P-,F3,theta,0.072257385,0.2520895
sub-64,A+P-,F4,alpha,-0.092423774,0.29417792
sub-64,A+P-,F4,beta,0.002883169,0.22286248
sub-64,A+P-,F4,delta,-0.16732626,0.288875
sub-64,A+P-,F4,gamma,-0.03002674,0.15841462
sub-64,A+P-,F4,theta,0.093127154,0.29075214
sub-64,A+P-,F7,alpha,-0.20666333,0.3657735
sub-64,A+P-,F7,beta,-0.2867444,0.32834616
sub-64,A+P-,F7,delta,-0.054872844,0.40101957
sub-64,A+P-,F7,gamma,-0.14477903,0.18221508
sub-64,A+P-,F7,theta,-0.3396847,0.54446954
sub-64,A+P-,F8,alpha,0.08957493,0.2922999
sub-64,A+P-,F8,beta,-0.34983015,0.42271098
sub-64,A+P-,F8,delta,-0.17898208,0.30458733
sub-64,A+P-,F8,gamma,-0.057632904,0.16455379
sub-64,A+P-,F8,theta,0.0023963493,0.37611446
sub-64,A+P-,Fp1,alpha,-0.19570452,0.3413841
sub-64,A+P-,Fp1,beta,-0.11552431,0.38671887
sub-64,A+P-,Fp1,delta,0.17053524,0.25277215
sub-64,A+P-,Fp1,gamma,-0.13936126,0.34198758
sub-64,A+P-,Fp1,theta,0.03249375,0.18472219
sub-64,A+P-,Fp2,alpha,-0.3140627,0.42069066
sub-64,A+P-,Fp2,beta,0.06091436,0.34145302
sub-64,A+P-,Fp2,delta,0.12940346,0.25838932
sub-64,A+P-,Fp2,gamma,-0.10780051,0.24093445
sub-64,A+P-,Fp2,theta,-0.17816842,0.2877098
sub-64,A+P-,Fz,alpha,-0.027659202,0.2556324
sub-64,A+P-,Fz,beta,-0.07165519,0.3075507
sub-64,A+P-,Fz,delta,-0.18639603,0.3530477
sub-64,A+P-,Fz,gamma,-0.033006307,0.24529104
sub-64,A+P-,Fz,theta,0.108840734,0.25651163
sub-64,A+P-,O1,alpha,-0.2768326,0.39909115
sub-64,A+P-,O1,beta,-0.06533781,0.28250805
sub-64,A+P-,O1,delta,0.16920069,0.29429713
sub-64,A+P-,O1,gamma,-0.46142536,0.5202223
sub-64,A+P-,O1,theta,0.043460112,0.25476077
sub-64,A+P-,O2,alpha,-0.31534374,0.4281632
sub-64,A+P-,O2,beta,-0.07536528,0.3164613
sub-64,A+P-,O2,delta,0.51021093,0.5488364
sub-64,A+P-,O2,gamma,-0.057030316,0.23596664
sub-64,A+P-,O2,theta,0.22747561,0.30749795
sub-64,A+P-,P3,alpha,-0.15451656,0.3051172
sub-64,A+P-,P3,beta,-0.13635811,0.26489288
sub-64,A+P-,P3,delta,-0.005816189,0.23535389
sub-64,A+P-,P3,gamma,0.078638025,0.26001233
sub-64,A+P-,P3,theta,-0.009131295,0.34870586
sub-64,A+P-,P4,alpha,-0.019543914,0.26684844
sub-64,A+P-,P4,beta,-0.44520476,0.5140021
sub-64,A+P-,P4,delta,-0.020725375,0.27934954
sub-64,A+P-,P4,gamma,0.11973131,0.24997297
sub-64,A+P-,P4,theta,-0.105931096,0.30180463
sub-64,A+P-,Pz,alpha,-0.029728644,0.2800624
sub-64,A+P-,Pz,beta,-0.08526935,0.22626676
sub-64,A+P-,Pz,delta,-0.21635677,0.33309016
sub-64,A+P-,Pz,gamma,-0.01572321,0.21358594
sub-64,A+P-,Pz,theta,-0.26676095,0.35069948
sub-65,A+P-,C3,alpha,-0.027309792,0.27371955
sub-65,A+P-,C3,beta,0.0930135,0.24120413
sub-65,A+P-,C3,delta,0.2478171,0.3009104
sub-65,A+P-,C3,gamma,-0.17361419,0.2764701
sub-65,A+P-,C3,theta,0.099402964,0.15916231
sub-65,A+P-,C4,alpha,-0.10072525,0.2967149
sub-65,A+P-,C4,beta,-0.08491104,0.2519826
sub-65,A+P-,C4,delta,-0.047864225,0.21702842
sub-65,A+P-,C4,gamma,-0.06517591,0.2930542
sub-65,A+P-,C4,theta,0.030883031,0.17729972
sub-65,A+P-,Cz,alpha,0.1448922,0.38140208
sub-65,A+P-,Cz,beta,0.03150303,0.26454934
sub-65,A+P-,Cz,delta,0.009164882,0.19153777
sub-65,A+P-,Cz,gamma,0.089508176,0.26273617
sub-65,A+P-,Cz,theta,-0.10362405,0.1872324
sub-65,A+P-,F3,alpha,-0.12958899,0.2749492
sub-65,A+P-,F3,beta,0.000945072,0.14107762
sub-65,A+P-,F3,delta,-0.3294435,0.44436663
sub-65,A+P-,F3,gamma,-0.038326062,0.13226756
sub-65,A+P-,F3,theta,0.00017854846,0.1342614
sub-65,A+P-,F4,alpha,-0.16834454,0.3876971
sub-65,A+P-,F4,beta,-0.0115999505,0.21954295
sub-65,A+P-,F4,delta,-0.117141426,0.23149848
sub-65,A+P-,F4,gamma,-0.023350596,0.13407332
sub-65,A+P-,F4,theta,0.008684143,0.19185865
sub-65,A+P-,F7,alpha,-0.16099739,0.47132877
sub-65,A+P-,F7,beta,-0.36316463,0.416246
sub-65,A+P-,F7,delta,-0.085937425,0.29629537
sub-65,A+P-,F7,gamma,-0.19139794,0.24665579
sub-65,A+P-,F7,theta,-0.46887836,0.57085574
sub-65,A+P-,F8,alpha,0.056545284,0.3098152
sub-65,A+P-,F8,beta,-0.32588258,0.42231157
sub-65,A+P-,F8,delta,-0.22941764,0.31602162
sub-65,A+P-,F8,gamma,-0.040701687,0.1858781
sub-65,A+P-,F8,theta,-0.13797702,0.25810018
sub-65,A+P-,Fp1,alpha,-0.17472808,0.36153045
sub-65,A+P-,Fp1,beta,-0.118729964,0.3094781
sub-65,A+P-,Fp1,delta,0.1481888,0.23504393
sub-65,A+P-,Fp1,gamma,-0.22532776,0.33514872
sub-65,A+P-,Fp1,theta,0.008096767,0.18637104
sub-65,A+P-,Fp2,alpha,-0.27678227,0.41096386
sub-65,A+P-,Fp2,beta,-0.029406093,0.36621714
sub-65,A+P-,Fp2,delta,0.13931066,0.25202397
sub-65,A+P-,Fp2,gamma,-0.22628096,0.30676377
sub-65,A+P-,Fp2,theta,-0.089137875,0.19487329
sub-65,A+P-,Fz,alpha,-0.15351391,0.33860204
sub-65,A+P-,Fz,beta,-0.055265665,0.2867307
sub-65,A+P-,Fz,delta,-0.14913341,0.26270738
sub-65,A+P-,Fz,gamma,-0.0043533235,0.2610238
sub-65,A+P-,Fz,theta,0.017641807,0.17256606
sub-65,A+P-,O1,alpha,-0.27485448,0.4869609
sub-65,A+P-,O1,beta,-0.08600744,0.2074949
sub-65,A+P-,O1,delta,0.07474424,0.12706387
sub-65,A+P-,O1,gamma,-0.08610004,0.14172347
sub-65,A+P-,O1,theta,0.013869206,0.08094685
sub-65,A+P-,O2,alpha,-0.43362117,0.5447079
sub-65,A+P-,O2,beta,-0.12706843,0.27435774
sub-65,A+P-,O2,delta,0.24406587,0.27325264
sub-65,A+P-,O2,gamma,-0.060580146,0.14059834
sub-65,A+P-,O2,theta,0.06355038,0.10526255
sub-65,A+P-,P3,alpha,-0.1341457,0.35935313
sub-65,A+P-,P3,beta,-0.083821535,0.2704324
sub-65,A+P-,P3,delta,-0.027515996,0.1876016
sub-65,A+P-,P3,gamma,0.13141352,0.22900099
sub-65,A+P-,P3,theta,-0.12813821,0.23502555
sub-65,A+P-,P4,alpha,-0.03812643,0.26440382
sub-65,A+P-,P4,beta,-0.5916231,0.66608655
sub-65,A+P-,P4,delta,-0.031797137,0.2566614
sub-65,A+P-,P4,gamma,0.14338899,0.2641027
sub-65,A+P-,P4,theta,-0.18778066,0.28930724
sub-65,A+P-,Pz,alpha,-0.059557162,0.25025362
sub-65,A+P-,Pz,beta,-0.06644526,0.30581522
sub-65,A+P-,Pz,delta,-0.32827342,0.40299177
sub-65,A+P-,Pz,gamma,-0.0063263136,0.237423
sub-65,A+P-,Pz,theta,-0.3265661,0.3849852
sub-66,A+P-,C3,alpha,-0.023700278,0.22852483
sub-66,A+P-,C3,beta,0.07624865,0.17651609
sub-66,A+P-,C3,delta,0.26334512,0.35265604
sub-66,A+P-,C3,gamma,-0.08056381,0.16216579
sub-66,A+P-,C3,theta,0.15228093,0.21577395
sub-66,A+P-,C4,alpha,-0.08131021,0.229206
sub-66,A+P-,C4,beta,-0.07336491,0.2088308
sub-66,A+P-,C4,delta,-0.049247097,0.28327113
sub-66,A+P-,C4,gamma,-0.039789617,0.2469009
sub-66,A+P-,C4,theta,0.19406131,0.3318341
sub-66,A+P-,Cz,alpha,0.11355538,0.31110245
sub-66,A+P-,Cz,beta,0.12631509,0.3175766
sub-66,A+P-,Cz,delta,-0.023092799,0.2501953
sub-66,A+P-,Cz,gamma,0.15747727,0.32072473
sub-66,A+P-,Cz,theta,-0.16440724,0.27580303
sub-66,A+P-,F3,alpha,-0.107656114,0.28600726
sub-66,A+P-,F3,beta,0.020083522,0.15008293
sub-66,A+P-,F3,delta,-0.22904237,0.37139982
sub-66,A+P-,F3,gamma,-0.028639348,0.14883381
sub-66,A+P-,F3,theta,0.023242101,0.15323879
sub-66,A+P-,F4,alpha,-0.18214798,0.37124714
sub-66,A+P-,F4,beta,-0.031451605,0.15880196
sub-66,A+P-,F4,delta,-0.13164243,0.25714514
sub-66,A+P-,F4,gamma,-0.028651875,0.12834078
sub-66,A+P-,F4,theta,0.012028995,0.18274222
sub-66,A+P-,F7,alpha,-0.1789269,0.34201777
sub-66,A+P-,F7,beta,-0.18088196,0.22096851
sub-66,A+P-,F7,delta,-0.082997665,0.39855334
sub-66,A+P-,F7,gamma,-0.12754554,0.16759439
sub-66,A+P-,F7,theta,-0.35337695,0.44578966
sub-66,A+P-,F8,alpha,0.04401943,0.25586656
sub-66,A+P-,F8,beta,-0.20176499,0.2718015
sub-66,A+P-,F8,delta,-0.19702776,0.32769758
sub-66,A+P-,F8,gamma,-0.040753976,0.115912326
sub-66,A+P-,F8,theta,-0.10475401,0.20460868
sub-66,A+P-,Fp1,alpha,-0.13625441,0.32563695
sub-66,A+P-,Fp1,beta,0.0058511416,0.18104434
sub-66,A+P-,Fp1,delta,0.14516675,0.26484498
sub-66,A+P-,Fp1,gamma,-0.1382618,0.20199393
sub-66,A+P-,Fp1,theta,0.0073140925,0.1431978
sub-66,A+P-,Fp2,alpha,-0.26301822,0.3735641
sub-66,A+P-,Fp2,beta,0.07877995,0.24141413
sub-66,A+P-,Fp2,delta,0.13440064,0.27421486
sub-66,A+P-,Fp2,gamma,-0.07942023,0.14142814
sub-66,A+P-,Fp2,theta,-0.076757565,0.16257511
sub-66,A+P-,Fz,alpha,-0.15824956,0.35204595
sub-66,A+P-,Fz,beta,-0.09209556,0.2404633
sub-66,A+P-,Fz,delta,-0.09786457,0.24209084
sub-66,A+P-,Fz,gamma,-0.014208677,0.24339454
sub-66,A+P-,Fz,theta,0.021124732,0.16597164
sub-66,A+P-,O1,alpha,-0.28447333,0.41057527
sub-66,A+P-,O1,beta,-0.04906295,0.2811581
sub-66,A+P-,O1,delta,0.12517822,0.23517334
sub-66,A+P-,O1,gamma,-0.52147335,0.61371815
sub-66,A+P-,O1,theta,-0.00841241,0.19686037
sub-66,A+P-,O2,alpha,-0.40970972,0.49494433
sub-66,A+P-,O2,beta,-0.10280662,0.25005352
sub-66,A+P-,O2,delta,0.43375388,0.47625974
sub-66,A+P-,O2,gamma,-0.03214329,0.28582636
sub-66,A+P-,O2,theta,0.12235582,0.19292118
sub-66,A+P-,P3,alpha,-0.16355065,0.34852552
sub-66,A+P-,P3,beta,-0.05968627,0.16651738
sub-66,A+P-,P3,delta,-0.0056085815,0.19747746
sub-66,A+P-,P3,gamma,0.11683321,0.2783244
sub-66,A+P-,P3,theta,-0.13842556,0.25699788
sub-66,A+P-,P4,alpha,-0.041519713,0.29066843
sub-66,A+P-,P4,beta,-0.2060509,0.27986878
sub-66,A+P-,P4,delta,-0.02174452,0.23646243
sub-66,A+P-,P4,gamma,0.05332954,0.16117497
sub-66,A+P-,P4,theta,-0.17237777,0.2412235
sub-66,A+P-,Pz,alpha,-0.034800027,0.3063308
sub-66,A+P-,Pz,beta,-0.05100108,0.17701247
sub-66,A+P-,Pz,delta,-0.24343146,0.32115468
sub-66,A+P-,Pz,gamma,0.036465555,0.17461696
sub-66,A+P-,Pz,theta,-0.29126525,0.3327783
sub-67,A+P-,C3,alpha,-0.08448417,0.31088305
sub-67,A+P-,C3,beta,0.09038902,0.20010506
sub-67,A+P-,C3,delta,0.19374919,0.22323301
sub-67,A+P-,C3,gamma,-0.08979437,0.21460919
sub-67,A+P-,C3,theta,0.110967875,0.16502373
sub-67,A+P-,C4,alpha,-0.08750763,0.2974732
sub-67,A+P-,C4,beta,-0.04289136,0.22413796
sub-67,A+P-,C4,delta,-0.019581567,0.18351704
sub-67,A+P-,C4,gamma,-0.06287554,0.19947909
sub-67,A+P-,C4,theta,0.08586177,0.22328366
sub-67,A+P-,Cz,alpha,0.13748243,0.34394082
sub-67,A+P-,Cz,beta,0.03511798,0.30055892
sub-67,A+P-,Cz,delta,0.057637848,0.170214
sub-67,A+P-,Cz,gamma,0.15599708,0.27180946
sub-67,A+P-,Cz,theta,-0.113461934,0.20627928
sub-67,A+P-,F3,alpha,-0.10292434,0.33221298
sub-67,A+P-,F3,beta,0.027492091,0.19241977
sub-67,A+P-,F3,delta,-0.078548886,0.1901416
sub-67,A+P-,F3,gamma,0.0018171514,0.1766296
sub-67,A+P-,F3,theta,0.012435723,0.15361431
sub-67,A+P-,F4,alpha,-0.17497341,0.37264788
sub-67,A+P-,F4,beta,0.010905344,0.2309773
sub-67,A+P-,F4,delta,-0.05524051,0.16804735
sub-67,A+P-,F4,gamma,0.05094372,0.17818552
sub-67,A+P-,F4,theta,0.013044319,0.18841289
sub-67,A+P-,F7,alpha,-0.18429138,0.4615426
sub-67,A+P-,F7,beta,-0.37066925,0.42670357
sub-67,A+P-,F7,delta,-0.023298472,0.2524174
sub-67,A+P-,F7,gamma,-0.22062032,0.28342304
sub-67,A+P-,F7,theta,-0.4028638,0.5621052
sub-67,A+P-,F8,alpha,0.0018688488,0.31590086
sub-67,A+P-,F8,beta,-0.23735686,0.3247755
sub-67,A+P-,F8,delta,-0.12961937,0.23997283
sub-67,A+P-,F8,gamma,-0.029657759,0.1141792
sub-67,A+P-,F8,theta,-0.14400782,0.28831792
sub-67,A+P-,Fp1,alpha,-0.13002862,0.37463474
sub-67,A+P-,Fp1,beta,-0.05715395,0.2630825
sub-67,A+P-,Fp1,delta,0.15449025,0.20644245
sub-67,A+P-,Fp1,gamma,-0.1629765,0.2894107
sub-67,A+P-,Fp1,theta,0.005846675,0.16666251
sub-67,A+P-,Fp2,alpha,-0.2740365,0.43984446
sub-67,A+P-,Fp2,beta,-0.017323796,0.32286584
sub-67,A+P-,Fp2,delta,0.15955472,0.21989077
sub-67,A+P-,Fp2,gamma,-0.120528765,0.19462194
sub-67,A+P-,Fp2,theta,-0.06763427,0.18299888
sub-67,A+P-,Fz,alpha,-0.13896032,0.35352075
sub-67,A+P-,Fz,beta,-0.038105346,0.28139335
sub-67,A+P-,Fz,delta,-0.074091755,0.159006
sub-67,A+P-,Fz,gamma,0.012452413,0.15429188
sub-67,A+P-,Fz,theta,0.020991128,0.15208797
sub-67,A+P-,O1,alpha,-0.22354874,0.4229055
sub-67,A+P-,O1,beta,-0.07058579,0.21858945
sub-67,A+P-,O1,delta,0.1024656,0.19555576
sub-67,A+P-,O1,gamma,-0.2572144,0.33199793
sub-67,A+P-,O1,theta,-0.03494712,0.2487561
sub-67,A+P-,O2,alpha,-0.33149892,0.4546137
sub-67,A+P-,O2,beta,-0.096457675,0.2523731
sub-67,A+P-,O2,delta,0.337468,0.36559272
sub-67,A+P-,O2,gamma,0.021656312,0.2552041
sub-67,A+P-,O2,theta,0.12585524,0.23863809
sub-67,A+P-,P3,alpha,-0.155751,0.3586043
sub-67,A+P-,P3,beta,-0.030047545,0.19286849
sub-67,A+P-,P3,delta,0.037837926,0.123139836
sub-67,A+P-,P3,gamma,0.14041421,0.19318569
sub-67,A+P-,P3,theta,-0.12801148,0.2676363
sub-67,A+P-,P4,alpha,-0.024827145,0.3020789
sub-67,A+P-,P4,beta,-0.3662469,0.43868712
sub-67,A+P-,P4,delta,0.029167844,0.11713299
sub-67,A+P-,P4,gamma,0.031852048,0.10614365
sub-67,A+P-,P4,theta,-0.14049968,0.25594565
sub-67,A+P-,Pz,alpha,-0.06320357,0.32138205
sub-67,A+P-,Pz,beta,-0.035255298,0.23083828
sub-67,A+P-,Pz,delta,-0.073724255,0.14574572
sub-67,A+P-,Pz,gamma,0.023773486,0.1137684
sub-67,A+P-,Pz,theta,-0.26794332,0.30692995
sub-68,A+P-,C3,alpha,-0.04780544,0.28657302
sub-68,A+P-,C3,beta,0.118448876,0.2239049
sub-68,A+P-,C3,delta,0.2339306,0.2632824
sub-68,A+P-,C3,gamma,-0.07024729,0.23014192
sub-68,A+P-,C3,theta,0.0875568,0.12289358
sub-68,A+P-,C4,alpha,-0.086785875,0.27536917
sub-68,A+P-,C4,beta,-0.027536092,0.22446015
sub-68,A+P-,C4,delta,-0.0043430384,0.20498678
sub-68,A+P-,C4,gamma,0.09345969,0.39701825
sub-68,A+P-,C4,theta,0.051261514,0.15561569
sub-68,A+P-,Cz,alpha,0.114297666,0.30734363
sub-68,A+P-,Cz,beta,0.022554463,0.3415703
sub-68,A+P-,Cz,delta,0.04541229,0.18729323
sub-68,A+P-,Cz,gamma,0.18411289,0.32315108
sub-68,A+P-,Cz,theta,-0.08621913,0.16686757
sub-68,A+P-,F3,alpha,-0.078978166,0.32837793
sub-68,A+P-,F3,beta,0.026017765,0.15063722
sub-68,A+P-,F3,delta,-0.1266035,0.2603311
sub-68,A+P-,F3,gamma,-0.0059135603,0.15022996
sub-68,A+P-,F3,theta,0.016947161,0.13985363
sub-68,A+P-,F4,alpha,-0.1515311,0.3556883
sub-68,A+P-,F4,beta,-0.008462265,0.1923432
sub-68,A+P-,F4,delta,-0.077897795,0.19311276
sub-68,A+P-,F4,gamma,0.024907447,0.17088404
sub-68,A+P-,F4,theta,-0.0050304336,0.15868829
sub-68,A+P-,F7,alpha,-0.094725244,0.4302953
sub-68,A+P-,F7,beta,-0.266275,0.33108717
sub-68,A+P-,F7,delta,-0.023422586,0.2748295
sub-68,A+P-,F7,gamma,-0.16779181,0.26714298
sub-68,A+P-,F7,theta,-0.40573615,0.470953
sub-68,A+P-,F8,alpha,0.036760297,0.28326032
sub-68,A+P-,F8,beta,-0.23174459,0.33059675
sub-68,A+P-,F8,delta,-0.16830808,0.27557454
sub-68,A+P-,F8,gamma,0.0372531,0.24953432
sub-68,A+P-,F8,theta,-0.1330819,0.19462131
sub-68,A+P-,Fp1,alpha,-0.10901475,0.3704148
sub-68,A+P-,Fp1,beta,-0.061414503,0.24062823
sub-68,A+P-,Fp1,delta,0.13244571,0.18037371
sub-68,A+P-,Fp1,gamma,-0.18194938,0.2957072
sub-68,A+P-,Fp1,theta,0.0033997982,0.13393435
sub-68,A+P-,Fp2,alpha,-0.22621857,0.41984832
sub-68,A+P-,Fp2,beta,0.0015222615,0.30862615
sub-68,A+P-,Fp2,delta,0.14032549,0.18969439
sub-68,A+P-,Fp2,gamma,-0.24403304,0.33843222
sub-68,A+P-,Fp2,theta,-0.027387973,0.12467388
sub-68,A+P-,Fz,alpha,-0.1313241,0.35104814
sub-68,A+P-,Fz,beta,-0.025853073,0.27813542
sub-68,A+P-,Fz,delta,-0.06331566,0.16142955
sub-68,A+P-,Fz,gamma,0.037771218,0.2283386
sub-68,A+P-,Fz,theta,0.028183414,0.14681225
sub-68,A+P-,O1,alpha,-0.21925943,0.4142819
sub-68,A+P-,O1,beta,-0.04163406,0.28030705
sub-68,A+P-,O1,delta,0.09627793,0.14089705
sub-68,A+P-,O1,gamma,-0.48151934,0.6002844
sub-68,A+P-,O1,theta,-0.010946075,0.15172829
sub-68,A+P-,O2,alpha,-0.3534941,0.46145046
sub-68,A+P-,O2,beta,-0.024864448,0.33162925
sub-68,A+P-,O2,delta,0.3580348,0.38295043
sub-68,A+P-,O2,gamma,-0.015609646,0.3724332
sub-68,A+P-,O2,theta,0.1058109,0.17790021
sub-68,A+P-,P3,alpha,-0.10632909,0.35921064
sub-68,A+P-,P3,beta,-0.01526967,0.14036836
sub-68,A+P-,P3,delta,0.032990936,0.109161854
sub-68,A+P-,P3,gamma,0.17963937,0.26804733
sub-68,A+P-,P3,theta,-0.09655252,0.117524736
sub-68,A+P-,P4,alpha,0.018953918,0.31649262
sub-68,A+P-,P4,beta,-0.16988657,0.25248283
sub-68,A+P-,P4,delta,0.051579505,0.11310214
sub-68,A+P-,P4,gamma,0.085331574,0.18214366
sub-68,A+P-,P4,theta,-0.055081487,0.085327856
sub-68,A+P-,Pz,alpha,-0.022099692,0.3222512
sub-68,A+P-,Pz,beta,-0.040477026,0.1659697
sub-68,A+P-,Pz,delta,-0.14643447,0.20002592
sub-68,A+P-,Pz,gamma,0.034874093,0.14225216
sub-68,A+P-,Pz,theta,-0.17922401,0.19296314
sub-70,A+P-,C3,alpha,-0.015228339,0.24265108
sub-70,A+P-,C3,beta,0.12368728,0.2468506
sub-70,A+P-,C3,delta,0.29310212,0.3462316
sub-70,A+P-,C3,gamma,-0.09709786,0.18691236
sub-70,A+P-,C3,theta,0.22994532,0.3169637
sub-70,A+P-,C4,alpha,-0.06683788,0.26186976
sub-70,A+P-,C4,beta,-0.091853954,0.23732868
sub-70,A+P-,C4,delta,-0.034631524,0.25785664
sub-70,A+P-,C4,gamma,-0.07110153,0.20352627
sub-70,A+P-,C4,theta,0.22907111,0.39080775
sub-70,A+P-,Cz,alpha,0.13188997,0.3273465
sub-70,A+P-,Cz,beta,0.10912671,0.29099333
sub-70,A+P-,Cz,delta,0.0038200277,0.27076998
sub-70,A+P-,Cz,gamma,0.12605724,0.26562852
sub-70,A+P-,Cz,theta,-0.15050365,0.26908836
sub-70,A+P-,F3,alpha,-0.11629234,0.28613898
sub-70,A+P-,F3,beta,0.03261823,0.1802327
sub-70,A+P-,F3,delta,-0.108749084,0.29354823
sub-70,A+P-,F3,gamma,-0.030149978,0.14223713
sub-70,A+P-,F3,theta,0.11230704,0.28807527
sub-70,A+P-,F4,alpha,-0.17547359,0.39386982
sub-70,A+P-,F4,beta,-0.00461091,0.1965376
sub-70,A+P-,F4,delta,-0.10254989,0.23438649
sub-70,A+P-,F4,gamma,0.00076941063,0.12585439
sub-70,A+P-,F4,theta,0.10201545,0.30433986
sub-70,A+P-,F7,alpha,-0.19396128,0.444633
sub-70,A+P-,F7,beta,-0.3719708,0.41298226
sub-70,A+P-,F7,delta,0.032595027,0.33109987
sub-70,A+P-,F7,gamma,-0.2152479,0.26387858
sub-70,A+P-,F7,theta,-0.27187648,0.6103448
sub-70,A+P-,F8,alpha,0.06950208,0.29720253
sub-70,A+P-,F8,beta,-0.29049805,0.38693702
sub-70,A+P-,F8,delta,-0.14584409,0.2782125
sub-70,A+P-,F8,gamma,0.008234302,0.2034294
sub-70,A+P-,F8,theta,-0.061210297,0.31221795
sub-70,A+P-,Fp1,alpha,-0.17259824,0.3419227
sub-70,A+P-,Fp1,beta,-0.0152211245,0.23246847
sub-70,A+P-,Fp1,delta,0.19345222,0.29414207
sub-70,A+P-,Fp1,gamma,-0.14749208,0.22130406
sub-70,A+P-,Fp1,theta,0.04096449,0.2129227
sub-70,A+P-,Fp2,alpha,-0.3086253,0.4310028
sub-70,A+P-,Fp2,beta,0.054468084,0.30978376
sub-70,A+P-,Fp2,delta,0.18465714,0.2809909
sub-70,A+P-,Fp2,gamma,-0.09290807,0.18409738
sub-70,A+P-,Fp2,theta,-0.110505484,0.23630084
sub-70,A+P-,Fz,alpha,-0.10823491,0.3313237
sub-70,A+P-,Fz,beta,-0.06714186,0.25017443
sub-70,A+P-,Fz,delta,-0.08979644,0.24686396
sub-70,A+P-,Fz,gamma,0.024130266,0.18879199
sub-70,A+P-,Fz,theta,0.10477739,0.2704095
sub-70,A+P-,O1,alpha,-0.25122088,0.4485099
sub-70,A+P-,O1,beta,-0.08200658,0.22300616
sub-70,A+P-,O1,delta,0.14690398,0.24835317
sub-70,A+P-,O1,gamma,-0.15731591,0.21082877
sub-70,A+P-,O1,theta,0.0136259515,0.22548136
sub-70,A+P-,O2,alpha,-0.40175825,0.51644737
sub-70,A+P-,O2,beta,-0.11156873,0.23725165
sub-70,A+P-,O2,delta,0.4334574,0.46106112
sub-70,A+P-,O2,gamma,-0.06326443,0.12942219
sub-70,A+P-,O2,theta,0.16889073,0.26122105
sub-70,A+P-,P3,alpha,-0.15430829,0.32905993
sub-70,A+P-,P3,beta,-0.13557863,0.29744148
sub-70,A+P-,P3,delta,0.027082264,0.1995457
sub-70,A+P-,P3,gamma,0.1464372,0.22220075
sub-70,A+P-,P3,theta,0.022119274,0.40167454
sub-70,A+P-,P4,alpha,-0.027242761,0.28725222
sub-70,A+P-,P4,beta,-0.44099686,0.5079969
sub-70,A+P-,P4,delta,0.03858817,0.23426719
sub-70,A+P-,P4,gamma,0.08336741,0.17368098
sub-70,A+P-,P4,theta,-0.12036209,0.3367493
sub-70,A+P-,Pz,alpha,-0.047143023,0.2583731
sub-70,A+P-,Pz,beta,-0.052946944,0.27925602
sub-70,A+P-,Pz,delta,-0.22483894,0.33493626
sub-70,A+P-,Pz,gamma,0.043345597,0.1835247
sub-70,A+P-,Pz,theta,-0.2728108,0.38811105
sub-71,A+P-,C3,alpha,-0.002995161,0.25812423
sub-71,A+P-,C3,beta,0.10692424,0.23765872
sub-71,A+P-,C3,delta,0.19369604,0.22712736
sub-71,A+P-,C3,gamma,-0.13604188,0.3837358
sub-71,A+P-,C3,theta,0.11812831,0.16187784
sub-71,A+P-,C4,alpha,-0.07510222,0.30653927
sub-71,A+P-,C4,beta,-0.06997068,0.22020636
sub-71,A+P-,C4,delta,-0.04263409,0.19818619
sub-71,A+P-,C4,gamma,-0.0038999931,0.3715261
sub-71,A+P-,C4,theta,0.08980886,0.23666243
sub-71,A+P-,Cz,alpha,0.13249618,0.32240534
sub-71,A+P-,Cz,beta,0.05740009,0.34612682
sub-71,A+P-,Cz,delta,0.073032014,0.2002198
sub-71,A+P-,Cz,gamma,0.09612397,0.2493071
sub-71,A+P-,Cz,theta,-0.12318115,0.2261905
sub-71,A+P-,F3,alpha,-0.12792827,0.30403584
sub-71,A+P-,F3,beta,0.061007272,0.22988382
sub-71,A+P-,F3,delta,-0.024158835,0.17875782
sub-71,A+P-,F3,gamma,-0.043350812,0.21735786
sub-71,A+P-,F3,theta,0.017723061,0.22900459
sub-71,A+P-,F4,alpha,-0.08708613,0.3095382
sub-71,A+P-,F4,beta,0.042026546,0.25954846
sub-71,A+P-,F4,delta,-0.085895255,0.20553656
sub-71,A+P-,F4,gamma,0.12964438,0.297148
sub-71,A+P-,F4,theta,0.036283746,0.22787291
sub-71,A+P-,F7,alpha,-0.15178588,0.43377182
sub-71,A+P-,F7,beta,-0.47818092,0.54088724
sub-71,A+P-,F7,delta,-0.00939949,0.24502799
sub-71,A+P-,F7,gamma,-0.33866188,0.4398892
sub-71,A+P-,F7,theta,-0.37261292,0.58438754
sub-71,A+P-,F8,alpha,0.07482202,0.31031376
sub-71,A+P-,F8,beta,-0.43085736,0.5373886
sub-71,A+P-,F8,delta,-0.1300936,0.20938648
sub-71,A+P-,F8,gamma,0.1330614,0.40718934
sub-71,A+P-,F8,theta,-0.15840876,0.2671616
sub-71,A+P-,Fp1,alpha,-0.1662554,0.38125274
sub-71,A+P-,Fp1,beta,-0.11778475,0.31771162
sub-71,A+P-,Fp1,delta,0.17607991,0.22074331
sub-71,A+P-,Fp1,gamma,-0.15960696,0.24778958
sub-71,A+P-,Fp1,theta,0.042881414,0.21877329
sub-71,A+P-,Fp2,alpha,-0.26718545,0.43654335
sub-71,A+P-,Fp2,beta,0.009300486,0.3723511
sub-71,A+P-,Fp2,delta,0.14019682,0.20231736
sub-71,A+P-,Fp2,gamma,-0.10910118,0.22404596
sub-71,A+P-,Fp2,theta,-0.10383963,0.22265722
sub-71,A+P-,Fz,alpha,-0.060595036,0.29138443
sub-71,A+P-,Fz,beta,0.0140495105,0.3442848
sub-71,A+P-,Fz,delta,-0.091639444,0.2287988
sub-71,A+P-,Fz,gamma,-0.025305329,0.2595561
sub-71,A+P-,Fz,theta,0.07036844,0.252128
sub-71,A+P-,O1,alpha,-0.21382113,0.37691978
sub-71,A+P-,O1,beta,-0.02684359,0.29427364
sub-71,A+P-,O1,delta,0.14863692,0.22544202
sub-71,A+P-,O1,gamma,-0.4778208,0.5435273
sub-71,A+P-,O1,theta,0.0027209984,0.26899046
sub-71,A+P-,O2,alpha,-0.2607742,0.38698235
sub-71,A+P-,O2,beta,-0.019080257,0.33751822
sub-71,A+P-,O2,delta,0.48975456,0.5161009
sub-71,A+P-,O2,gamma,-0.059814066,0.30399644
sub-71,A+P-,O2,theta,0.21502818,0.36448327
sub-71,A+P-,P3,alpha,-0.10350482,0.32821354
sub-71,A+P-,P3,beta,-0.062303502,0.21348816
sub-71,A+P-,P3,delta,0.007497993,0.19109145
sub-71,A+P-,P3,gamma,0.13167335,0.2732279
sub-71,A+P-,P3,theta,-0.07067196,0.32107297
sub-71,A+P-,P4,alpha,0.022521075,0.28553337
sub-71,A+P-,P4,beta,-0.33061624,0.41389626
sub-71,A+P-,P4,delta,0.038932692,0.20911594
sub-71,A+P-,P4,gamma,0.13770953,0.24205755
sub-71,A+P-,P4,theta,-0.10169166,0.3174693
sub-71,A+P-,Pz,alpha,-0.056675788,0.30466795
sub-71,A+P-,Pz,beta,-0.0042650527,0.21661235
sub-71,A+P-,Pz,delta,-0.15036441,0.24228926
sub-71,A+P-,Pz,gamma,0.0035974989,0.20204167
sub-71,A+P-,Pz,theta,-0.2834589,0.3488201
sub-72,A+P-,C3,alpha,0.033853725,0.21726431
sub-72,A+P-,C3,beta,0.021017047,0.2965109
sub-72,A+P-,C3,delta,0.16434287,0.23647256
sub-72,A+P-,C3,gamma,-0.1918061,0.25686502
sub-72,A+P-,C3,theta,0.11272127,0.15747444
sub-72,A+P-,C4,alpha,-0.062255524,0.22330952
sub-72,A+P-,C4,beta,-0.08487811,0.2782235
sub-72,A+P-,C4,delta,-0.09452562,0.22301397
sub-72,A+P-,C4,gamma,-0.12730739,0.31462556
sub-72,A+P-,C4,theta,0.04666788,0.18305753
sub-72,A+P-,Cz,alpha,0.0930078,0.25171477
sub-72,A+P-,Cz,beta,0.025007019,0.39864516
sub-72,A+P-,Cz,delta,0.060993593,0.21638335
sub-72,A+P-,Cz,gamma,0.011737718,0.25552538
sub-72,A+P-,Cz,theta,-0.08922844,0.19392888
sub-72,A+P-,F3,alpha,-0.11436686,0.21947345
sub-72,A+P-,F3,beta,0.075400606,0.28074145
sub-72,A+P-,F3,delta,-0.048390612,0.197318
sub-72,A+P-,F3,gamma,-0.055111013,0.23442411
sub-72,A+P-,F3,theta,0.032171447,0.21221936
sub-72,A+P-,F4,alpha,0.023739535,0.19918878
sub-72,A+P-,F4,beta,0.045653272,0.28753877
sub-72,A+P-,F4,delta,-0.118600436,0.21168973
sub-72,A+P-,F4,gamma,0.13125652,0.38525784
sub-72,A+P-,F4,theta,0.068305396,0.22987536
sub-72,A+P-,F7,alpha,-0.10683243,0.33420157
sub-72,A+P-,F7,beta,-0.57262254,0.63933843
sub-72,A+P-,F7,delta,-0.040732026,0.29661295
sub-72,A+P-,F7,gamma,-0.2723007,0.33950248
sub-72,A+P-,F7,theta,-0.33854187,0.5104669
sub-72,A+P-,F8,alpha,0.07928847,0.25207084
sub-72,A+P-,F8,beta,-0.41187572,0.5693487
sub-72,A+P-,F8,delta,-0.1803631,0.28215268
sub-72,A+P-,F8,gamma,-0.06309903,0.23136708
sub-72,A+P-,F8,theta,-0.09113041,0.27261618
sub-72,A+P-,Fp1,alpha,-0.14652881,0.28808236
sub-72,A+P-,Fp1,beta,-0.18573235,0.38170013
sub-72,A+P-,Fp1,delta,0.17657433,0.25033745
sub-72,A+P-,Fp1,gamma,-0.19991657,0.32765663
sub-72,A+P-,Fp1,theta,0.050647993,0.2045487
sub-72,A+P-,Fp2,alpha,-0.17767243,0.30091313
sub-72,A+P-,Fp2,beta,0.05543207,0.3747978
sub-72,A+P-,Fp2,delta,0.10658814,0.22758535
sub-72,A+P-,Fp2,gamma,-0.14600915,0.2868042
sub-72,A+P-,Fp2,theta,-0.14261076,0.24792615
sub-72,A+P-,Fz,alpha,-0.0039315526,0.21093936
sub-72,A+P-,Fz,beta,0.03293442,0.39783403
sub-72,A+P-,Fz,delta,-0.12842126,0.24907084
sub-72,A+P-,Fz,gamma,-0.19981758,0.40461853
sub-72,A+P-,Fz,theta,0.1105308,0.2536376
sub-72,A+P-,O1,alpha,-0.19409244,0.30427688
sub-72,A+P-,O1,beta,0.02440686,0.3639993
sub-72,A+P-,O1,delta,0.15603675,0.23666908
sub-72,A+P-,O1,gamma,-0.45507556,0.5235096
sub-72,A+P-,O1,theta,0.07824193,0.24238305
sub-72,A+P-,O2,alpha,-0.15598364,0.27223334
sub-72,A+P-,O2,beta,0.016685044,0.4014037
sub-72,A+P-,O2,delta,0.49274376,0.53006756
sub-72,A+P-,O2,gamma,-0.09061855,0.3121819
sub-72,A+P-,O2,theta,0.26637608,0.34029827
sub-72,A+P-,P3,alpha,-0.057276703,0.23420744
sub-72,A+P-,P3,beta,-0.09334155,0.3232206
sub-72,A+P-,P3,delta,-0.03477257,0.20479237
sub-72,A+P-,P3,gamma,0.07774342,0.31126636
sub-72,A+P-,P3,theta,-0.030358626,0.26735166
sub-72,A+P-,P4,alpha,0.008950141,0.19383515
sub-72,A+P-,P4,beta,-0.47730547,0.5928159
sub-72,A+P-,P4,delta,0.0039233267,0.22200955
sub-72,A+P-,P4,gamma,0.22408287,0.3589796
sub-72,A+P-,P4,theta,-0.049763583,0.24194525
sub-72,A+P-,Pz,alpha,-0.018047389,0.20932944
sub-72,A+P-,Pz,beta,0.043748096,0.31215382
sub-72,A+P-,Pz,delta,-0.17411835,0.28724527
sub-72,A+P-,Pz,gamma,-0.060656864,0.3075201
sub-72,A+P-,Pz,theta,-0.21621394,0.296798
sub-73,A+P-,C3,alpha,-0.005536788,0.26197925
sub-73,A+P-,C3,beta,0.10320509,0.28063405
sub-73,A+P-,C3,delta,0.19166267,0.24311188
sub-73,A+P-,C3,gamma,-0.17271993,0.23909628
sub-73,A+P-,C3,theta,0.09876057,0.14557819
sub-73,A+P-,C4,alpha,-0.07491391,0.26434192
sub-73,A+P-,C4,beta,-0.06240836,0.2706771
sub-73,A+P-,C4,delta,-0.09964283,0.24556942
sub-73,A+P-,C4,gamma,-0.1105733,0.29771674
sub-73,A+P-,C4,theta,0.03126928,0.16582909
sub-73,A+P-,Cz,alpha,0.124469325,0.32530224
sub-73,A+P-,Cz,beta,0.04234576,0.34948212
sub-73,A+P-,Cz,delta,0.04446468,0.18737502
sub-73,A+P-,Cz,gamma,0.10582582,0.3000742
sub-73,A+P-,Cz,theta,-0.10130662,0.19040847
sub-73,A+P-,F3,alpha,-0.11648421,0.294115
sub-73,A+P-,F3,beta,0.061243523,0.22043663
sub-73,A+P-,F3,delta,-0.14218493,0.28606966
sub-73,A+P-,F3,gamma,-0.04812412,0.16274369
sub-73,A+P-,F3,theta,0.0006798854,0.15628943
sub-73,A+P-,F4,alpha,-0.098412804,0.30738738
sub-73,A+P-,F4,beta,0.034977384,0.27280664
sub-73,A+P-,F4,delta,-0.13059235,0.22853921
sub-73,A+P-,F4,gamma,-0.0012421404,0.19550236
sub-73,A+P-,F4,theta,0.022984998,0.17585361
sub-73,A+P-,F7,alpha,-0.098739415,0.38114908
sub-73,A+P-,F7,beta,-0.4395977,0.49950048
sub-73,A+P-,F7,delta,-0.05713803,0.32865107
sub-73,A+P-,F7,gamma,-0.19945204,0.25794935
sub-73,A+P-,F7,theta,-0.41622943,0.5492475
sub-73,A+P-,F8,alpha,0.08838341,0.28402725
sub-73,A+P-,F8,beta,-0.37442976,0.48904485
sub-73,A+P-,F8,delta,-0.20292577,0.3021058
sub-73,A+P-,F8,gamma,-0.06710584,0.18727104
sub-73,A+P-,F8,theta,-0.12576817,0.27341637
sub-73,A+P-,Fp1,alpha,-0.13284938,0.33322975
sub-73,A+P-,Fp1,beta,-0.1113543,0.3168373
sub-73,A+P-,Fp1,delta,0.1792632,0.2611204
sub-73,A+P-,Fp1,gamma,-0.19088078,0.28214586
sub-73,A+P-,Fp1,theta,0.01944473,0.1722684
sub-73,A+P-,Fp2,alpha,-0.21751119,0.35404268
sub-73,A+P-,Fp2,beta,0.002678395,0.35127595
sub-73,A+P-,Fp2,delta,0.14929523,0.25975806
sub-73,A+P-,Fp2,gamma,-0.15345326,0.23702264
sub-73,A+P-,Fp2,theta,-0.06981223,0.18098135
sub-73,A+P-,Fz,alpha,-0.08918229,0.32051918
sub-73,A+P-,Fz,beta,0.0028853628,0.37036166
sub-73,A+P-,Fz,delta,-0.10512661,0.21979046
sub-73,A+P-,Fz,gamma,-0.039309584,0.28438696
sub-73,A+P-,Fz,theta,0.041998193,0.15436606
sub-73,A+P-,O1,alpha,-0.22960088,0.38951483
sub-73,A+P-,O1,beta,0.006249786,0.35222036
sub-73,A+P-,O1,delta,0.12717667,0.1902059
sub-73,A+P-,O1,gamma,-0.49839187,0.5829166
sub-73,A+P-,O1,theta,0.029730696,0.17721598
sub-73,A+P-,O2,alpha,-0.2743638,0.39308718
sub-73,A+P-,O2,beta,0.022612521,0.4189632
sub-73,A+P-,O2,delta,0.4082242,0.4361585
sub-73,A+P-,O2,gamma,-0.044710997,0.3705428
sub-73,A+P-,O2,theta,0.16660449,0.23404655
sub-73,A+P-,P3,alpha,-0.095287085,0.323845
sub-73,A+P-,P3,beta,-0.05921354,0.28945187
sub-73,A+P-,P3,delta,-0.012627463,0.17243482
sub-73,A+P-,P3,gamma,0.11189145,0.25798094
sub-73,A+P-,P3,theta,-0.09942876,0.2476085
sub-73,A+P-,P4,alpha,0.007287128,0.26540196
sub-73,A+P-,P4,beta,-0.4875579,0.59269273
sub-73,A+P-,P4,delta,0.011427473,0.20600878
sub-73,A+P-,P4,gamma,0.12614425,0.23896807
sub-73,A+P-,P4,theta,-0.11408106,0.23212215
sub-73,A+P-,Pz,alpha,-0.04940083,0.2832265
sub-73,A+P-,Pz,beta,-0.0017709649,0.30963
sub-73,A+P-,Pz,delta,-0.1816205,0.25727355
sub-73,A+P-,Pz,gamma,-0.009570462,0.19462433
sub-73,A+P-,Pz,theta,-0.26862267,0.31737593
sub-74,A+P-,C3,alpha,-0.0024933445,0.22319531
sub-74,A+P-,C3,beta,0.09480054,0.2088866
sub-74,A+P-,C3,delta,0.24859813,0.31344244
sub-74,A+P-,C3,gamma,-0.09350679,0.33495206
sub-74,A+P-,C3,theta,0.10605742,0.15854037
sub-74,A+P-,C4,alpha,-0.07898927,0.23356462
sub-74,A+P-,C4,beta,-0.07743932,0.25402266
sub-74,A+P-,C4,delta,-0.054868583,0.2346936
sub-74,A+P-,C4,gamma,0.13873443,0.52162635
sub-74,A+P-,C4,theta,0.02459008,0.15601787
sub-74,A+P-,Cz,alpha,0.12509012,0.31290182
sub-74,A+P-,Cz,beta,0.120674394,0.29531655
sub-74,A+P-,Cz,delta,-0.011337305,0.24944638
sub-74,A+P-,Cz,gamma,0.06591363,0.25324234
sub-74,A+P-,Cz,theta,-0.12618153,0.21302374
sub-74,A+P-,F3,alpha,-0.10255036,0.27897775
sub-74,A+P-,F3,beta,0.036971983,0.1511145
sub-74,A+P-,F3,delta,-0.17642847,0.32955518
sub-74,A+P-,F3,gamma,-0.029814191,0.1786132
sub-74,A+P-,F3,theta,0.008863733,0.17241058
sub-74,A+P-,F4,alpha,-0.057218343,0.28488502
sub-74,A+P-,F4,beta,-0.023296881,0.17788886
sub-74,A+P-,F4,delta,-0.12494757,0.26332816
sub-74,A+P-,F4,gamma,0.0784347,0.249231
sub-74,A+P-,F4,theta,0.032153383,0.20886435
sub-74,A+P-,F7,alpha,-0.123528324,0.3530969
sub-74,A+P-,F7,beta,-0.2776374,0.34546164
sub-74,A+P-,F7,delta,-0.089051776,0.3446059
sub-74,A+P-,F7,gamma,-0.20549259,0.29375133
sub-74,A+P-,F7,theta,-0.40845433,0.5409508
sub-74,A+P-,F8,alpha,0.06098196,0.24653234
sub-74,A+P-,F8,beta,-0.31184295,0.39346424
sub-74,A+P-,F8,delta,-0.20343159,0.31721798
sub-74,A+P-,F8,gamma,0.048912857,0.2761132
sub-74,A+P-,F8,theta,-0.10778948,0.22748162
sub-74,A+P-,Fp1,alpha,-0.14667697,0.32546908
sub-74,A+P-,Fp1,beta,-0.041263722,0.23856409
sub-74,A+P-,Fp1,delta,0.1717532,0.27260357
sub-74,A+P-,Fp1,gamma,-0.1815813,0.2850853
sub-74,A+P-,Fp1,theta,0.010831094,0.17723969
sub-74,A+P-,Fp2,alpha,-0.20988844,0.34255087
sub-74,A+P-,Fp2,beta,0.088611834,0.25570625
sub-74,A+P-,Fp2,delta,0.11647879,0.26042858
sub-74,A+P-,Fp2,gamma,-0.12467123,0.23183604
sub-74,A+P-,Fp2,theta,-0.122768894,0.21903041
sub-74,A+P-,Fz,alpha,-0.06761966,0.27929085
sub-74,A+P-,Fz,beta,-0.055866215,0.25402492
sub-74,A+P-,Fz,delta,-0.16789807,0.30412978
sub-74,A+P-,Fz,gamma,-0.08748614,0.2967924
sub-74,A+P-,Fz,theta,0.05800675,0.18112642
sub-74,A+P-,O1,alpha,-0.23331985,0.3684215
sub-74,A+P-,O1,beta,0.0037792102,0.32856524
sub-74,A+P-,O1,delta,0.12445834,0.19291782
sub-74,A+P-,O1,gamma,-0.49467552,0.66752774
sub-74,A+P-,O1,theta,0.0288594,0.12686619
sub-74,A+P-,O2,alpha,-0.24979419,0.33255357
sub-74,A+P-,O2,beta,0.004467114,0.3842756
sub-74,A+P-,O2,delta,0.42626926,0.45668796
sub-74,A+P-,O2,gamma,-0.16534957,0.44649956
sub-74,A+P-,O2,theta,0.12643953,0.17069517
sub-74,A+P-,P3,alpha,-0.09449988,0.2865403
sub-74,A+P-,P3,beta,-0.08600443,0.24769802
sub-74,A+P-,P3,delta,-0.02109404,0.19537549
sub-74,A+P-,P3,gamma,0.22094816,0.4305205
sub-74,A+P-,P3,theta,-0.11631995,0.21144946
sub-74,A+P-,P4,alpha,0.01292193,0.26618156
sub-74,A+P-,P4,beta,-0.32560346,0.41964814
sub-74,A+P-,P4,delta,-0.017894026,0.19097169
sub-74,A+P-,P4,gamma,0.34228694,0.48527512
sub-74,A+P-,P4,theta,-0.10596026,0.16718078
sub-74,A+P-,Pz,alpha,-0.011187723,0.27050304
sub-74,A+P-,Pz,beta,-0.02525534,0.2206204
sub-74,A+P-,Pz,delta,-0.22820464,0.31410223
sub-74,A+P-,Pz,gamma,-0.016029472,0.22691055
sub-74,A+P-,Pz,theta,-0.2481825,0.28814194
sub-75,A+P-,C3,alpha,-0.010095543,0.21126877
sub-75,A+P-,C3,beta,0.07694593,0.24309777
sub-75,A+P-,C3,delta,0.22958703,0.33061954
sub-75,A+P-,C3,gamma,-0.18673486,0.2778983
sub-75,A+P-,C3,theta,0.15011202,0.22081898
sub-75,A+P-,C4,alpha,-0.06675367,0.22976582
sub-75,A+P-,C4,beta,-0.10656928,0.25398928
sub-75,A+P-,C4,delta,-0.13246597,0.2963956
sub-75,A+P-,C4,gamma,-0.109143406,0.28191906
sub-75,A+P-,C4,theta,0.13256173,0.29679132
sub-75,A+P-,Cz,alpha,0.1389052,0.3143048
sub-75,A+P-,Cz,beta,0.13558038,0.3515254
sub-75,A+P-,Cz,delta,0.006928612,0.2684103
sub-75,A+P-,Cz,gamma,0.012984749,0.20587018
sub-75,A+P-,Cz,theta,-0.15307294,0.25734994
sub-75,A+P-,F3,alpha,-0.10490715,0.20676516
sub-75,A+P-,F3,beta,0.07310663,0.22499214
sub-75,A+P-,F3,delta,-0.18844512,0.38279173
sub-75,A+P-,F3,gamma,-0.05051495,0.16849756
sub-75,A+P-,F3,theta,0.06085077,0.25937536
sub-75,A+P-,F4,alpha,0.011738179,0.1998426
sub-75,A+P-,F4,beta,0.015960483,0.25928342
sub-75,A+P-,F4,delta,-0.17541578,0.2946026
sub-75,A+P-,F4,gamma,-0.03568199,0.18583569
sub-75,A+P-,F4,theta,0.09777809,0.27890226
sub-75,A+P-,F7,alpha,-0.14944792,0.33223146
sub-75,A+P-,F7,beta,-0.5034971,0.54526854
sub-75,A+P-,F7,delta,-0.020911502,0.3539294
sub-75,A+P-,F7,gamma,-0.23296145,0.2881954
sub-75,A+P-,F7,theta,-0.2787259,0.57310593
sub-75,A+P-,F8,alpha,0.08041297,0.2532242
sub-75,A+P-,F8,beta,-0.37539476,0.46296498
sub-75,A+P-,F8,delta,-0.17772436,0.3126147
sub-75,A+P-,F8,gamma,-0.053584237,0.16359386
sub-75,A+P-,F8,theta,-0.02670225,0.32521534
sub-75,A+P-,Fp1,alpha,-0.18843648,0.30597693
sub-75,A+P-,Fp1,beta,-0.110530235,0.3243711
sub-75,A+P-,Fp1,delta,0.20089473,0.29924196
sub-75,A+P-,Fp1,gamma,-0.14801548,0.24992973
sub-75,A+P-,Fp1,theta,0.035928607,0.20550904
sub-75,A+P-,Fp2,alpha,-0.22368795,0.3125492
sub-75,A+P-,Fp2,beta,0.06649266,0.33300823
sub-75,A+P-,Fp2,delta,0.116853304,0.26704666
sub-75,A+P-,Fp2,gamma,-0.08510701,0.2280503
sub-75,A+P-,Fp2,theta,-0.18799748,0.2730335
sub-75,A+P-,Fz,alpha,0.011381054,0.20716943
sub-75,A+P-,Fz,beta,-0.04227161,0.3592969
sub-75,A+P-,Fz,delta,-0.17711055,0.34042373
sub-75,A+P-,Fz,gamma,-0.06828178,0.23603614
sub-75,A+P-,Fz,theta,0.19260369,0.34372547
sub-75,A+P-,O1,alpha,-0.20772023,0.2920042
sub-75,A+P-,O1,beta,-0.009737152,0.3464447
sub-75,A+P-,O1,delta,0.19048315,0.29326713
sub-75,A+P-,O1,gamma,-0.5422582,0.65103513
sub-75,A+P-,O1,theta,0.08280696,0.22155575
sub-75,A+P-,O2,alpha,-0.17799518,0.2553029
sub-75,A+P-,O2,beta,0.01278565,0.42222401
sub-75,A+P-,O2,delta,0.5339304,0.57095146
sub-75,A+P-,O2,gamma,-0.17368579,0.41297454
sub-75,A+P-,O2,theta,0.2706173,0.34381878
sub-75,A+P-,P3,alpha,-0.111084715,0.25112212
sub-75,A+P-,P3,beta,-0.15073217,0.31364572
sub-75,A+P-,P3,delta,-0.0013146966,0.23089571
sub-75,A+P-,P3,gamma,0.045501996,0.24539079
sub-75,A+P-,P3,theta,0.021231357,0.32645363
sub-75,A+P-,P4,alpha,-0.013544209,0.21592413
sub-75,A+P-,P4,beta,-0.48653805,0.57237476
sub-75,A+P-,P4,delta,-0.024057582,0.2723504
sub-75,A+P-,P4,gamma,0.0918248,0.23160833
sub-75,A+P-,P4,theta,-0.034306053,0.3185774
sub-75,A+P-,Pz,alpha,-0.018015368,0.21027166
sub-75,A+P-,Pz,beta,-0.030866621,0.29750937
sub-75,A+P-,Pz,delta,-0.18108788,0.33175156
sub-75,A+P-,Pz,gamma,-0.03340495,0.20948558
sub-75,A+P-,Pz,theta,-0.22133797,0.33848944
sub-76,A+P-,C3,alpha,-0.0818707,0.27628848
sub-76,A+P-,C3,beta,0.048009258,0.12830931
sub-76,A+P-,C3,delta,0.22371104,0.28814232
sub-76,A+P-,C3,gamma,-0.038849894,0.21738954
sub-76,A+P-,C3,theta,0.1078495,0.15493639
sub-76,A+P-,C4,alpha,-0.111648075,0.28766814
sub-76,A+P-,C4,beta,-0.055311188,0.14755026
sub-76,A+P-,C4,delta,-0.005601719,0.21301502
sub-76,A+P-,C4,gamma,0.051346995,0.26504377
sub-76,A+P-,C4,theta,0.06905287,0.16489689
sub-76,A+P-,Cz,alpha,0.11467957,0.3416916
sub-76,A+P-,Cz,beta,0.013434165,0.1533938
sub-76,A+P-,Cz,delta,-0.012033881,0.21956064
sub-76,A+P-,Cz,gamma,-0.0031533598,0.0991816
sub-76,A+P-,Cz,theta,-0.091203764,0.168317
sub-76,A+P-,F3,alpha,-0.09591705,0.33120853
sub-76,A+P-,F3,beta,0.0026950506,0.1116486
sub-76,A+P-,F3,delta,-0.13704425,0.2528619
sub-76,A+P-,F3,gamma,-0.015677439,0.1270124
sub-76,A+P-,F3,theta,0.029506104,0.15778337
sub-76,A+P-,F4,alpha,-0.23220828,0.40735182
sub-76,A+P-,F4,beta,-0.035533197,0.10086823
sub-76,A+P-,F4,delta,-0.086235754,0.21144281
sub-76,A+P-,F4,gamma,-0.016970027,0.093225256
sub-76,A+P-,F4,theta,-1.5509537e-05,0.16203773
sub-76,A+P-,F7,alpha,-0.1906858,0.44153228
sub-76,A+P-,F7,beta,-0.17279665,0.21601006
sub-76,A+P-,F7,delta,-0.03933213,0.3251669
sub-76,A+P-,F7,gamma,-0.1549469,0.20226447
sub-76,A+P-,F7,theta,-0.37357086,0.45778313
sub-76,A+P-,F8,alpha,0.00075030484,0.25822708
sub-76,A+P-,F8,beta,-0.0869829,0.16644894
sub-76,A+P-,F8,delta,-0.17835435,0.32476047
sub-76,A+P-,F8,gamma,-0.015712304,0.14425698
sub-76,A+P-,F8,theta,-0.10239213,0.20060949
sub-76,A+P-,Fp1,alpha,-0.13367467,0.37401
sub-76,A+P-,Fp1,beta,0.030784497,0.16233443
sub-76,A+P-,Fp1,delta,0.113808386,0.20645504
sub-76,A+P-,Fp1,gamma,-0.15526126,0.2112667
sub-76,A+P-,Fp1,theta,0.008807148,0.16416925
sub-76,A+P-,Fp2,alpha,-0.24630158,0.40670994
sub-76,A+P-,Fp2,beta,0.10542305,0.20042323
sub-76,A+P-,Fp2,delta,0.1423295,0.24385275
sub-76,A+P-,Fp2,gamma,-0.09532339,0.15808094
sub-76,A+P-,Fp2,theta,-0.0534794,0.17131335
sub-76,A+P-,Fz,alpha,-0.2287235,0.38279128
sub-76,A+P-,Fz,beta,-0.055858593,0.13282722
sub-76,A+P-,Fz,delta,-0.068124875,0.1801812
sub-76,A+P-,Fz,gamma,-0.026129445,0.1302314
sub-76,A+P-,Fz,theta,0.003196199,0.11911729
sub-76,A+P-,O1,alpha,-0.300101,0.45360348
sub-76,A+P-,O1,beta,-0.05185384,0.15460274
sub-76,A+P-,O1,delta,0.079750024,0.22183427
sub-76,A+P-,O1,gamma,-0.29610327,0.3722657
sub-76,A+P-,O1,theta,-0.019542865,0.17502466
sub-76,A+P-,O2,alpha,-0.35588303,0.42610964
sub-76,A+P-,O2,beta,-0.088380545,0.2231417
sub-76,A+P-,O2,delta,0.41808298,0.4694117
sub-76,A+P-,O2,gamma,-0.04309299,0.30588627
sub-76,A+P-,O2,theta,0.0870145,0.17727087
sub-76,A+P-,P3,alpha,-0.20633593,0.390401
sub-76,A+P-,P3,beta,-0.012449452,0.06700651
sub-76,A+P-,P3,delta,0.01759878,0.1492226
sub-76,A+P-,P3,gamma,0.05399435,0.09310011
sub-76,A+P-,P3,theta,-0.15389171,0.2600914
sub-76,A+P-,P4,alpha,-0.07105779,0.30752918
sub-76,A+P-,P4,beta,-0.10007674,0.16770725
sub-76,A+P-,P4,delta,0.0047363243,0.16377908
sub-76,A+P-,P4,gamma,0.077050835,0.18197712
sub-76,A+P-,P4,theta,-0.17548828,0.26614857
sub-76,A+P-,Pz,alpha,-0.094192706,0.29564708
sub-76,A+P-,Pz,beta,-0.03738702,0.12088829
sub-76,A+P-,Pz,delta,-0.2810991,0.36040562
sub-76,A+P-,Pz,gamma,0.019347701,0.09619309
sub-76,A+P-,Pz,theta,-0.27672505,0.32128718
sub-77,A+P-,C3,alpha,-0.052375846,0.2823033
sub-77,A+P-,C3,beta,0.084630094,0.19004855
sub-77,A+P-,C3,delta,0.29734933,0.3476439
sub-77,A+P-,C3,gamma,-0.09113314,0.19741616
sub-77,A+P-,C3,theta,0.119403996,0.17181423
sub-77,A+P-,C4,alpha,-0.09056839,0.31038988
sub-77,A+P-,C4,beta,-0.075203605,0.20996338
sub-77,A+P-,C4,delta,-0.006464127,0.20220234
sub-77,A+P-,C4,gamma,-0.038699508,0.25155586
sub-77,A+P-,C4,theta,0.12942488,0.2563726
sub-77,A+P-,Cz,alpha,0.18040165,0.38918427
sub-77,A+P-,Cz,beta,0.063107364,0.2584885
sub-77,A+P-,Cz,delta,0.055809256,0.16669336
sub-77,A+P-,Cz,gamma,0.1802939,0.31369218
sub-77,A+P-,Cz,theta,-0.11890318,0.21495666
sub-77,A+P-,F3,alpha,-0.09297278,0.33725852
sub-77,A+P-,F3,beta,0.033404075,0.19675942
sub-77,A+P-,F3,delta,-0.06020198,0.17558597
sub-77,A+P-,F3,gamma,-0.021026922,0.14020064
sub-77,A+P-,F3,theta,0.03624953,0.19032371
sub-77,A+P-,F4,alpha,-0.17893876,0.38517445
sub-77,A+P-,F4,beta,-0.012689179,0.19079748
sub-77,A+P-,F4,delta,-0.06291716,0.19071434
sub-77,A+P-,F4,gamma,0.006573266,0.1366567
sub-77,A+P-,F4,theta,0.043196492,0.224947
sub-77,A+P-,F7,alpha,-0.17566682,0.4374248
sub-77,A+P-,F7,beta,-0.39454806,0.4487242
sub-77,A+P-,F7,delta,-0.025434176,0.31346866
sub-77,A+P-,F7,gamma,-0.22612694,0.28700668
sub-77,A+P-,F7,theta,-0.40967184,0.5640348
sub-77,A+P-,F8,alpha,0.029613312,0.26429167
sub-77,A+P-,F8,beta,-0.29372972,0.39471284
sub-77,A+P-,F8,delta,-0.18439095,0.30341578
sub-77,A+P-,F8,gamma,0.035537362,0.24800795
sub-77,A+P-,F8,theta,-0.14484774,0.22496308
sub-77,A+P-,Fp1,alpha,-0.1429976,0.35592994
sub-77,A+P-,Fp1,beta,-0.03946655,0.24862085
sub-77,A+P-,Fp1,delta,0.16704535,0.26016134
sub-77,A+P-,Fp1,gamma,-0.17242676,0.27364153
sub-77,A+P-,Fp1,theta,0.01710973,0.17029412
sub-77,A+P-,Fp2,alpha,-0.25173935,0.39342168
sub-77,A+P-,Fp2,beta,0.020178838,0.32102627
sub-77,A+P-,Fp2,delta,0.17619906,0.26752695
sub-77,A+P-,Fp2,gamma,-0.1654748,0.24959643
sub-77,A+P-,Fp2,theta,-0.046946015,0.16501236
sub-77,A+P-,Fz,alpha,-0.18398312,0.38515726
sub-77,A+P-,Fz,beta,-0.055586476,0.23959526
sub-77,A+P-,Fz,delta,-0.059163414,0.15008616
sub-77,A+P-,Fz,gamma,0.029250314,0.20342968
sub-77,A+P-,Fz,theta,0.02556741,0.18885107
sub-77,A+P-,O1,alpha,-0.2554297,0.45776886
sub-77,A+P-,O1,beta,-0.063156895,0.17492914
sub-77,A+P-,O1,delta,0.10749662,0.1823925
sub-77,A+P-,O1,gamma,-0.15706384,0.22091046
sub-77,A+P-,O1,theta,-0.022677666,0.2208937
sub-77,A+P-,O2,alpha,-0.39406252,0.5242562
sub-77,A+P-,O2,beta,-0.09941245,0.23317745
sub-77,A+P-,O2,delta,0.29272768,0.32569715
sub-77,A+P-,O2,gamma,-0.04679846,0.17268158
sub-77,A+P-,O2,theta,0.1322233,0.23568253
sub-77,A+P-,P3,alpha,-0.1656652,0.366353
sub-77,A+P-,P3,beta,-0.026486889,0.14732459
sub-77,A+P-,P3,delta,0.020689534,0.16213995
sub-77,A+P-,P3,gamma,0.16701081,0.23695096
sub-77,A+P-,P3,theta,-0.14459541,0.24522068
sub-77,A+P-,P4,alpha,-0.01264662,0.3132922
sub-77,A+P-,P4,beta,-0.31869495,0.38732758
sub-77,A+P-,P4,delta,0.027235897,0.20561802
sub-77,A+P-,P4,gamma,0.11657802,0.20829907
sub-77,A+P-,P4,theta,-0.16601112,0.2574446
sub-77,A+P-,Pz,alpha,-0.06504086,0.30367863
sub-77,A+P-,Pz,beta,-0.043669626,0.23031814
sub-77,A+P-,Pz,delta,-0.24634802,0.32852244
sub-77,A+P-,Pz,gamma,0.048363704,0.2217593
sub-77,A+P-,Pz,theta,-0.3158273,0.36421573
sub-78,A+P-,C3,alpha,-0.051740527,0.21061385
sub-78,A+P-,C3,beta,0.059912182,0.15514348
sub-78,A+P-,C3,delta,0.16016512,0.19316553
sub-78,A+P-,C3,gamma,-0.008214416,0.046293408
sub-78,A+P-,C3,theta,0.24511845,0.336099
sub-78,A+P-,C4,alpha,-0.07075532,0.23966432
sub-78,A+P-,C4,beta,-0.0567818,0.17018582
sub-78,A+P-,C4,delta,0.047352117,0.12409825
sub-78,A+P-,C4,gamma,-0.009203088,0.04218841
sub-78,A+P-,C4,theta,0.24545148,0.37532425
sub-78,A+P-,Cz,alpha,0.095310576,0.26977545
sub-78,A+P-,Cz,beta,0.05760811,0.25717154
sub-78,A+P-,Cz,delta,0.08605643,0.12708785
sub-78,A+P-,Cz,gamma,-0.004536067,0.06605854
sub-78,A+P-,Cz,theta,-0.09618354,0.27533546
sub-78,A+P-,F3,alpha,-0.07327913,0.2632609
sub-78,A+P-,F3,beta,0.008341066,0.13334656
sub-78,A+P-,F3,delta,0.024883106,0.10637146
sub-78,A+P-,F3,gamma,-0.00069694413,0.02989079
sub-78,A+P-,F3,theta,0.17857409,0.32328343
sub-78,A+P-,F4,alpha,-0.15119235,0.3477132
sub-78,A+P-,F4,beta,-0.008815962,0.1527629
sub-78,A+P-,F4,delta,0.025257975,0.086995974
sub-78,A+P-,F4,gamma,0.0027163464,0.04144017
sub-78,A+P-,F4,theta,0.098679975,0.30839235
sub-78,A+P-,F7,alpha,-0.20965919,0.38412604
sub-78,A+P-,F7,beta,-0.2574705,0.29554594
sub-78,A+P-,F7,delta,0.056125663,0.19198757
sub-78,A+P-,F7,gamma,-0.021103278,0.040514804
sub-78,A+P-,F7,theta,-0.034889534,0.6018693
sub-78,A+P-,F8,alpha,-0.037450187,0.26723158
sub-78,A+P-,F8,beta,-0.15888326,0.24414831
sub-78,A+P-,F8,delta,-0.02896156,0.14527795
sub-78,A+P-,F8,gamma,-0.015733326,0.043829046
sub-78,A+P-,F8,theta,0.092633635,0.37576705
sub-78,A+P-,Fp1,alpha,-0.15747365,0.30505726
sub-78,A+P-,Fp1,beta,-0.005620553,0.19791876
sub-78,A+P-,Fp1,delta,0.11835226,0.14248729
sub-78,A+P-,Fp1,gamma,-0.06286823,0.09848139
sub-78,A+P-,Fp1,theta,0.09340743,0.23781484
sub-78,A+P-,Fp2,alpha,-0.2839742,0.39741203
sub-78,A+P-,Fp2,beta,0.0075723594,0.2628163
sub-78,A+P-,Fp2,delta,0.11681859,0.14400695
sub-78,A+P-,Fp2,gamma,-0.062233813,0.10940098
sub-78,A+P-,Fp2,theta,-0.020391598,0.23993269
sub-78,A+P-,Fz,alpha,-0.08841569,0.25403923
sub-78,A+P-,Fz,beta,-0.046543896,0.17017157
sub-78,A+P-,Fz,delta,0.0048297825,0.101351626
sub-78,A+P-,Fz,gamma,-0.020197043,0.05743806
sub-78,A+P-,Fz,theta,0.190669,0.3568514
sub-78,A+P-,O1,alpha,-0.18278036,0.36345613
sub-78,A+P-,O1,beta,-0.043095294,0.14349824
sub-78,A+P-,O1,delta,0.10840263,0.15882605
sub-78,A+P-,O1,gamma,-3.7603804e-06,0.03829415
sub-78,A+P-,O1,theta,-0.00035615137,0.26800877
sub-78,A+P-,O2,alpha,-0.28910702,0.39703873
sub-78,A+P-,O2,beta,-0.07756022,0.16804676
sub-78,A+P-,O2,delta,0.21351238,0.2407811
sub-78,A+P-,O2,gamma,-0.0153538985,0.04204255
sub-78,A+P-,O2,theta,0.11496727,0.29339194
sub-78,A+P-,P3,alpha,-0.17238094,0.2954994
sub-78,A+P-,P3,beta,-0.025576228,0.115858644
sub-78,A+P-,P3,delta,0.07109604,0.11262573
sub-78,A+P-,P3,gamma,0.011204982,0.031751197
sub-78,A+P-,P3,theta,0.15349153,0.48913762
sub-78,A+P-,P4,alpha,-0.08543315,0.23292828
sub-78,A+P-,P4,beta,-0.16151275,0.22478606
sub-78,A+P-,P4,delta,0.077587835,0.11218126
sub-78,A+P-,P4,gamma,-0.004843469,0.022218928
sub-78,A+P-,P4,theta,0.10292761,0.42899355
sub-78,A+P-,Pz,alpha,-0.06947528,0.25672874
sub-78,A+P-,Pz,beta,-0.03145739,0.15120569
sub-78,A+P-,Pz,delta,-0.005790375,0.11994378
sub-78,A+P-,Pz,gamma,-0.0037340194,0.048689354
sub-78,A+P-,Pz,theta,-0.097237356,0.38239986
sub-79,A+P-,C3,alpha,-0.02169695,0.1498078
sub-79,A+P-,C3,beta,0.048330266,0.28936407
sub-79,A+P-,C3,delta,0.13646181,0.17520852
sub-79,A+P-,C3,gamma,-0.13256307,0.45293182
sub-79,A+P-,C3,theta,0.06487774,0.10140961
sub-79,A+P-,C4,alpha,-0.06444428,0.2444069
sub-79,A+P-,C4,beta,-0.09988995,0.24885188
sub-79,A+P-,C4,delta,-0.06264974,0.23163424
sub-79,A+P-,C4,gamma,0.011971813,0.4148995
sub-79,A+P-,C4,theta,0.114593156,0.27410972
sub-79,A+P-,Cz,alpha,0.14616519,0.3340767
sub-79,A+P-,Cz,beta,0.12138707,0.3365954
sub-79,A+P-,Cz,delta,0.06943182,0.22372077
sub-79,A+P-,Cz,gamma,0.05806455,0.24723022
sub-79,A+P-,Cz,theta,-0.13913485,0.25019208
sub-79,A+P-,F3,alpha,-0.101172425,0.19043043
sub-79,A+P-,F3,beta,0.078076795,0.25170356
sub-79,A+P-,F3,delta,-0.03455511,0.21667175
sub-79,A+P-,F3,gamma,0.0023608909,0.34263688
sub-79,A+P-,F3,theta,-0.009689683,0.205164
sub-79,A+P-,F4,alpha,0.024346836,0.22551589
sub-79,A+P-,F4,beta,0.01897816,0.24528427
sub-79,A+P-,F4,delta,-0.114493005,0.25224984
sub-79,A+P-,F4,gamma,0.1257691,0.31751648
sub-79,A+P-,F4,theta,0.07076896,0.27521393
sub-79,A+P-,F7,alpha,-0.18424237,0.2902825
sub-79,A+P-,F7,beta,-0.5913446,0.6863284
sub-79,A+P-,F7,delta,-0.046563353,0.19646719
sub-79,A+P-,F7,gamma,-0.2271311,0.6558785
sub-79,A+P-,F7,theta,-0.36235768,0.42362037
sub-79,A+P-,F8,alpha,0.08913588,0.2637548
sub-79,A+P-,F8,beta,-0.4655398,0.5713141
sub-79,A+P-,F8,delta,-0.14052056,0.24349466
sub-79,A+P-,F8,gamma,0.14292772,0.41177824
sub-79,A+P-,F8,theta,-0.11242271,0.2959201
sub-79,A+P-,Fp1,alpha,-0.19003056,0.32844839
sub-79,A+P-,Fp1,beta,-0.14210194,0.34632376
sub-79,A+P-,Fp1,delta,0.22456571,0.29252142
sub-79,A+P-,Fp1,gamma,-0.18161678,0.30983827
sub-79,A+P-,Fp1,theta,0.036767982,0.22163126
sub-79,A+P-,Fp2,alpha,-0.17474091,0.300597
sub-79,A+P-,Fp2,beta,0.051212747,0.2897905
sub-79,A+P-,Fp2,delta,0.15027961,0.2657872
sub-79,A+P-,Fp2,gamma,-0.10098714,0.23258293
sub-79,A+P-,Fp2,theta,-0.1694283,0.26098606
sub-79,A+P-,Fz,alpha,-0.011176646,0.23476131
sub-79,A+P-,Fz,beta,0.005616101,0.313223
sub-79,A+P-,Fz,delta,-0.105493896,0.28365132
sub-79,A+P-,Fz,gamma,-0.07850593,0.24854976
sub-79,A+P-,Fz,theta,0.09547127,0.28925553
sub-79,A+P-,O1,alpha,-0.23806295,0.34352636
sub-79,A+P-,O1,beta,-0.04774097,0.27256414
sub-79,A+P-,O1,delta,0.18969773,0.28063178
sub-79,A+P-,O1,gamma,-0.40969667,0.46587518
sub-79,A+P-,O1,theta,0.040444847,0.26204628
sub-79,A+P-,O2,alpha,-0.17200817,0.28496924
sub-79,A+P-,O2,beta,-0.030531814,0.28924882
sub-79,A+P-,O2,delta,0.5925366,0.62445074
sub-79,A+P-,O2,gamma,-0.080710545,0.2466345
sub-79,A+P-,O2,theta,0.26448935,0.4002026
sub-79,A+P-,P3,alpha,-0.069425784,0.27057004
sub-79,A+P-,P3,beta,-0.09593854,0.26657286
sub-79,A+P-,P3,delta,0.014603051,0.20385924
sub-79,A+P-,P3,gamma,0.12198729,0.34283167
sub-79,A+P-,P3,theta,-0.0072220704,0.3349056
sub-79,A+P-,P4,alpha,0.022921106,0.24386033
sub-79,A+P-,P4,beta,-0.35371017,0.44011992
sub-79,A+P-,P4,delta,-0.0058129616,0.24080795
sub-79,A+P-,P4,gamma,0.110761136,0.24249518
sub-79,A+P-,P4,theta,-0.015662339,0.36140752
sub-79,A+P-,Pz,alpha,-0.04500611,0.24377099
sub-79,A+P-,Pz,beta,-0.012858968,0.21515076
sub-79,A+P-,Pz,delta,-0.19307223,0.33063027
sub-79,A+P-,Pz,gamma,-0.029698724,0.20843312
sub-79,A+P-,Pz,theta,-0.23215991,0.33884805
sub-80,A+P-,C3,alpha,-0.004126075,0.19430067
sub-80,A+P-,C3,beta,0.043989837,0.292648
sub-80,A+P-,C3,delta,0.20365527,0.28940716
sub-80,A+P-,C3,gamma,-0.2160013,0.2977996
sub-80,A+P-,C3,theta,0.1364128,0.19886355
sub-80,A+P-,C4,alpha,-0.07013511,0.20759487
sub-80,A+P-,C4,beta,-0.12594365,0.2848426
sub-80,A+P-,C4,delta,-0.13088642,0.2745927
sub-80,A+P-,C4,gamma,-0.10843581,0.3311451
sub-80,A+P-,C4,theta,0.0962095,0.2565035
sub-80,A+P-,Cz,alpha,0.09398184,0.2719941
sub-80,A+P-,Cz,beta,0.07844117,0.3853056
sub-80,A+P-,Cz,delta,0.024184406,0.2371324
sub-80,A+P-,Cz,gamma,-0.013018916,0.24045946
sub-80,A+P-,Cz,theta,-0.122958094,0.22973847
sub-80,A+P-,F3,alpha,-0.10235616,0.19989188
sub-80,A+P-,F3,beta,0.070899464,0.25817147
sub-80,A+P-,F3,delta,-0.16367894,0.32748282
sub-80,A+P-,F3,gamma,-0.052784614,0.19297656
sub-80,A+P-,F3,theta,0.035554726,0.23276909
sub-80,A+P-,F4,alpha,0.019589059,0.18598256
sub-80,A+P-,F4,beta,0.0065739923,0.25837868
sub-80,A+P-,F4,delta,-0.18111338,0.29110354
sub-80,A+P-,F4,gamma,-0.02395915,0.22223997
sub-80,A+P-,F4,theta,0.08743189,0.27247825
sub-80,A+P-,F7,alpha,-0.1322232,0.32067162
sub-80,A+P-,F7,beta,-0.5232598,0.5717117
sub-80,A+P-,F7,delta,-0.05929414,0.3309028
sub-80,A+P-,F7,gamma,-0.22311069,0.27316293
sub-80,A+P-,F7,theta,-0.295172,0.5933108
sub-80,A+P-,F8,alpha,0.03739661,0.19880232
sub-80,A+P-,F8,beta,-0.43823394,0.544831
sub-80,A+P-,F8,delta,-0.21208733,0.33288944
sub-80,A+P-,F8,gamma,-0.058256324,0.22341117
sub-80,A+P-,F8,theta,-0.051343333,0.2863721
sub-80,A+P-,Fp1,alpha,-0.17337514,0.2865187
sub-80,A+P-,Fp1,beta,-0.19154416,0.38387433
sub-80,A+P-,Fp1,delta,0.17721884,0.27155542
sub-80,A+P-,Fp1,gamma,-0.17944793,0.32420236
sub-80,A+P-,Fp1,theta,0.030134307,0.20623247
sub-80,A+P-,Fp2,alpha,-0.20107509,0.2988486
sub-80,A+P-,Fp2,beta,0.03527973,0.37441987
sub-80,A+P-,Fp2,delta,0.10148186,0.24570212
sub-80,A+P-,Fp2,gamma,-0.11796077,0.28193092
sub-80,A+P-,Fp2,theta,-0.1928232,0.28352845
sub-80,A+P-,Fz,alpha,-0.014689076,0.20444673
sub-80,A+P-,Fz,beta,-0.03398922,0.38799092
sub-80,A+P-,Fz,delta,-0.1882179,0.3265335
sub-80,A+P-,Fz,gamma,-0.14886536,0.31011304
sub-80,A+P-,Fz,theta,0.14463891,0.28543335
sub-80,A+P-,O1,alpha,-0.20169589,0.296296
sub-80,A+P-,O1,beta,-0.01945595,0.36445597
sub-80,A+P-,O1,delta,0.16691847,0.26112345
sub-80,A+P-,O1,gamma,-0.46011293,0.5225111
sub-80,A+P-,O1,theta,0.072526515,0.2243798
sub-80,A+P-,O2,alpha,-0.2010494,0.28744966
sub-80,A+P-,O2,beta,-0.036670405,0.38318723
sub-80,A+P-,O2,delta,0.47863582,0.52229613
sub-80,A+P-,O2,gamma,-0.10371087,0.27175054
sub-80,A+P-,O2,theta,0.24625543,0.3298067
sub-80,A+P-,P3,alpha,-0.10179331,0.21559401
sub-80,A+P-,P3,beta,-0.15332465,0.35219443
sub-80,A+P-,P3,delta,-0.018970497,0.22198685
sub-80,A+P-,P3,gamma,0.048476964,0.27891898
sub-80,A+P-,P3,theta,-0.010879532,0.29828334
sub-80,A+P-,P4,alpha,-0.025224973,0.17529732
sub-80,A+P-,P4,beta,-0.5296085,0.61888176
sub-80,A+P-,P4,delta,-0.028732138,0.27013096
sub-80,A+P-,P4,gamma,0.12391353,0.28061083
sub-80,A+P-,P4,theta,-0.029664427,0.2679742
sub-80,A+P-,Pz,alpha,-0.03059604,0.19032179
sub-80,A+P-,Pz,beta,-0.038693935,0.30695692
sub-80,A+P-,Pz,delta,-0.2044995,0.33276743
sub-80,A+P-,Pz,gamma,-0.09535248,0.27873442
sub-80,A+P-,Pz,theta,-0.22634159,0.3416947
